production_companies_id,production_companies_name
44165,R.P.A. Cinematografica
24012,Indomitable Entertainment
55381,DaZu Film
71551,Field of Vision
88161,Cinerama Releasing Corporation
22099,Daniel Ostroff Productions
10921,Sumitomo Corporation
18078,Fantastic Films
23698,Hedayat Film
32853,Gkids
6873,vision one pictures
39456,Greenway Productions
45665,Dune Vision
15132,Dudez Productions
68152,Kamisha Corporation
77962,MyGroup Lebanon
21756,Fries Entertainment
33842,Hit Woman Productions Inc.
11611,Mediapool
68915,Suburban Tempe Company
13085,Altar Productions
21085,"Ministry of Film, The"
12051,VMP
2468,Domino Film
14538,Mulberry Square Productions
1533,Indigo Film
21645,WonderWorks
51180,Panaria Film
10896,Exponential Films
76810,China International Entertainment Limited
54950,Pastel
1167,Phalanx Productions
63745,Produccions A Modiño
62343,Crimes of the Heart S.A
11832,Blue Cinema
1382,PolyGram Filmed Entertainment
75675,Consejo Nacional de la Cultura y las Artes
21466,Simar Films
19479,KOH
43934,"In-Gear Film Production Co., Ltd."
38573,Barbara Moorse Workshop
19991,Mypheduh Films
6838,Stellar Mega Films
65503,Agrupación de Cine 001 AIE
20091,RAI Radiotelevisione Italiana
4495,REF Productions
7966,Outland Productions
23871,parma films
72704,Silverapples Media
48591,Joseph Bernhard Productions Inc.
20409,Les Editions Albert René
38418,Mely Productions
73823,Polsat (współpraca produkcyjna)
20056,Jerry Thorpe Productions
3516,Mighty Cheese Productions
4233,Lightning Pictures
21404,ZDF
44548,St. Petersburg Documentary Film Studio
85047,Zhejiang Huace Film & TV
40432,Eton
61703,Documentary & Experimental Film Center
3933,Giraffe Productions
30591,Xanthus Pictures
24511,The Way We Roll Productions
62133,Producciones Benito Perojo S.A.
1669,Les Productions Belles Rives
12005,Yucaipa Films
25023,Sofinergie 2
79962,Papaya Films
6530,Lifetime Television
42186,Zora Investments Associates
8403,Bandito Brothers
4732,Red Envelope Entertainment
21290,Fawcett-Majors Productions
18939,Hat Trick Productions
59651,Sonset Friday Entertainment
39125,Lopert Pictures Corporation
63104,Blue Forest Media
25561,Green Valley Entertainment
89488,Huayi Tencent Entertainment Company
560,Film Colony
39050,WW & S Productions Inc.
49934,Kazak Productions
69844,Chinagraph
27501,Imperial Fish Company
4417,Children of the Corn Productions
17377,ATM Grupa S.A.
29063,Piraya Film A/S
92066,Elis Cinematografica
2337,Cinecidi
6761,Yerba Buena Productions Inc.
8833,Anvil Films
4316,Avalon Television Ltd
13580,Sydney Box Productions
46903,East-West Film Partners
23938,Burke/Samples/Foster Productions
8302,Fleischer Studios
2919,Cass Films
2848,Hoyts Film Partnership
44142,International Cinemedia Center
21461,Cinema Two
51691,Serious Dan
18928,Front Row Productions
14405,MJJ Productions
54860,Argonaut Pictures
262,Independent Film Distributors
2870,Identity Films
19076,Films du Cyclope
1815,El Mar Pictures
9030,Next Station Productions
39291,Consolidated Productions
3848,Chimichanga Productions
78696,Dull Boy Pictures
33267,ECM Records
14097,Clemente Lococo
2650,Ealing Studios
2396,Finnish Film Foundation
90465,Pangea Productions
58399,Pantelion Films
8813,Videocraft International
90400,Mrs. Brisby Ltd.
38555,Cinema 7
23140,Movie Masters
30702,Multicom entertainment
982,Road Movies Dritte Produktionen
4037,Magic Head Film Production
23406,Heimatfilm
16956,Green Lions
16290,Arte Mecánica
1685,Hofflund/Polone
16418,"Instituto do Cinema, Audiovisual e Multimédia (ICAM)"
2310,Screen West Midlands
12265,Bristol Films
47933,Aryasaa Cine Productions
38507,Stun Creative
34314,SUMS* Film and Media
55239,Transatlantic Films
182,JVC Entertainment
10784,Cerito Films
1548,Franz Seitz Filmproduktion
75140,U-Production
31470,RGB Media
7866,Productores Exhibidores Films Sociedad Anónima (PEFSA)
9258,Prerna Films
68548,Dunulf Productions
54731,Délia Film
73783,Cocinex
23027,Tudor Productions
40243,Angry Mob
13996,Morgana Films
89164,Pikachu Project 2001
41651,Ralf Westhoff Filmproduktion
19600,Sunchaser Entertainment
37429,Cinex Films
10219,Goat Man's Hill
38672,Vega Film Productions
23478,Captain Movies
24077,Pendle View (WM) Limited
25475,Searock Films
22788,Vega Film GmbH
5902,RKO
89144,Marquis
93041,Chaconna Films
19799,Artes Productions
23094,The Cropsy Venture
6548,Paramount Home Entertainment
4364,Watermark
14104,First Films
14464,Sri Venkateswara Creations
22223,Studio Légende
10012,Nadie es Perfecto
65399,Esencia Films
2655,Internationale Filmproduktion Richter
10772,Camellia Entertainment
386,Paris Films Productions
75403,Saxonia Entertainment
17444,Luminant Media
56499,Itsy Bitsy Film
52305,Oracle Film Group
40578,Georges Reinhart Productions
3054,Golden Way Films Ltd.
10202,Columbia TriStar Home Entertainment
78304,Dorothea G. Petrie Productions
2088,NALA Films
2053,Grosvenor Park Media Ltd.
23260,Aurel Films
8385,Hokkaido Shinbun Press
10272,Starhaus Filmproduktion
78240,Giai Phong Film Studio
7418,KOF Film Productions
8172,Atlantic Productions
27127,M & R Films
877,Casey Silver Productions
19159,Vito Films
40425,Ocelot Films Inc.
49393,Cinesthesia Productions
56820,American National Films
8822,Green Light Media
25992,ABC News
3398,FNM Films
87879,lake city productions
73686,Antibes Inc.
1582,Titan Productions
4395,Monogram Pictures
2592,Albatros Produktion
74682,"Kinokompaniya ""Tsar"""
78706,Storm Films (koprodukcja)
72132,Big Mouth Productions
16616,Willis Kent Productions
20039,Screen Entertainment Co.
61624,Big Stan Productions
47723,Breakout
10005,Balthazar Productions
15702,Broadway Theatre Archive
74901,Taxi Films
11408,Ministerio de Cultura
65217,Zee Music Company
38024,Entertainment Factory
22031,Televisión Abierta
14151,Group Film Productions Limited
23886,Villani Rockhill Productions
73872,G.T. Film Production
1191,Haxan Entertainment
62198,Sonar Entertainment (II)
3530,Triangle Staff
2198,Pupkin Film
3809,Gibraltar Productions
23501,Fine Productions
14494,Perseus Productions
31375,Evergreen Media Group
3012,Pathé Distribution
17219,S.F.P.C.
85049,SpotFilms
113,AB Svenska Ord
15100,Quest
56271,Iz Sobraniya Gosteleradio
78496,Tigerlily Films
70449,Première Heure
23118,Leader Cinematografica
12364,Deutsche Film (DEFA)
52949,Coconut Pete Productions
29099,Stage 6 Films
810,Persistent Entertainment
22194,Fladen Filmrights
78037,Love Finds You Productions
1899,Radio Teléfis Éireann
6785,Heliopolis
28013,Film Unlimited
10128,Think Studio
1979,Cinevox Filmproduktion GmbH
59566,Skyhook Productions
52896,Choke Film
11924,Casa Kafka Pictures
83384,Paprika Production
44227,IN Entertainment
48699,Lockheed Martin Corporation
40980,HBO NYC Productions
5901,Atlantik Film
22110,First Foot Films
42786,Hypotenuse Films
66650,D'Antoni/Weitz Productions
88138,Bright Eye Pictures
22050,Shadow Lane
29491,Harrington Talents
18970,Avalon Productions
2363,Cold Spring Pictures
10740,Producers Representative Organization
7505,Marvel Entertainment
2993,Bright-Persky Associates
85573,Agosto la Película
95801,Let it Snow Productions
495,EDI
19234,Crystalcreek Ltd.
18866,Red Line Films
78489,movistar+
6857,Steam Motion & Sound
68026,Studio Filmowe Oko
19097,Junction Entertainment
20041,Theatrofilm
68624,KSM
11248,Programme MEDIA de la Communauté Européenne
22606,Pacific Films
13746,GBM Productions
2486,Iéna Productions
16610,Distant Dreams Filmproduktion
79171,RGV Film Factory
76923,Avventurosa
23820,Visto International Inc.
86625,Sateenkaarifilmi Oy
7575,Palladium
27357,Flat Black Films
71171,The Shuman Company
92137,Dead Fiancée Productions
14111,Furie Productions
2541,d.i.e.film
13339,Platforma Filma
73674,Jed Buell Productions
14403,Connaught Productions
45955,David Paradine Productions
38367,Brigadier Pictures
14197,British National Films
7580,Kanbar Entertainment
42243,"Zespol Filmowy ""Kamera"""
22512,Arlington Road Productions Corporation
18339,E-K-Corporation
80996,WRA Productions
28955,Roser Film
208,Bac Films
27196,Ciné B
68053,Nisarga
80711,3ality Digital Entertainment
48430,Monoo
23163,Omnibus-Biography Productions
19729,Zion Meyers Productions
23587,Screenland Pictures
69903,Colour Yellow Pictures
78370,La Canica Films
25927,FTG Media
16414,The Cannon Group
80604,Green Door Pictures
14734,Oren Peli / Brian Witten Pictures
32877,Shoestring Pictures
3639,Whamaphram Productions
12176,Little Gaddesden Productions
93815,Hummel & Nimbus AS
31183,BBC Two
81138,Studiopolis
6161,Victor Solnicki Productions
87875,Music On!
2419,Katzka-Berne Productions
7013,Hunnia Filmstúdió
80927,HC Films
61623,Chicago Entertainment Partners
19020,Ecole Nationale Supérieure des Arts Décoratifs
83452,Jaffe / Braunstein Entertainment
65585,Marcel/Robertson Productions Limited
29133,Bremedia Produktion
10602,Pacific Productions
3855,New Upstairs Productions
73634,Silver Screen
2117,D.R.M. Productions
58331,Franklin/Waterman Productions
6348,Be-Wild
22224,Epica Ltd.
1001,Solaris Film
55284,Tantan Films
8943,Graal
27404,Supinfocom Arles
22321,Transmar Films
78476,REDLABdigital
12095,Save Ferris Entertainment
79438,Ossane
8102,Working Title Television
73695,Kinos Seqtsia
12365,Brownstone Productions
34846,Tee Rob Pictures
19960,Great Wight Productions/ Osford Films
1876,RM Films International
84751,Endemol Shine Studios
750,Ellepi Films
19643,"Sommers Company, The"
2090,Motion Picture Corporation of America
2235,Desertlands Entertainment
37299,Excalibur Pictures
45138,Cagney-Montgomery Productions
8981,Conquering Lion Pictures
1768,Europa Films
84374,"EagleVision, Inc."
19264,Conseil Général de l'Aveyron
85739,Foundation Montecinema Verità
63095,Studio Rock
80485,Lone Wolf
26281,Ardustry Entertainment
3036,Walt Disney Studios Motion Pictures
54634,Mosaic
59359,ZDF / 3sat
1842,Sahara One Motion Pictures
8425,Marvin Schwartz Productions
89362,The Grade Company
2778,City Lights Pictures
15176,Robert M. Weitman Productions
8153,The
83441,Fuzzy Bunny Productions
56343,Ace Film Company
71072,X-Ray Films
7643,France Télévision Images 2
52011,The Wild Party Production Company
15184,Overdose Joint
76002,General Pictures
63751,Sidéral Productions
53696,The Where's Poppa Company
84232,Neutrinos Productions
39617,Royal
7261,Back Allie Productions
4111,The Harold Lloyd Corporation
23808,Price Entertainment
9058,Alcina
1316,Monterey Productions
53260,Dandelion Entertainment Ventures
21881,Abduction Films
12784,Orient Express
10926,Pacifica Film
28230,DeMille Pictures Corporation
62876,Ciné Lyre
57340,Ardent Productions
90406,Inxpo Onnico Oy
12251,Stephen Bowen Productions
7630,MFG-Film
7863,Mundial Film
17091,BB Films
24176,"Furia de Titanes II, A.I.E."
16612,Stopline Films
93496,Credit Lyonnais
86422,Fiore Group
94650,Way Out Company
20475,GH One
47044,Feijão Filmes
12968,Baumgarten-Prophet Entertainment
27456,Faros Film
41606,Backrow Studios
22105,LightTower Entertainment
8922,Turner Entertainment
1596,Shooting Gallery
13582,Tisch/Avnet Productions Inc.
11198,Few
8420,Veterans
80880,InCA Productions
83524,Cinéventure
3225,Every Guy Productions
94985,Bulut Film
93190,Cineluz - Produções Cinematográficas Lda.
2706,Galliano Iuso per Digital Film
5433,Cine Pantera
87783,Eden Roc Productions
70358,Films A. Legrand
89818,Wildgaze
28514,Dunav Film
69028,Clear Lake Entertainment
8531,Versátil Cinema
1512,John Wells Productions
17196,Carlton Films
3132,Vlaams Audiovisueel fonds
15283,Coolmore Productions
55318,Thousand Miles Entertainment
18387,Alba Produzioni
11337,Motel Movies
1828,Allfin A.G.
19026,Corfo
26811,Delfilm
4748,Oscilloscope Laboratories
57780,eOne Entertainment
13898,RVML Animation
21927,Strange Matter Films
43636,Dionysio Cinematografica
17926,Rainfall Films
36549,Gold-Gems Ltd.
1678,Fox Family Channel
55019,Fir and Cedar
64451,Pee Wee Pictures
32178,Aurora
7751,Marimark
50813,Hernández y Fernández Producciones Cinematográficas
71496,Future Films
84483,Scotts Atlantic
9303,Shintoho Film Distribution Committee
85451,Blackbox Film
80522,Jock Gaynor Productions
5891,Cecchi Gori Group
16750,Paisley Park Films
7247,Bavaria Filmverleih- und Produktions GmbH
8266,Pampas Produktion
51188,Rob Heydon Productions
22141,Film Investment Piedmont (FIP)
72149,ITN Films
11918,Animationsfabrik
1438,Quadra Entertainment
31527,Sat 1
26197,Skyscraper Films
77171,AGI Entertainment
13773,Alberta Filmworks
6921,Memento Films Distribution
21972,Media Programme of the European Community
11747,Prime Universe Productions
76935,Château-Rouge Production
18087,Michael Myerberg
60265,Blackmrkt Incorporated
52986,Alamdary
11581,Misher Films
77864,Robin Films
6780,Televisión Española TVE
2380,Palomar Pictures
93110,Indeed films
93012,Production Inc
48106,World Wide Pictures (WWP)
1,Lucasfilm
30576,Ima Films
1620,Nuyorican Productions
10481,Jolly Film
8632,Screen Tasmania
48490,Chadwick Pictures Corporation
5521,CP Medien AG
93221,Produções Cinematográficas Meta
76266,Oriental DreamWorks
24157,SLS Video Productions
93603,RV Camping Productions Ltd.
8890,Wessler Entertainment
42621,SF Film Finland Oy
4206,Baa-Ram-Ewe
73883,Superbe Films
121,Y3 Film
6347,Asahi Hoso
29223,Ministero per i Beni e le Attività Culturali (MiBAC)
5688,Xi'an Qujian Film &  TV Investment Group Company
51254,Not a Number
3897,"Keli Herd Film Company, Inc"
2535,Bananeira Filmes
71238,Mercury Pictures
11580,Cross Country
20664,Anton Capital Entertainment (ACE)
45792,Lomax Productions
22178,M.D.G. Productions
38925,CBS Fox Video
3816,Wadleigh-Maurice
21043,Media Entertainment GmbH
24093,Lab4 Productions
2784,Rubicon Film AS
32182,That's Nice Films
1757,Mad Chance
61617,Cinépol
3082,Kino video
29269,Orgon Films
89203,Cinema Revival
60286,Cinema 21 Group
53077,Wonderspun
94967,Yeşilçam Film
12008,Misha Films
73928,Relic Pictures
71170,The Cantillon Company
3468,Hal Wallis Productions
4743,Mascot Pictures
40769,Sanford/Pillsbury Productions
21583,Jam Productions
11136,Trinity Pictures
3768,Off Hollywood Pictures
81074,Sohail Khan Productionz
24783,Temple Street Productions
5892,Buena Vista International
74880,Lithuanian Film Studios
36676,Interscope
39281,EchoLight Studios
68038,Film Media S.A.
3086,Image Entertainment
93933,SoulPsychoKiller
24338,Brookdale Productions
55540,Objektív Film
8480,Luiz Augusto Mendes Produções Cinematográficas
48456,Triangle British Films
74065,Dugong Films
3998,Nora NL Productions
4216,Alliance Productions
85509,Master Movies
69825,New Chapter Productions
53458,Lakeshore International
10568,Pennebaker Productions
11594,Passion Pictures
53490,La Trini
15455,Armian pictures
48402,Producciones Insurgentes
1853,Les Films Action
13467,TBB
49325,Parkes+MacDonald Image Nation
95346,Glasgow Film Office
80785,Shivalaya Entertainment
11619,Belgische Radio en Televisie (BRT)
6304,Robert Wise Productions
45728,Cliffhanger Productions
93471,Inkfilm
8299,Krasnoff Foster Productions
27351,Matten Productions
14639,OG Project
22562,Raven West Films Ltd.
21906,Dawliz
2881,100 Feet Productions
72518,The Foul King 2000
20182,CarpeDiem Film & TV
14016,Ministero per i Beni e le Attività Culturali (MiBAC)
37510,Hawaii Film Partners
18027,Azimuth
1107,Seven Pictures
66848,Filmové studio Barrandov
6182,Eesti Televisioon
5442,Pragmatic Pictures Ltd.
79367,La Casa de Production
24948,Mirofilm
19773,씨너스엔터테인먼트(주)
6220,Mattel
6100,Achte Babelsberg Film
23271,SOIXAN7E QUIN5E
23375,Coattails Entertainment
30795,Star Ritz Productions Co Ltd
7617,Open Sky Entertainment
1714,Les Films Concordia
41465,Mei Ah Films Production Co. Ltd.
14102,Union Film Company
90950,Time Magnetics
58658,Autochenille Production
30966,Stimuleringsfonds Nederlandse Culturele Omroepproducties
8120,Triomphe Communications
10948,La Pacte
20455,Film Consortium
3365,TYO Productions
2517,Avenging Conscience
69110,Tank Caterpillar
21760,Filmtown Entertainment Group
888,Overseas FilmGroup
51181,Delphinus
52597,RTL Television
69352,West Bay One
9011,Toloda
2236,Maguire Entertainment
58264,All Knight Productions
500,Goldcrest Films International
12177,Film Agency for Wales
12612,Camp Films
21208,Boomer Lives! Productions
2736,Premise Media Corporation
46135,Ink Connection
7736,Underworld Produktions GmbH
26680,Reprise Films
7392,Twentieth Century Fox
2829,Angel Devil Productions
44884,Glacier Films
18125,Play House Release
81735,"Fun Group, The"
13149,Magic Hour Entertainment
19850,Sunrise Films
21194,Moonfire Studio
21541,Northstar International
89807,Wong Jing's Workshop Ltd.
48613,Waterfront Pictures
11130,Royal Oaks Entertainment Inc.
60250,WhiteFlame Productions
68373,Underdogg Entertainment
44803,Imagica Corp.
67285,New Sparta Films
12821,Broadbank Investments
65270,Kellgate Limited
23568,Flywheel & Shyster
76628,Nina Paley
31079,Giasone
21751,StarGate Entertainment
75289,Filmalpha
25919,Ovation Entertainment
20490,New People Film Company
2267,First Choice Films
36148,Daydream Productions
8322,Peter Perry Productions
85535,"Darwin Collective, The"
2197,BNN TV
15979,Les Productions La Fête Inc.
6782,Moviola Film och Television AB
85740,The Centre du Cinema et de l'Audiovisuel de la Communauté Française de Belgique
19766,Coral Productions
1506,Filmation Associates
56023,Poetiche Cinematografiche
95102,VisionQuest Productions
17777,Centaur Pictures Inc.
22876,Suretone Pictures
1688,Moho Films
19424,Thompson-Paul Productions
17018,Casa de Filme 5
1705,Krabat Filmproduktion
3129,Anthony Buckley Films
26704,Remember Dreaming Productions
1838,Firm Films
34081,Flynn Picture Company
6137,Ruddy Morgan Productions
5330,Bruin Grip Services
5630,Non-Stop Productions
73687,Acme Films Ltd.
16123,J.K. Films
73471,Crown-Hausman
63813,Rosemont Productions International
13469,White Hat
17380,EBF Productions
2374,Thats Hollywood
11466,Akil Production Company
19957,Script Associés
22299,Triple Ajaxxx
87892,Leftwood Films
48269,Company Name
14317,Republic Pictures (I)
6202,# Lexyn Productions
81063,Polish State Film Studio
843,Werner Herzog Filmproduktion
46441,Luka Productions
29924,Fresh Film
5073,WoWow
19834,Inside Track Films
2148,Flagship International
11804,Easy There Tiger Productions
12073,Dillywood
56782,Svoboda&Williams
76809,JP Entertainment
2699,Caviar Films
85502,Bad Kids
13304,Gouvernement Canadien
28361,BSM Studio
5331,Good Dog Productions LLC
17997,Turkey Films
48320,M-Line Distribution
5860,Anchor Bay Films
8492,Radiotelevisão Portuguesa (RTP)
75507,Peter Hutton
52012,Coproducción Canadá-USA
79272,Sommerhaus Filmproduktionen
1523,Ciné Valse
90738,Paramount Pictures (Canada)
1269,Momentum Films
6070,Regner Grasten
19719,Saints LA
52515,Remote
15297,Gordon Films
3973,"JCE Entertainment Ltd,"
16197,Heartland Motion Pictures
85921,Total Recall
3466,Movic
20790,ToonBox Entertainment
6246,Medusa Film
4658,Ace Deuce Entertainment
33666,William F. Storke & Robert E. Fuisz
34994,Julijette
25951,Film002
6403,Specialty Films
3486,DreamWorks Home Entertainment
81974,Dulciné Films
75632,Opus Film (koprodukcja)
16860,Hernany Perla Films
16465,Severed Productions
8152,Doha Film Institute
10761,Danjaq
15125,Capital Equipment Leasing
90512,Don Bluth Productions
1042,Cinecittà
54088,Nordsjøfilm
2876,Sandstorm Films
10146,Focus Features
77,Milestone Productions
9044,V. Creations
23488,Kanzeon
1996,Novo RPI
36059,Spectrum Media Entertainment
3220,Benton Film Productions
78751,安乐（北京）电影发行有限公司
72597,Limp Films
21410,S.O.A.F. Productions
57263,September Gurls Productions
5948,ABC Family
30241,AtomFilms
84007,Ralph Smart Productions
22060,D & B Films Co. Ltd.
10739,Productions Thalie
76045,Korchula Productions
46690,Cinema Entertainment Enterprises Ltd.
12460,EA International
4411,MMC Independent
7437,IM Global
2951,Les Films du Kiosque
3867,N Chandra Global Infotainment Ltd
53044,Company of Wolves
72731,Film Polska Production
1079,Xstream Pictures
33511,Yorkshire Television (YTV)
34320,Film Clinic
24885,Avalon Pictures
41649,Melbarken
10231,Farrell/Minoff
53413,80 Days Productions
29812,Telescene Film Group Productions
5115,Channel Z Films
47223,Clockwerk Creature Company
60137,Cady-Film
28273,Village Roadshow Pictures Worldwide
9169,Hemisphere Media Capital
10220,Crimson Productions
92467,Nordisk Film Production Sverige AB
37334,Jack and Rose Productions
15722,FilmBuff
10977,Picturebox
21532,Motion Picture House
54659,Athos Films
9118,Samuel Goldwyn Films
1859,Ritm
16736,Sequoin Films
52149,Illuminary Pictures
40666,PixL Entertainment
30257,Hollywood Partners
56365,Thomas Carter Company
63349,Bitter Films
93197,Parabólica Brasil
80327,The Entertainment Network
16439,Made in Copenhagen
68074,Shirley Clarke Productions
67186,Quarante 12 Films
76494,Hiller Productions
44896,Wind Chill Productions
20458,Elkins Productions International Corporation
55330,Canafox Films
80075,Trick Candle Productions
89158,TRZ Comunicacion
80745,"WOWOW Entertainment,Inc."
12398,Chic Films
27317,Medienproduktion Poseidon Filmgesellschaft
72809,Sunny Super Sound
13229,Breath
54940,Algonquin Productions Limited
23896,Brighton Pictures
39850,Proyectil
80761,Manitou Productions Ltd.
21280,Black Gold Films (II)
45663,Arches Films
19267,Conseil Régional du Calvados
2978,Crusader Entertainment
43860,Sol'oeil Films
29273,Skerry Productions
6447,Ragewar Productions
3386,ISL Film
78121,Vereinigte Star-Film GmbH
12713,Monachia Film
38506,Private Island Trax
73253,Phoenix Rising Motion Pictures
91531,YMC Productions
23441,Les Productions du Ch'timi
19804,Angel Film
22261,ADCB Films
88332,IMTM Films
359,Figment Films
72688,Chicago Overcoat Productions
13170,Cinetotal
59593,AMBI Group
10680,Inex Film
38204,Rysher / Citadel Entertainment
84138,Centro Cinematografico del Ministero della Marina
1249,Les Films du Lendemain
4349,Amrion
5021,Chanford
11856,Mohana Movies
23337,Torchlight Productions
978,Across the River Productions
9365,Egmont Film
73568,K&S Films
27206,FCCE
10029,Candescent Films
1075,Europa Corp
12786,Ital-Victoria Films
7992,DHE Corporation
6822,Jaffe / Braunstein Enterprise
20008,CMW Films
79924,Ketchum Labs
73079,Versus Pictures
78935,Cofinova 12
1616,Process Productions
21595,HUMAL Productions
6725,Zap-O-Matik
55525,ADPProductions
48038,Attaboy Films
66483,Foreverland Productions
32793,CST Telecommunications
22937,Press Pop
12208,Tandem Productions (II)
31893,DreamWorks Studios
2551,Telmar Film International
17466,Warner Bros. Entertainment GmbH
7427,Blacklake Productions
49167,Capricorn
20148,Torii Production
11932,Centre du Cinéma et de l'Audiovisuel de la Communauté Française de Belgique
95585,Zealcorp Productions Limited
7271,United Pictures
20711,Doperfilme
35441,Japan Association of Music Enterprises (JAME)
2083,Maximage GmbH
69059,BBDO
23105,Lone Star Film Group
14521,Vitri Films
77963,FFA Private Bank
72861,Dalia Films
2640,Odeon Film
59280,SQ Film Laboratories
89773,Sonar Advanced Music
11476,Jean-Louis Nounez
46315,Wizart Animation
15781,E-Wolf
63063,Cinephase
6288,Meteor Film Productions
9980,Fondo para la Producción Cinematográfica de Calidad (FOPROCINE)
37488,Mira Filmes
31058,Wit Studio
21470,Topkick Productions
2938,Abbas Kiarostami Productions
91689,KriArj Entertainment
22457,Alan C. Margolin - Joel M. Reed Productions
2714,Asgaard Entertainment
3419,Централ Партнершип
19098,Green Hills Productions
86556,Olhar Imaginário
35610,Grizly Films
75818,Radiate Films
13949,River Road Productions
38303,Cine Cut Films Inc.
79859,Verizon Communications
3715,Hungarian Film Institute
84790,Dubai Entertainment and Media Organization
52284,Chydzik Media Group
1656,Pangaea
94936,Kinugasa Productions
18444,Huh huh -Filmi Oy
83545,Cinestación
34341,The Film House
21873,Western Edge Pictures
8717,Chrysalis Films
19434,Greta Film AB
32662,Central Newsreel and Documentary Film Studio
21179,Kinoslovo
4517,Locomotion Films
22549,Mercator Pictures
60891,Dark Arts Film
72697,Melody Maker Productions & MMP Audio
47685,Stuart Miller Productions
8685,Eficine 226
39250,House & Moorhouse Films
55783,Ether Films
11863,Guiding Star Productions
12344,Flanders Audiovisual Fund (VAF)
8880,Winkler Films
37658,Philip A. Waxman Productions Inc.
88030,Harbin
51470,Basic Pictures
21716,Sweetland Films
8808,McElroy & McElroy
280,Cinémaginaire Inc.
7857,Old Street Films
27719,Kahoku Shimposha
28490,Una Cinecooperativa
4698,Cinema West Productions
14268,Cofinova 9
2512,Harbour Pictures
24140,Alternative Investments of Michigan
24923,Bekmambetov Projects Ltd.
77657,Official Pictures
48648,Buffalo Picture House
87243,Giallo Production
22550,Natural Selection
81137,Friendly Films Productions
25926,Media World Studios
15321,Oakshire Productions
3389,TV2
18230,Filmgate Films
686,Tiger Aspect Productions
3995,Stephanie Germain Productions
11011,Fonds Eurimages du Conseil de l'Europe
12317,Team Ninja
6679,Marvista Entertainment
3552,Gerald Kargl
517,Allied Artists
77227,Action 27
44611,Sonnis
24901,IndustryWorks Pictures
50164,Fabrique d'images
62423,First Movie Companie
12068,Shotgun Pictures
55015,Pointe Studios
372,Groucho II Film Partnership
5679,The Universal Film Mfg. Co.
11976,Polonia Brothers Entertainment
40477,Nuts and Lloyd Films
3958,Front Street Pictures
22109,59 Films
18665,Project 8 Films
43714,"Columbia Pictures Corporation, Rastar Pictures"
15296,Galaworldfilm Productions
11939,Cofimage 18
47750,Chapman Filmed Entertainment
1698,Gérard Mital Productions
57294,Mandarin Cinéma
89951,Principal Productions Inc.
52217,Mannatee Films
75491,Sideshow Alley
67471,Concorde Media
17615,Bliss
10302,Alleycat Studios
21634,24 Seven Productions
75450,Ministère Tunisien de la Culture
25582,High Delft Pictures
40541,Over Under Media
13206,Lumiq Studios
11475,Argui-Film
3680,Ariztical Entertainment
6394,Geiselgasteig Film
18726,The Eternal Film Company
34530,Perfect Storm Entertainment
42591,Firsttake Entertainment
30131,Southpaw Entertainment
3356,State Street Pictures
21609,Tony-Seven Films
7982,Japan Film Fund
23434,Big Bug Pictures
32245,ASIG Productions
7035,Lions Gate Entertainments
90199,Stacey Reiss Productions
22276,Sicilia Cinematografica
6445,Raccord Produções
23684,Kodiak Films
90145,Palla
40841,Concreto Films
6051,Tokyo Broadcasting System
13745,Sonney Amusement Enterprises Inc.
10280,Arc Productions
14106,Essanjay Films
34312,Stink Films
56374,Baltmedia
472,Soprofilms
1241,Five Star Production
18855,VIP Productions Ltd.
22546,Magnet Media Group
94817,Kugatsusha
27833,Nine/8 Entertainment
788,Bel Air Entertainment
28523,Lionsgate Television
7034,Rita Productions
12542,Toki wo Kakeru Shôjo Seisaku Iinkai 2006
3611,LA Dark Streets
11284,Ajym Films
39515,Vlaams Audiovisueel Fonds
67043,NoLITa Cinema
5077,Amalgamated Productions
60285,Koch Company
16267,Utópica
56239,Modern Love
23126,Starling Films
5144,Sirocco Post
2561,Cargo Films
62735,Gobierno de Cantabria
863,Mantarraya Producciones
3835,Odyssey Motion Pictures
29119,Devon/Persky-Bright
82001,Reconsider
2091,Hochschule für Fernsehen und Film München
89536,RWE Productions
20399,Velvet Morning
40490,George A. Romero Productions
84212,Mary Murphy & Company
30514,Cofimage 11
62367,Kaltenbach Pictures
35139,Integral Films
14178,Studio 1 Productions
85537,Inge Ivarsson Filmproduction
11411,Guerrilla Films
12789,BAS Film Productions Inc.
11387,Les Artistes Anonymes
19584,Planet Filmplays
1413,Transmonde Film
29364,Pax Enterprises
12180,Warp Films
65661,Consejería de Cultura de la Junta de Andalucía
3307,Ex Nihilo
72812,FortWinter Films
7579,Redwire Pictures
8249,Beijing Liangzi Group
6500,Bonneville Entertainment
53733,Rhulen Entertainment
11538,AM Associates
3589,Kouf/Bigelow Productions
46226,Praxis Films
6504,Maple Island Films
14280,A-Pix Entertainment
3911,Primal Pictures
54281,A-Line Pictures
6690,Sandrew Metronome Distribution
1182,Telecinco
13548,Thier Productions
4065,Wild Street Pictures
93189,Kamera Filmes
3141,Cineplex
40871,British Army Film Unit
39057,TheManipulators
4734,MHA
71702,Making Movies
185,Pandora Cinema
71981,Stefi Films
41426,Objective 49
11959,Merlina Entertainment
8238,Regal Entertainment
72870,Grupo Novo de Cinema e TV
71447,Güney Film
31138,Coin Film
5593,Gordon-Reynolds Productions
52429,Lasky Productions
8680,Ukbar Filmes
4566,Cinema VII
28926,Valiant
3187,.406 Production
4089,Blow Up Pictures
8851,Shawn Danielle Productions Ltd.
13246,Gendai Eigasha
1295,Charles Band Productions
30116,City Entertainment
50965,Link Digital
95143,Ion de Sosa Filmproduktion
46224,Medienfonds GFP
86463,Factor 30 Films
12190,Buster Keaton Productions
27354,Mindwalk
36375,Childhood Productions
90595,Video Flims
18757,Mondo Media
2893,Palpable Productions
23689,Village-A.M. Partnership
2981,QI Quality International GmbH Co. KG
6597,Miracin Korea Film Company
478,Cady
47350,Neyrac Films
10976,Loteria Films
13690,Scott-Brown Productions
66592,Sarah Radclyffe Productions Limited
57629,The Australian Film Finance Corporation
13031,Anit Film
34447,Furry Vengeance Productions
44485,JRS Productions
7470,Esperanto Filmoj
10259,Look Now
862,The Kennedy/Marshall Company
5437,Mischief Maker Studios
6906,LMN Productions
3377,Fluff and Fold LLC
72733,Marmalade Films
75247,Footprint Entertainment
343,Konami Corporation Ltd.
9348,Las Cruces-Arrow
2180,Outerbanks Entertainment
55584,Drunken Angel Entertainment
5731,LBS Communications
1089,Witt/Thomas Productions
23775,Elephant Studio
82798,SUN FILM
12340,Ma.Ja.De Filmproduktion
35846,No Trace Camping
22199,Trees Pictures
1284,Hisa-Film
62556,Remarkable Films
24101,Den Pictures Inc.
14799,Filmes International
27551,Michael De Luca Productions
17337,Basara Pictures
6351,Xanadu
2850,Imagine Television
13471,Sweet180
29098,Breaking Ball Films
31125,Antena 3 Televisión
5388,Sony Pictures Home Entertainment
57237,Playhouse 90
32505,Third World Cinema
8119,Flynn-Daines
75880,Exciting Films
69659,Harmonica Films
30601,Archer's Mark
1693,Nina Saxon Film Design
53013,Rational Packaging Company
34280,44th Floor Productions
2649,New Real Films
3166,Walt Disney Productions
5966,Shin Cine Communications
35484,Flimmer Film
32584,Rhein Main
74828,Reisenbauer Film
25626,Moonrise
72920,Bam Film
11830,Bedford Productions Ltd.
19672,Kosakowski Films
86459,Marfa Peach Company
76811,Astoria Films Distribution Ltd.
35,Lions Gate Films
36686,Habbekrats
27123,Cinémage 8
37361,Aggregate Films
36684,FLF Films
485,Vinyl Films
261,Samuel Goldwyn
63419,Silverscreen Alta
8582,Canadian Film or Video Production Tax Credit (CPTC)
93228,NPP Productions Inc.
56111,Iselin-Tenney Productions Inc.
12245,Robert Lawrence Productions
49695,LG
15262,HPG Production
79111,picrow
8877,Curtis Hanson Productions
24036,Euro Center Productions
13064,ANIMATE
8829,Market Street Productions
3526,Concord Productions Inc.
3859,Munich Film Partners & Company (MFP) GHS Productions
78945,K Films Amerique
12671,Chiller Films
23752,Tait Productions
1225,One Race Productions
6533,Whizbang Films Inc.
24914,Marea Films
20277,Protagonist Pictures
8923,WMG Film
12771,Salaria Film
64332,Dark Forest
8537,Closest to the Hole Productions
72184,Malka Media Group
71333,Mount Helix
9068,Kadokawa Shoten Publishing Co.
1567,Fons Rademakers Produktie
61950,Bellwether Films
54960,Casa B Productions
64025,Masses Entertainment
65594,Ghost Orchid Films
11720,Fukuoka Broadcasting System (FBS)
21126,Pathe Productions
80066,Lighthouse Films Pvt. Ltd.
5219,Sunswept Entertainment
64949,DV3 Productions
36394,A. Ninety-Three Productions
12001,Warner Bros. Entertainment France
8853,Rogue
17561,Foresight Features
5955,Di Bonaventura Picture
29006,Malas Compañías P.C. S.L.
18985,Theta Films
16584,Les Films de l'Après-Midi
652,Miko Productions
85944,Vox Pictures
18335,DB Entertainment
11726,The Yomiuri Shimbun
217,Ponti-De Laurentiis Cinematografica
23968,Verenigde Nederlandsche Filmcompagnie (VNF)
30531,BN Films
16512,april films
55123,Granite House Inc.
1965,Vicomte de Noailles
1504,Cinergi Pictures Entertainment
47033,Planet-Film Berlin
2495,Lefwander Kapitalförvaltning AB
3133,VTM
1845,Canterbury Productions
26365,Yoav Shamir Films
37381,Blind Wink Productions
90661,Lynch Siderow Productions
11590,Fine Cut
7108,Cinematografica Cervi
36654,Tinsel Townsend
15138,Portrait & Cie
54179,Literarisches Colloquium
73564,"International Television Films, Inc."
68407,Sangeeta Enterprises
72421,Narodowy Instytut Audiowizualny (koprodukcja)
49152,PalmStar Media
6133,Cine Location Services
11510,Detour Filmproduction
2359,Stéphan Films
71825,Lasihelmi Filmi
50843,Cinevideo 80
5043,Film Art Association
6458,Instituto Nacional de Cine y Artes Audiovisuales (INCAA)
10049,Dream Team Concept
2408,Dussault
2258,Four-Leaf Productions
12377,Minerva Pictures
74593,Magda
22782,Artsploitation Films
10871,Wellmade Starm
17096,VAE Productions
18977,20ten Media
20919,France Télévision Distribution
48788,Practical Pictures
32177,Michael Nolin
24007,Sunrise Pictures
85213,VPRO
22254,Sarah Green Film
66497,Mirabelle Pictures Productions
40417,Rigel Independent Entertainment
9321,Forthcoming Productions
41355,Delirium
14873,Spartan Film Studios
89,Augustus Film
37974,Film Oblige
95283,Ivaasks Films
76054,DEMENTE CONTENIDOS
19955,Киевнаучфильм
9221,Toei Video Company
2309,Mo Productions
1234,Réalisation d'Art Cinématographique
4867,Full Moon Entertainment
3747,Studio 18
66044,Houston King Productions
88813,The Darkside
93403,Théâtre de Gennevilliers
6377,Media Asia Films Ltd.
28212,Imagem Filmes
29003,BloodWorks
34068,One Eyed
74347,Producers Distributing Corporation (PDC)
13596,Delta Film GmbH
2679,FOTP Productions
10722,Florentine Films
584,Norma Productions
8013,Películas Pendleton
15486,Wide Angle Pictures
1799,Breton Film Productions
20994,Amato Film
9093,F.B. Productions
8658,Rialto Films
72742,Aeroplan Film
6024,Varsity Pictures
19465,John Davis
27280,Ideefixe Productions
21526,Supercollider Productions
53186,Government of British Columbia Film Incentive BC Program
16593,Hemdale
9156,Roxy Films
7106,Sylicone
4125,Available Light Productions
37464,Force 10 Productions
76740,Media Ranch
1475,UGC Images
1507,International Production Company
53749,DPPLR
5109,The Essanay Film Manufacturing Company
25677,BBC Three
19531,Cooperativa Spettatori Produttori Cinematografici
4681,Retromedia Entertainment
25131,Calendar Productions
51844,Summerstorm Entertainment
47037,Irresistible Films
64510,Fritz Genschow Films
5562,Mono Film
13936,Mirisch-Geoffrey Productions
11338,Cottage Industries
70350,Black Fish Films
11289,Oscar Lewenstein Productions
9247,Società Europea Produzioni Associate Cinematografiche
61101,d.i.e. Film GmbH
10501,The Irwin Yablans Company
22787,Caligari Film- und Fernsehproduktions
32653,Ministerie van Nederlandse Kultuur
622,Toho Film (Eiga) Co. Ltd.
24366,Scripps Howard Entertainment
53252,Saraswati Entertainment Creations Limited
12147,Kingston Film Productions Ltd.
17809,Yellow Cottage
74063,Emu Films
73822,Wytwórnia Filmów Dokumentalnych i Fabularnych (Warszawa) (współpraca produkcyjna)
15670,Palmeraie et Désert
47804,Emiliano Piedra P.C.
7658,Buena Vista International Film Production France
36259,DefyNite Films
80364,Promises Film Project
4261,Viz Video
73555,Fakir
52451,Associated Television (Overseas) Limited
50663,ARTMIC Studios
23802,Zapruder's Other Films
22939,Sega of America
25423,Jamie and Jesse
6773,NOVA Productions
1213,Pint O'Bitter Productions
24851,Riverdale Productions
84021,Crackle
12271,Brick Dust Productions LLC
50910,Eye Steel Film
2711,Bandonéon
44640,erbp
59180,Novel City Pictures
6665,Canal Street Films
29671,Ennet Co.
20291,Zoom Hunt International Productions Company Ltd.
52120,RK Entertainment
39339,4L
77195,Elena Films
44435,"Century Motion Picture & Dist. Co., Ltd."
5583,Mungo Productions
84882,Aamu Filmcompany
29867,Team Okuyama
5407,Incessant Barking Productions Inc.
48186,Smash Media
14310,Jolly Russell Productions
11199,Scope Pictures
4886,Lichthof Productions Ltd.
79426,MACRO
86050,BUBBLE Studios
1280,Pacific Western
34233,Toy Gun Films
39039,Free Lunch Productions
80613,Artigo Indie
8931,Stars Road Entertainment
2475,Zephir Film
56995,Dans-Svensk
5165,BFI
5454,Index Films
53414,Spanknyce Films
19381,SIA Advertising
11257,Rai Uno Radiotelevisione
87554,Fuchs/Burg
69053,Grupo Cine Liberación
68080,1812 Productions
5695,Carmel Productions
3842,I Hate Vday Productions
17995,Space Bond
34401,Surf Film
4264,Northcroft Films
14446,Infinite Frameworks Studios
21097,Worldwide Media
23159,Shifting Gears Entertainment
15095,Demitri Samaha Productions
12380,La Ventura
13071,Wind River Productions
11983,Formosa Productions
55443,IMG Film 7
10853,Cheap and Dirty Productions Inc.
13195,Such Much Films
8037,Hub Ho Hin Films
7128,Ecce Films
69353,Cinepro Pictures
17778,Mid-America Pictures
2209,I.N.C.A.A.
60711,Code Red
11699,Sacem
56697,Tadross Media Group
7783,Celtic Films Entertainment
56434,John Flock Productions
82943,Jeffrey Pictures Corp.
10070,Alea Docs & Films
3902,CBS Entertainment Productions
36168,Trentino Film Commission
12580,DUNE/Canal+
58714,H.W. Buffalo & Co
11671,Studio 4°C
8573,Pantelion Film
1242,Reteitalia
2476,Carlton America
1076,Apipoulaï
65719,Garlin Pictures
4433,National Geographic Television
13852,Odessa Film Studios
67333,EMC Assets
6910,Quiet Village Filmkunst
16701,Instituto do Cinema e do Audiovisual (ICA)
5620,Meridian Broadcasting Ltd
63458,Badalucco Productions
70046,"Hermitage Bridge Studio, The"
61373,Bystander Films
86166,North of Two
1580,Viaduc Productions
6067,Bluetree Pictures
34782,Treasure Company
41921,Redrum
76756,Movie Plus productions
29700,Aunt Max Entertainment
24339,HorrorFlix
3781,Vidhu Vinod Chopra Productions
5277,Glass Key
18827,Bari Studios
57625,RGM Films
53151,TriStar Productions
15357,Prime Focus
89010,㈜팔레트픽처스
20771,Kino Swiat
53038,Broadview Pictures
26476,Cubica
1416,Albina Productions S.a.r.l.
2684,2Pilots Filmproduction
49161,Golden Swan
22200,Visage Productions
52593,B Media 2012
3803,Middle Fork Productions
3040,Versus Production
14108,Chester Erskine Productions
4250,Molinare Studios
10992,Modern Family Productions
36181,Kay-Bee Pictures
42231,Summer Release
22879,Havana Nights LLC
22384,Rolling M. Productions
12125,Moguletta
78948,Wu's Entertainment Co.
54336,Cent Productions Inc.
6442,CCFC
75937,Charenton Productions
22676,Dagsljus Filmequipment
21274,Triluna Film AG
550,Little Bird Films
107,Mr. Brown Entertainment Filmproduction GmbH (Potsdam)
26127,Whitest Pouring Films
16227,Libretto Films
39226,Camellia Productions
6790,Discovery Channel
14407,Crimson Bolt
74247,Redwood Films
11833,Dream Venture Capital
14465,Daiei Kyoto
21171,Golden Fish Pictures
27706,Triglav Film
18427,Ufesa
59150,Klasky-Csupo
5357,Zero Gravity Management
48564,Smithsonian Institution
71488,Eclectic Pictures
906,Revelations Entertainment
53085,First Sun
980,The Glasgow Film Fund
56519,Red Stripe
94575,Red Circle Productions
93224,Milestone FIlms
10096,Walter Wanger Productions
16639,Somera Productions-Flower Film Productions
19677,Hochschule für Fernsehen und Film München (HFF)
19743,Roland Reed Productions
5729,Audley Films LLP
19648,Radical Studios
46567,Zespol Filmowy
11368,Perfume Films
15121,Tymar Film Productions
33236,Isberget produktion
73015,Stickyback Pictures
50804,Nordsvensk Filmunderhallning
13022,Jeonju Film Festival
27260,S.E.P.I.C.
85603,"Cast Iron Picture Co., The"
836,Elzévir Films
12135,Parnass Film
87695,Openvizor
18523,Productora Andaluza de Programas S.A.
11128,Black Chrome Productions
69952,VB Pictures
10175,S/S Fladen Film
88355,BBV Productions
5535,Delacheroy Films
20007,Outsider Productions
12009,Elías Querejeta Producciones Cinematográficas S.L.
8039,Lo Wei Motion Picture Company
5466,Irwin Entertainment
61415,GIW
34077,Film 360
12100,Palatine Étoile 9
98,Detour Film Production
31115,Eastlake Films
5443,Interloper Films
67777,Mass Hysteria Entertainment
45460,Tamtam Film
2305,Esselte Video
1481,K-L Productions
11815,Summer Days With Coo Committee
11414,Beijing Poly-bona Film Publishing Company
33538,Painted Lady Productions
53261,Media Financial Incorporated
68580,Russian World Studios
13199,Pan Nalin Pictures
55116,There We Go Films
26600,Atopic films
92710,Bitis
78160,Charlie's Bratislava
20485,Choices
50411,Yasahi-Mation Productions
86096,Bruce Cohen Productions
73619,Studio El
4081,LEGO
55956,J.B.J Film
3172,Blumhouse Productions
56980,Max Stronghold Productions Inc.
55145,Embark Productions
41917,Euro Video
12213,Core Productions
26192,Chestnut Hill Productions
6726,Nikovantastic Film
80135,Yofi Films
10487,Qintex Entertainment
38381,Motion Pictures Inc.
14290,The Institution
75626,Selznick Releasing Organization
20428,APTN
10975,Colorado Film Production
11774,Bankable
64719,verosimilitude
6297,Robirdie Pictures
5131,Cinema Soleil
7591,Media Pro One
35085,Team Work Motion Pictures Ltd.
95063,Marcy Media
76129,Tempesta
26144,Rampage Entertainment
12099,Sofica Manon 2
22123,TF1
20699,Cité-Amérique Cinèma Télévision Inc.
54103,Miin Pictures
28200,Ninjas Runnin' Wild Productions
7094,Level-5
30636,Bos Bros. Film & TV Productions
81368,Live Nation Productions
10370,Spectacle Entertainment Group
26046,Stupendous Talking Pictures International
44539,Resource Films
5463,MPI Home Video
88533,Pine District Pictures
14619,Armenfilm Studios
581,UGC
6082,Filmirage
31137,Circe Films
43531,RMB Productions
80051,Gunpowder Co.
10342,Studio Ghibli
12859,Mar Vista Productions
3733,Palo Alto Productions
11459,Kanoon
24574,Semic
59193,Harvard University
3025,Brandman Productions
20926,Marmont Productions
4097,Heavy Duty Entertainment
24296,RAMCO
11305,Saban Brands
2169,Magnolia Filmproduktion
3799,MDP Filmproduktion
21899,Michael Mailer Films
15682,Preger Entertainment
84839,Cecile Company
86920,Magic Hour Films
11080,Cloud Atlas Productions
47046,Universal Pictures do Brasil
1153,Act III Communications
19029,Cinecorp
4834,Rofima Cinematografica
10944,Noruz Films (I)
55631,Hammond Entertainment
41356,Artikulacija
168,Jadran Film
3805,Ken Lipper/June Beallor Production
48754,Chevy Chase Films
7255,Hellenic Radio & Television (ERT)
70771,VLMedia
24846,Menuet Producties
23459,Tailored Films
77285,Marzipan Productions
3101,Three Way Productions
82249,MB Grip
149,FOZ
1527,Les Productions Jacques Roitfeld
74328,Diversa Audiovisual
5748,Mirovision
45515,Marlowe Pictures
17553,Carbunkle Cartoons
86626,Tale Filmproduktion
63907,Santa Buddies Productions
885,Téléma Productions
3270,Filmways Australasian
44730,Embassy Pictures
26204,Lee Caplin / Picture Entertainment
17994,Independent Film GmbH
22253,Sunflower Productions
4049,Rochelle Films
4372,Dash Films
11384,Orofino
20441,Hahn Film AG
6681,The Klock Worx Co.
53392,Leuviah Films
46453,Vanishing Angle
17339,Javelin Films
78508,"Ville de Genève, La"
22823,Attic Light Films
67646,Viens Films
9181,Art Theatre Guild
36835,Reconstruction Pictures
85230,Destroy All Entertainment
3037,Baby Cart
93495,Le Club des Investisseurs
42183,Carnelian Productions
3845,Gigantic Movie
70560,Royal Pictures
23503,13 Ghosts Productions Canada Inc.
12096,Mandarin Films
19171,Mt. Philo Films
86,Catfish Productions
25635,High Five Films
34628,PF Pictures
2115,Uranos Cinematografica
44543,Bonsai Films
6804,"Zespól Filmowy ""X"""
17090,FJ Productions
8,Fine Line Features
3388,The Movie Network (TMN)
27129,Lockjaw Productions
11092,Ram Bergman Productions
15829,Pacific Standard
2737,Davis-Panzer Productions
26818,CBK
844,Sofica Valor 6
95918,ApolloProMovie & Co. 1. Filmproduktion
75564,Morocco Film Assistance
6616,Triton Films
65609,Fugitive Studios
4260,The Ocean Group
320,Trollhättan Film AB
54762,Lanterna Editrice
77760,IG Films
63628,Perlapartment Pictures
4498,Arco Film
11917,Estudios Churubusco Azteca S.A.
19456,Envision Media Arts
78799,black & white pictures
75423,France Média
16774,Peters Entertainment
400,Olympia-Film GmbH
26420,Pilgrim Studios
68546,NJJ Capital
116,Cameo Film- und Fernsehproduktion
26890,Douri Films
45873,Dogs Of Annwn
13716,Mid Century Film Productions Ltd.
52608,Snakeman Productions
78246,Guru Dutt Films Pvt. Ltd.
76487,1600 Limited Partnership
37129,Wellingmax
13619,Galuk Premium
23530,Big Yellow Films
67990,Sloane Square Films
40552,Galaxy Films Inc.
16326,Ranown Pictures Corp.
10113,Malvarrosa Media
35063,Cape Of Good Films
26033,City Productions
61239,Chuan Films
1048,CCC Filmkunst GmbH
1407,Paramount-Orion Filmproduktion
4999,Filmadora Panamericana
80103,Jirafa Films
22634,K.R. Productions
26820,Runaway Fridge Productions
13384,Charles Martin Productions
2608,Happy Madison Productions
80559,Bear Creek
31604,Art In Motion
82013,Lea Cinematografica
20023,Noah Films
32443,N-7411 Trondheim
4251,Anagram Pictures Inc.
78688,Blue Waters Motion Pictures
90123,Empress Road Productions
83124,Helen Gardner Picture Players
17084,Catherine Dussart Productions (CDP)
21191,Twenty Four 9 Films
21938,Copag V
77649,Jeremy Coon Productions
14058,Diamond Pictures Corp.
20997,Take 1 Productions
38146,Bigscope Films
11944,Cinémage 3
4723,Assise Productions
6809,Paramhans Creation
632,British Lion Films
64757,Shoes Full of Feet
56396,Snider Than Thou Productions Inc.
48496,Studio Uljana Kim
1683,Andell Entertainment
5068,Inspiration Studios
40648,Shooting Star Pictures
7811,Cité-Films
8775,Century Park Pictures
75807,First Look Media
65144,Stony Island Films
969,Golden Harvest Pictures
20352,NDE Productions
6999,Kodansha
8253,Skylark Productions
73369,Wrong Men
4985,20th Century Pictures
45778,Plan B Entertainment
24430,BE TV
82310,Idea
27101,NBC Film
1829,"Zespól Filmowy ""Kadr"""
41752,Meech Grant Production
69456,Utu Productions
4252,Studio Babelsberg StudioBabelsberg Motion Pictures
703,Razor Film Produktion GmbH
56398,Allan King Associates
52883,El Niño Producciones
14558,Televentures
14631,See Saw Films
1571,United Motion Pictures
8997,SBS Productions
20611,Standard Club of California Productions Inc.
35298,The Jessica Company
1309,Rainforest Films
4958,Beautiful Kate Productions
50185,HI-FI Motion Pictures
22544,MusicArtsDance Films
10922,Softbank Ventures
75366,Cinerent Filmequipment Service AG
4043,Red Union Films
10929,Eyeline Productions
4420,Clemi Cinematografica
73027,Shanghai Pengjin Entertainment Co.
21100,Lookout Films
348,Bedford Falls Productions
4765,Trinacra Films
13785,Aurum Producciones
63960,Colliding Pictures
11252,Jesse Films Inc.
49708,C.R.C.
46694,Catherine Bailey Ltd.
13677,Don Hartman Productions
11675,Duckling A/S
17061,Maso & Co Productions
57747,Agidi
82,Renn Productions
68945,Revcom Télévision
43290,B.N. Roy Productions
81410,Axxon Films
75951,Hessen-Invest Film
17317,Garagefilm International
68914,Société Suisse de Radiodiffusion et Télévision (SSR)
72470,Nile Cinema Company
67888,"Feuer and Martin Production, A"
7914,Epic Records
67977,Crazy Cow Productions
4585,Вертикаль
67229,Producciones Brooks
14909,Impact Partners
58572,Meteor 17
6936,Faces Music
71989,Dimension Films (US version)
80700,Benzene Music
6360,Stealth Films Limited
25191,Legendary Films Inc.
13411,Hakuhodo Inc.
57771,Edda Film (II)
39061,PFM Pictures
75924,Dziki Film
16401,Aashirvad Cinemas
92631,Jayvijay Enterprises
12523,Tokuma Japan Communications Co. Ltd.
12649,Bad Cop Bad Cop Film Productions
64716,Five More Minutes Productions
71860,Ronald J. Kahn Productions
32553,Black House Capital
12873,Felix Cinematorgrafica
16424,AVM Productions
18346,Burn Later Productions
63240,YOY
13426,Osmosis Productions Inc.
39918,Permanent Wave
13670,HBO Romania
43351,Smiley Ball Films
83478,Gradski Kina
88966,Mystery Productions
2949,Renegade Worldwide
12956,Films Borderie
54237,Linebrook
2293,Silverwood Films
15515,Xenon Films
12179,Warp (Submarine)
59650,Organically Grown Productions
42542,Creativos Asociados de Radio y Televisión (CARTEL)
49956,Társulás Stúdió
22051,South Street Films
3891,Theorema Films
6480,Telewizja Polska
17455,Raoul Walsh Enterprises
11268,Benex Movie Expert Fund
67370,CHANCE iN
10725,WETA
33244,Yes
11707,Vic Films Productions
8574,CIPI Cinematografica S.A.
59838,MCN Productions
3245,First National Pictures
5759,Black walk Productions
24510,MICA Entertainment
87278,Guide Company Films Inc.
8590,Holland Harbour Productions
77519,Lao Art Media
84254,La Fondation Gan pour le Cinéma
10769,Greek Television ET-1
25348,Studio Three
14669,George King Productions
93112,Green Film House
18817,Waterbury Films
79755,Conflict Pictures
73252,One Square Mile Management Company
724,Beijing New Picture Film Co. Ltd.
70462,Finlands Svenska Television (FST)
60611,Lauren Levine Productions Inc.
38782,Higgins-Messick-Wayne
27597,Sciarlò
31832,Envision Entertainment
70777,Supergravity Pictures
33257,Fineworks
78918,Charlie Mopic
80834,Route One Entertainment
8091,Evergreen Films
13252,Marvel Animation
53179,Climax Pictures
12625,Canal+ Espana
54178,The Helpful Eye
64666,Jar Pictures
40864,Rough Diamond Productions
23756,Vincent Gallo Productions
77610,Le Mans LTD
56615,Carlin Company Productions
3400,Chanticleer Films
50451,Lotus Film
52146,Smithfield Street Productions
4197,Enchantment Films Inc.
21454,Riofilme
17537,Anagram Produktion
2503,Kamera Film Unit
72890,Telewizja Polska	(koprodukcja)
85488,RG Productions
10786,Capitole Films
10630,Rio Negro
8083,Film Rites
84502,Les Films du Bois Sacré
19477,Dune Films
46112,Telefilm
238,Rai Cinemafiction
44107,Talandracas
145,Gaumont Columbia Tristar Films
49933,Montefiore Films
11641,Mila Cinematografica
29682,Merope
88985,Rebecca Wang Entertainment
15323,Juventus Film
6060,AS Productions
86531,Two Left Shoes Films
17338,Creators Company Connection
95146,Sanford
2823,Be Good Productions
45724,Taodue Film
28443,Sofracima - Audifilm
7595,Moving Pictures Film and Television
5100,Mammoth Screen
48189,National Bank of Canada TV and Motion Picture Group
22210,Ontario Film Development Corporation
19919,classic
31848,A & A Release
62945,Balapolis
4812,LB2 Films
36881,Phoenix Entertainment Group (PEG)
73401,October County Films
75142,Entropy
46412,Universal Marion Corporation (UMC)
3284,Regent Productions
27992,Wim Wenders Productions
25061,Evansgideon/Lazar
1256,Producers Sales Organization
11529,Casa de Filme Trei
21578,NTV-PROFIT
21641,Coral Producciones Cinematográficas
12743,Prime Entertainment
59620,Truque Produtora de Cinema
1717,Nadja Films
86881,Acrolight Pictures
26361,Full Circle Films
13341,Tohokashinsha Film Company Ltd.
39570,Chantal Chamandy Entertainment (CCE)
5550,Midwinter Productions Inc.
10563,Critérion Film
52635,Rainer Werner Fassbinder Foundation
25422,Juicy Planet Pictures
87807,mr. kirby productions
8799,Alicéléo
93497,Conseil Général de l'Eure
2971,Reel Security
62452,Filmmakers
2562,Patagonik
49822,Grain Media
3777,Madcap Entertainment
36298,Sans Contrefaçon Productions
6168,Eesti Telefilm
23712,Lamplight Films
66008,Just A Moment
8671,Kinoshita Komuten
13728,Nomadis Image
46136,BR Group
25054,NTTS Productions Ltd.
52465,Quiet Man Productions
69288,Studio Folimage
14484,Empath Films
5394,Bad Aaas Cinema
16579,Travis Entertainment
21334,Beijing Poly-bona Film Distribution Company
19753,Rank Film
68417,Distressed Films
19647,Monolith Pictures (III)
11398,Selenia Cinematografica
1123,Local Films
5699,Jack Broder Productions Inc.
89633,All Lit Up Productions
68724,A.E. Media Corporation
42318,Grafton Productions
5217,Universe Films Distribution
3280,Igor Film
62410,Waterstone Entertainment
12450,Steelwork Films
7463,Tassili Films
3930,Illuminati Films Pvt Ltd
19974,IndieVest Pictures
46447,Rapidfire Entertainment
12620,Fantagio
9336,SamFilm Produktion
21974,Gunless Productions
1524,DD Productions
11660,Demofilo Fidani
17085,Filmédis
69420,Telefilm Wien
11859,Vasan Visual Ventures
57493,Fisheye Pictures
19785,Khoury A Marriot Production
75787,Les Editions Cinégraphiques
4029,Entertainment Media Investment Corporation
8510,Lucky Hat Entertainment
16355,National Theatre of Great Britain Production
12423,Sputnik Productions
21775,Union Entertainment Group (II)
28367,RTV Slovenija
41636,Bridle Path Films
90405,Mancantoo Oy
52699,Camera 40 Productions
37664,Belafonte Enterprises
1614,Les Films Flam
3259,Almerica Films
50102,WTC Productions
25055,Double-Band films
289,Ingenious Film Partners
78874,Tadmor
25988,HK Film Corporation
5321,Proud Mary Entertainment
12461,Bioware
26684,Artaxerxes Productions
61051,Centron Pictures
1915,Becker International
78128,Realbuilder Productions
68946,Double D Productions
3804,Shakespeare Film Company
8649,Mikros Image
7281,British Film Institute (BFI)
14404,J.E.M. Productions
2770,Allied Film Production
12396,Deed Films
20202,Amber Film Works
12744,De Grunwald Productions
3712,BBC Scotland
20321,Snakehair Productions
13316,Association coopérative des productions audio-visuelles (ACPAV)
36359,Billy Jack Enterprises
11786,Attercop Productions
23777,Five Windows Productions
31131,Pedro Masó Producciones Cinematográficas
3396,O.N.C. Entertainment
12897,Pacific Pictures
86265,Spede-Production Oy
11616,Barry & Enright Productions
56699,Tadross Media Group
67022,VVZ Productions
22211,Viacom Canada
74939,Fresh Produce Company
15921,Josef Shaftel Productions Inc.
88295,Sacha Pictures
56307,Dream Rock
7504,Top Rope
26878,The Pumpkin Factory
63558,Chaumiane
678,Turner Network Television
55799,Rogers Telefund
3858,GHS Productions KG
2353,Kaktus Producciones Cinematográficas
19251,Collective Development
16632,Baja Films Internacional
82320,Score G Productions
40431,Chrislaw Productions
59924,RTV Comercial
65873,Tiny Ponies
6138,Southeast Asia Film Location Services Sdn. Bhd.
5234,Sender Films
49977,Guangzhou Ying Ming Media Co.
83128,Malaika Pictures
52594,SofiTVCiné
8275,Spier Films
12258,Howard Hughes Productions
69190,Super Productions
30266,Zazen Producciones
5683,ChubbCo Film
1350,Parkway Productions
39643,We're Not Brothers Productions
1662,Interlagar Films
12263,Clyde Is Hungry Films
67576,Pool Films
66430,Cool Cat Productions
138,Schramm Film Koerner & Weber
17072,American Academy Productions
128,Time Warner
86296,Intrinsica Films
16634,the bear media
11579,The Mirisch Production Company
70279,Metro Pictures
2050,Real-Film GmbH
36836,Showcase Entertaiment Inc.
15287,Respect Films
17887,Midnight Sun Pictures
19855,Internationale Filmproduktion Blackbird Dritte
34966,Akün Film
676,Monarchy Enterprises B.V.
12066,O'Connor Brothers
66928,Göteborgsdramat
4412,Portreeve
53531,Marro Films
84864,AA Film Prodüksiyon
21181,Smoking Gun Productions
84135,Van Brand
7315,A&E IndieFilms
21200,Kid Love Productions
20482,Iota Production
51663,13 All Stars LLC
72542,E3W Productions
51847,Shouldn't Throw Stones
15406,Qartuli Pilmi
28812,Filmanova
4859,Nickelodeon Animation Studios
14836,Museum
77329,Wonderfly Films
74549,Zanzou-sha
1192,Green/Epstein Productions
7749,Kunsthochschule Kassel
376,Industry Entertainment
54780,Chinguitty Productions
68949,Mega Entertainment
38180,Dark Matter Productions
12319,Giant Films
25032,Cinema Management Group
8670,Ishinomori Productions
20691,Essential Filmproduktion GmbH
84525,Azure Productions
14495,Sierra Pictures (II)
23125,Orion Filmproduktion
27205,Flynn/Simchowitz
12740,DMV Distribuzione
64194,P.O.V./American Documentary
4746,DACFILM Rome
81876,Barnstorm Films
19328,Ryan Murphy Productions
14722,Triptych Pictures
64674,ErgoArts
11345,Stillking Films
79963,Keep Your Head
44592,The Czech Republic State Fund for Support and Development of Cinematography
15086,Silver Screen International
6354,Wild Hogs Productions
17173,Proton Cinema
35605,Mano a Mano Films
19835,Charenton Productions Limited
84678,(주)비에이엔터테인먼트
16842,Ormenis Film
24287,MG Media
34037,Tatsunoko Productions Company
2251,Sony Pictures Animation
22847,International Film Corporation
20042,Mann/Caan Productions
63305,FatFree Films
44100,Kulwar Films
90755,Barking Dog Productions
80078,FourBoys Entertainment
6573,Mimran Schur Pictures
47452,Producciones Filmamento
8381,Saregama HMV
12916,Without Walls
62340,Apache Films
25299,Era International Ltd
88412,Les Films de L'Etranger
35949,Humpstead Productions
2160,Castor Films
11145,LIFE(n)
50939,MENA Film
64299,Studio Mitte GmbH
14066,Site B
7322,Off The Grid Productions
4248,JVC Entertainment Networks
89535,Open Field Pictures
75368,Dewe Hellthaler
58565,AMV Production
58666,Opening Night Productions
93847,XYZ Productions
22995,Cassel Productions
12835,Victor Entertainment
47005,Gunro
16301,Invincible Pictures Corp.
12126,Sahara Productions
35905,Lazer Entertainment
80069,Posterity Pictures
3863,Landroval Studios
8496,Companhia Cinematográfica Serrador
11649,Esta Vivo! Laboratorio de Nuevos Talentos
4212,WG Film AB
5791,Zipline Entertainment
74136,Kaotic Productions
19237,Von Zerneck Sertner Films
39517,Sentinel Pictures
45461,Meta Film
19316,Freeway Films
16580,Travis
10458,Mediterranee P.C.
41666,Green Screen Productions
3402,New Line Television
54949,Lookalike Productions LLC
13241,Demarest Films
1594,Pantera Film
16070,Michael Arthur Films
16323,20th Century Fox Television
23477,Annazan
6831,Big Indie Pictures
6778,Televisió de Catalunya TV3
1962,ATO Pictures
75039,Production 2006
23323,Most/Rice Films
11279,Films In Motion
23382,Schroeder Hoffman Productions
5010,Ben Stoloff Productions
15255,TVC London
14469,Venom Productions Limited
90552,Lester Osterman Productions
2598,Hasbro
32688,Kwan's Creation Workshop
953,Royal Oaks Entertainment
726,Haut et Court
22548,Adelstein-Parouse Productions
1666,Rhône-Alpes Cinéma
27408,Hours Capital
95343,Milestone Entertainment
40807,Francoise
71784,Insight Production Company
11139,Metrodome Films
29419,Acid Bath Productions
20194,Motion Picture JOTA Produktions
4747,Freak Show Entertainment
11678,4½
12614,Jupiter Films
60323,Unigram
57337,Dolshor Productions
12347,NFF
24205,Film Concorde
73381,Five By Eight Productions
79026,XM2 Productions
87842,Comune di Castrignano del Capo
3316,Liberty Films UK
87995,Filmperspektive GmbH
42379,Filmwave Pictures
7147,films A2
16379,Northshore Investments Ltd.
53808,"Lonely Island, The"
16641,Acrobatic Motion Works West
93901,Pierson
35813,Dallas & Rusty LLC
1081,CBS Television
6424,Chamdin & Stöhr Filmproduktion
72023,Endemol India
20998,Cimate Film
8504,Block / Hanson
7922,THE REALLY USEFUL THEATRE COMPANY PRODUCTION
28277,Spectacor Films
80076,Silent Giant Productions
2311,Produzione Salvo D'Angelo
92473,Sixty Six Pictures
85560,Pacific World Pictures
11672,Nimbus Film Productions
36063,Project Mayhem
18013,Rogue State
16975,Lichtblick Film- und Fernsehproduktion (I)
95870,Look Ma! No Hands
39134,Kino Lorber
44677,Delta Films
7168,Romania Film
7041,Makmalbaf Film House
12259,WIP
8315,Vanguard Entertainment
76098,Aristos Films
12383,Abe Shuji
17513,Film i Väst
93898,MUSE Film and Television
1480,Harbor Ventures
2885,Starz Animation
8470,Philistine Films
72933,Bron Creative
14078,The Documentary Group
27139,Société Générale de Gestion Cinématographique (SGGC)
19215,Studiya Cherepakha
2294,Traction Media
21382,Mecanismo Films
11506,Maljack Productions
4701,American Independent Productions
47606,Volya Films
7304,Modern VideoFilm
8442,Abilene
16984,Action Images
3651,R.S. Entertainment
21442,Picture Perfect Corp.
69837,Vimeo
91393,Oats Studio
20448,U-Drive Productions
10509,Tiger Film
67979,Films Mundiales
58870,Jeonwonsa Film Co.
84241,Ci-Le Films
49986,Go Go Film Productions
74807,"Toho Pictures, Inc."
15150,Du Maurier-Guinness
25429,Asegarce Zinema
75177,Peanut Pictures
34977,Latglen Ltd.
94638,Plaza Production International
22262,Euro Média Télévision
14837,Lynx Films Ltd.
36412,American Mutoscope & Biograph
12323,Mike's Movies
4963,Patchett Kaufman Entertainment
1005,Sweetwater
10051,GMT Productions
37814,Hipgnosis Ltd.
3363,Mainichi Broadcasting System (MBS)
19238,Two Brothers Productions
21068,Mythos Studios ND
50110,Jaguar Entertainment
22747,C.O. Films
46108,Ubu Productions
7310,Bord Scannan na hEireann / Irish Film Board
37310,Flirt Pictures
50251,Picture perfect
57439,September Films
452,Maurice McEndree Productions
72965,Ed Adlum and Mike Findlay Productions
67895,Pikchure Zero Entertainment
2800,AMC Pictures
57621,Film Development Council of the Philippines
7453,Armada Films
52417,Long Motion Pictures
5612,Brooksfilms
13403,Straight Up Films
67171,New Redemption Pictures
2817,Globe Films
11583,Syalis DA
23207,Invicta Capital
64945,CinéTé Filmproductie BV
46562,Makrorama
25651,Tims Productions
9968,Black Flag
6839,We Productions
65781,Fat Free
76410,Phoenix
14608,Twin Co. Ltd.
59199,Five Sisters Productions
18986,Grandville Pictures
21740,Dacia Films
3648,Sri & Company
62029,Fremantle Productions
13817,Brass Hat Films
41659,Round Films
76068,Digital Image Associates
2321,Green Parrot
16937,Bavaria Pictures
753,Nouvelles Éditions de Films (NEF)
21457,Dorian Films
61727,Adam Packer Film Productions
10649,Hélène Films
19930,Cinéart
78472,Kablamo!
40970,Jomami Filmproduktion
95256,Onoma
4572,Alex Jones Productions
9241,Leo Lax Production
10379,Film and General Productions
26445,Budapest Film
16291,Los Güeros Films
43979,Shin Films
3982,Darkwoods Productions
26446,Conseil Général de l'Indre
51085,Leather Jacket Productions
8204,Lumanity Production
6174,Gus Productions
85229,Óscar Producciones Cinematográficas S.A.
5596,Tudor-Alliance
67776,Silver Plane Films
55114,Lavender Pictures
12270,Daniel Bobker Productions
40006,North American Releasing
23654,Etch Media
8895,MAFILM Objektív Filmstúdió
50830,Finding Forrester Productions
10717,Shamley Productions
41252,Gran Via
11351,Hart-Sharp Entertainment
3393,Huayi Brothers
53041,WTA
347,Centropolis Entertainment
34444,Schweizer Fernsehen (FS)
68113,M.A.R.K.13(TM)
43706,Golden Film
39601,Bill Bennett Productions
44400,Ager Cinematografica
13956,F/M
52145,Crying Box Productions
63782,Miles Productions
84452,Pipeline
2327,MJW Productions
91929,Criminal Productions
32714,Albertine Productions
75150,Maiden Woods Films
28182,Dream Author
80222,Elysium Bandini Studios
8330,British Broadcasting Company
19623,Cue the Dog Productions
21498,Internationale Filmproduktion Eagle
11406,Межрабпом-Русь
9198,Compass Entertainment
7893,Pacific Renaissance Pictures Ltd.
3151,SeeThink Films
15614,Tabo Tabo Films
35514,Sharmhill Productions
28311,Matthew Pritzker Films
1199,Running With Scissors
14498,Ciné 5
22959,Union film
221,Riama Film
3290,Carmel Entertainment
8382,Tips Music Films Pvt. Ltd.
11153,Tree Top Films Inc.
10671,Blue Flower Productions
5092,Chum City
95597,New Faction Pictures
34423,Eichberg-Film
11438,Одесская киностудия
4110,Cannon Films
62744,Luz Mágica Produções
46043,Allarts Enterprises
22255,The Virginia Company LLC
35603,Chu Media
15511,Fundación  Villa del Cine
41765,Enthuse Entertainment
17157,FunHouse Features
7364,Heyday Films
19858,Shanghai Film Group Corporation
33973,Done Four Productions
50104,This is It Collective
18229,Swargachitra
77304,El Bus Producciones
89472,The Salt Company
44709,Cuatro Cabezas
33855,Video-Tel International Productions
22227,Profilm
15143,Lovina Productions
43255,Self-Reliant Film
24278,Barking Fish Entertainment
62175,Peg Leg Films
21409,MFP Munich Film Partners GmbH & Company I. Produktions KG
44163,Rajkumar Hirani Films
6034,Bee Movies
2291,Journeyman Pictures
23588,Blank of the Dead Productions
83339,TRUST INTERNATIONAL FILMS
7971,Sveriges Television
34009,Accent Films B.V.
8001,Film Rock
59037,Spring Films
4379,Film Brigade
13744,America-International Pictures (AIP)
16827,Night Life Inc.
73766,Walter Manley Enterprises
4277,Dirty Martini Productions
20716,VTC
41197,Paragon Motion Pictures
4201,VeryMuchSo Productions
1082,Lux Vide
17390,Pandora Films
18789,Rolin Films
51075,naked eye filmproduction GmbH & Co. KG
63875,Intruder Films
69285,Get In The Picture Productions
2690,Screen Yorkshire
9000,Pathé-Natan
32183,BocFlix
9084,ICE 3
81442,CinemaScópio Produções
48357,Hi-Rez Films
13459,Abbott Vision
6532,Rollin' Deep Productions
10452,Tefi Film
72692,Ciudad Lunar Producciones
16923,Zephyr Films
10086,Arsénico Producciones
3153,Sunrise
21193,Lifeboat News
6507,Mezhrabpom-Rus
23493,Bavaria Entertainment
2851,Zucker Brothers Productions
68662,Dogwood Films
80515,Hoody Boy Productions
73861,Kredyt Bank PBI S.A.
20911,Televisa
6560,Le Monde Entertainment
16466,Producers Releasing Corporation (PRC)
2055,Skyline Films
2705,Baldini Pictures
21576,Morphius Film
28274,Communicado Productions
4704,Four Crown Productions
7135,Sun Pictures
64199,HAMON HAFAKOT
22130,Catmandu Branded Entertainment
13735,Quadrant Films
25083,Casa Bonita
73622,GRLA
15799,Boku Films
4575,Vivendi Entertainment
15059,Simcom Limited
570,Bandai Visual Company (JAPAN)
44226,Screen Siren Pictures
15742,Internationale Filmproduktion
70142,EchoWolf Productions
24156,American Film Productions
77813,Indie Sales Company
84489,BlinkWorks Media
4265,Exterminating Angel Productions
46879,Avante Filmes
10255,Voltage Pictures
19496,AsDuesDon
419,Embassy Pictures Corporation
78890,LifeLike Pictures
86308,Bibo Productions
39016,Alan Sacks Productions
64655,Narsimha Enterprises
6151,Seven Star Film
66451,Lamy Films
26879,Euro Film
48583,IMAX Space Ltd.
95161,Cima Media International
94617,Dark Rabbit Productions
20744,Corner Store Entertainment
21673,Discovery Films
3019,Wingman Productions
42156,Général Films
92539,Synthetic Pictures
20662,TV5 Monde
5674,SF Film
18615,Love Lane Pictures
70938,Rising Star Entertainment
70444,Dreams N Beyond
58093,Roxbury Films
74457,Tencent Video
3483,Startroop Pictures Inc.
3849,Dakota Pictures
8666,Beofilm
8609,TriStar Television
65359,Flashlight Films
38616,Paradise Productions
75911,Variety Motion Pictures
53341,Michael Grandage Company
468,AAA Productions
5660,Point of View Movie Productions
55367,PVPictures
85309,Dan McCulloch Productions
21911,Brat Na Pont Productions
22951,Today Productions Inc.
21954,Red Plush Films
29476,Along The Tracks
2781,Salem Films Limited
82831,De Sica Produzione
18884,HPS Productions
57862,Endlight Entertainment
59646,First Millenium Partnership
1447,Supercine
91212,Milesian Films
8313,Playboy Productions
61299,Evil Number 30 Productions
20786,Massa d'Or Produccions
58784,Alazraki Films
5238,Central Independent Television
93652,Film Group One
14803,Story AB
18010,Clasa Films Mundiales
20394,Young Hannibal Productions
13318,Récifilms
16078,Rojak Films
204,Wüste Filmproduktion
16339,Charles M. Schulz Creative Associates
73088,Ubisoft Entertainment
11742,Jay Weston Productions
77710,Yield Entertainment
23708,capitol international
2356,Rasta International
26137,Dog Eat Dog Films
29500,The Curiosity Company
2525,Avalanche Productions
9015,Worldview Entertainment
27683,Radio Televizija Zagreb
38424,Zuercher Filmstiftung
5101,Nomados Film
21437,Imperial Entertainment
58538,Whale Studio
40414,Motion International
86079,SLAM Productions
22884,The Film Farm
14150,Orion Pictures Corporation
22035,Scared Productions
14656,Dadaş Film
42120,Cine Lu.Ce.
45881,Soho Square Films
75036,SIZ za kinematografiju SR BiH
17170,JJay Productions
18071,FilmDallas Pictures
68355,See Film
26727,Universal Television
12254,Jackson Income Fund
383,Goskino Productions
41669,MGA Entertainment
86979,MT2 Productions
1509,Tesela Producciones Cinematográficas
81541,Région Bourgogne
17298,Centre National du Cinéma et de L'image Animée (CNC)
49872,Poiley Wood Entertainment
27072,Media Education Foundation
58287,Mack-Taylor Productions
15353,Sh-K-Boom Records
12664,Rusconi Film
22198,Stars Pictures
6236,NDF International
82853,Tangent Animation
11732,Airborne Productions
31141,Meddin Studios
74144,Filmiran
3794,Legend Films
52141,Nantucket Productions
76472,Timedial Films
3782,Tax Credit Finance
75999,Telecine Productions
74925,Platige Image (koprodukcja)
63306,Artikulo Uno Productions
55260,Colosé Producciones
4922,Aspen Productions
50998,AD406
8303,StudioUrania
51024,H3 Films
52103,ATM Motionwide
14987,Two 4 The Money Media
7445,Cinematograph AB
84995,Devar Films
75351,Allied Cine Group Pic II
70422,Cafe Oscuro Films
1689,TSJ Entertainment
15488,GoodTimes Entertainment
18448,Abraxas
65583,Cantuckee Pictures
31114,LightWave Entertainment
2689,2 Entertain
6882,Filmimaa
22302,Artangel Media
11418,Zoki Century International Culture Media Beijing Co.
69640,Global United Media
7008,Centerstage Productions
8620,A.S. Films
56780,TVORBA films
8879,Severe Entertainment
14922,Cinovative
64753,Insight Film Releasing
56056,MAFILM 1. Játékfilmstúdió
17625,AB Europa Film
19213,Filmstudio 12A
81199,Hood to Hood Productions
8014,Eagle Beach Productions
73209,RTL Television Germany
1428,Balcázar Producciones Cinematográficas
1083,Ceská Televize
4281,Simon Reeves Landsburg Productions
19003,Nomadic Independence Pictures
88463,Levens
63810,Roxbury
7414,Micott & Basara K.K.
37929,Les Établissements Jacques Haïk
94949,China Resources
12527,Pendragon Pictures
42,Universal Pictures Corporation
58839,De Negris Productions
31246,Pierre David Entertainment
3683,Limited Edition Productions Inc.
74622,Real Internacional
16106,Fantale Films
186,Pyramide Productions
11971,Jerry Bresler Productions
17159,Cas-Mor Productions
11628,Tequila Gang
3188,Lemon Tea Productions
62658,Mass Appeal
20550,Forum Films
13569,Shisso Production
35021,Shumba International Corporation
7565,Nabu Films
1613,Progefi
17464,Stairway
63227,Old Beantown Films
32430,Commotion Pictures
78480,Les Filmes du Cyprès
32414,Amigos Creations
58393,Gloriamundi Producciones
52394,Red Productions
6270,Cinépix
12335,Rex Carlton Productions
73505,RTV Sarajevo
5018,Lockheed Aircraft Corporation
1711,Ognon Pictures
22269,Stardust International
43948,Vistaar Religare Film Fund
8219,Terra Filmkunst
11705,Los Hooligans Productions
6302,Room 101
16688,Art Pictures Group
87696,Le Soleil Films
44784,Wildwood Productions
15671,France 2 Cinéma
28688,Triumvirate Films
63494,PicturePlay Films
11240,Polski Instytut Sztuki Filmowej
16642,USA Network
76345,Four Sons Pictures
41574,AB Video Solutions
83029,Tivoli Film Produkcio
6546,Was Productions Ltd.
77779,Teuvo Tulio
2082,Calypso Filmproduktion
12834,Idol Company
10901,Ministère de la Culture
81522,Alarahastatud Filmikompanii
11631,Inosan
17411,Polar Entertainment
5843,Renegade Pictures
15660,Longridge Enterprises
5537,Wolfe Releasing
22028,NiKo Film
6852,Cirrus Communications
30065,Sinatra Enterprises
16882,Granit Films
12134,Paris Etolie Films
9048,Hazazah Pictures
12518,d-rights
10924,Peppermint & Company
20315,Split Second Films
58321,TSBD Louisiana
6470,Walt Disney Production
61130,Pray for Ukraine Production
75080,Digic Pictures
48706,Ghostown Film Management
48026,Whitley Partners
8196,Chili Film
52995,A.M. Trading International S.r.l.
21717,Magnolia Productions
5969,Filmmakarna
12341,CFWB
12555,Annex Entertainment
4645,2T Produzione Film
23666,Andrea Films
67140,DOK Films
3219,Amuse Soft Entertainment
10920,Akira Committee Company Ltd.
4576,Avton Films
27807,Image et Compagnie
18479,Corduroy Films
82376,Quorum Films
83039,blue budgie filims
81185,Carter Seagrove Project
27277,Cool Beans
43810,Buton Film
7734,Subterranean Productions LLC
69959,Really Real Films
1087,Aurora Productions
80588,Fritz Lang-Film
12434,Autour de Minuit Productions
16191,Odeon Rybarczyk Productions
16065,Multicine
6126,Gruppo Bema
93488,Cigua Films
20913,Windward Entertainment
73635,Free - Cool - In
26421,Living Out Loud Films
63803,1718 Studio
13310,Quebec Film and Television Tax Credit
24992,Sandline Production
16823,Aleor Films
741,Emotion Pictures
7835,Team Film AB
2749,"Chaos, a Film Company"
1937,Notro Films
23936,Exclusive Film Distribution
52933,Kowalski TV
1130,The Rank Organisation Film Productions
30452,Bento Box Entertainment
6697,the Canadian Council
7455,Cinémage 4
18829,SCTV
4543,MT2 Services
11493,National Film Finance Corporation (NFFC)
19370,Collector Company
10530,Alternate Ending Studios
6153,F-Seitse
163,Revolution Films
21774,Benaroya Pictures
54732,Aurum Film
4735,Namco Tales Studio Ltd.
34532,Prophecy Entertainment
9078,Constantin Film.
3493,Lost Toys
19323,TurtleBack Productions
2624,Lago Films
12534,Russkoe Schastie Entertainment
20951,wonder films
61201,Anna Sanders Films
20666,MID Foundation
19607,Troubadour Films
14869,E. & L. Productions
4986,Intercapital
14121,Image Ten
1432,Republic Pictures
3890,Baldwin/Cohen Productions
37627,Fubar Films FL
69765,Red Headed Revolution Pictures
930,Lone Star Corporation
7887,Endymion Films
985,Filmstiftung NRW
7047,Paramount Pictures Corporation
10910,Strix Drama AB
43458,Società Europea Films Internazionali Cinematografica (SEFI)
22541,Intuition Films
6475,Metro Communications
1811,FilmColony
14375,Twin Roads Productions
30870,MPS Group
48805,Changchun Film Studio
68265,Hackybox Pictures
84041,Pascal Pictures
94427,Cloverleaf
35915,Noma Productions
1212,Empire Pictures
86061,Cheerland Entertainment Organization
2989,Departure Entertainment
35027,Joe Siu International Film
10888,Mediana Productions Filmgesellschaft
6338,Acolyte Films
11180,Liaison Cinématographique
69465,Sofica Soficinéma 2
14269,Hill-Hecht-Lancaster Productions
1969,Trans World Entertainment
2095,Pelagius Film
28787,WideAwake
3811,John Frankenheimer Productions Inc.
84634,Orange Studio
88977,Alegria Productions
17821,Ripple World Pictures
81614,Chop Flix
81779,Nova Films
79711,Augusto
1033,Victoires International
11843,Goldcrest Pictures
17437,PTTP Films
4305,Film Tiger
6388,Clan Celentano
24284,Monumental Pictures
80556,Gilded Halfwing
73383,Victorino Noval Productions
74079,Skobelev Committee
22510,Zoetrope Argentina
90139,My Hero Productions
8955,Cinedistri
6349,Chi to Hone Seisaku Iinkai
50885,Karuna Pictures
25035,"Dark Art Films, Ltd."
63971,Prospector Films
7621,Indian Film Company
32242,Grisbi Productions
84953,Club des Investissments
23153,Wüste Film West GmbH
1813,Charley Associates
10229,New Holland Pictures
65822,Michael Mann Productions
89627,Glitter Productions
4545,RSA Films
89674,Digital Forces
859,Saga Film
4598,Chesler/Perlmutter Productions
50908,Trigger
11358,Little Bird
16270,Kulturtuben
26753,Dania Cinematografica
13358,Pin Hole Productions LLC
29650,Eloseppo
11,WingNut Films
76492,MHF Erste Academy Film GmbH & Co. Produktions KG
76857,MTM Entertainment
5005,Bedlam Productions
7369,Human Worldwide
80021,Hanguk Munye Yeonghwa
28790,Moriarti Produkzioak
54598,Schulberg Productions
50962,Detroit Riot Productions
76991,Highland Film Group (HFG)
22230,Avi Chai fund
5768,New World-Mutual
51322,Capi-Holland
20915,Hrvatska Radiotelevizija (HRT)
35519,JungeFilms
41608,Productivity Media
71712,Après le Déluge
9282,27 Films Production
74110,How follows what
75453,Arab Fund for Arts and Culture
7826,Two Dog Productions Inc.
7433,Ocean Pictures
11694,Ministère de la Culture de la Republique Française
85187,Boxmotion
4393,Kreative Film Empire
41812,Parallactic Pictures
25689,Sodona Entertainment Inc.
2903,Bystorm Films
36885,Sojourn Pictures Ltd.
53826,Prostar Entertainment
1730,Franca Films
1848,Les Films d'Ici
2646,Deep River Productions
45424,Heart & Soul Production
63550,Sheherazad Media International
6128,A-Team
23665,Forecast Features
11220,BUCK Productions
11795,France Télévisions
77845,Monarchy Enterprises S.a.r.l.
19113,Apollo Associates
13941,Tom Graeff Productions
19737,Dino de Laurentiis Communications
72677,Amazonas Images
2205,Big World
22999,SMTS
38511,Hexatel
81478,Trete Tvorcheskoe Obedinenie
907,Overbrook Films
21139,Archstone Pictures
3535,Associated London Films
70294,Optimax film
57498,Canada Television and Cable Production Fund License Program (CTCPF)
4741,Nu Image Entertainment GmbH
79261,Television Broadcasts Limited (TVB)
69411,Kendrick Brothers Productions
37769,El Reló
840,Lawrence Gordon Productions
13749,Filmservice Distributors Corporation
37765,Verdi Productions
2617,Ozla Pictures
7070,Davis Entertainment Classics
57342,Cypress Point Productions
69483,Maxlab Entertainments
3825,Avrio Filmworks
4857,Insignia Films
12053,Cofinova 5
64202,Tju-Bang Film
62136,Civilian Pictures
1797,COMECI
37767,Toma 27
25708,Cinema City Film Productions
88976,Guy DVD Films
18180,Willing Suspension Films
89634,20th Century Fox de Argentina
59425,Ernst Marischka & Co
3448,ITV
82915,Golden Circle Productions
1147,Madeleine Films
73578,Menaures BV
78646,Pabst-Film
3559,Citadel Entertainment
4258,Fortis Films
70054,Tadié Cinéma
86962,Bad Theology
25967,AB Ri-Film
66991,Out Of The Woods Productions
13912,ARO Entertainment
52828,Fett Film
8708,Kodak
41251,Reveal Entertainment
26344,Horse Head Pictures
87494,Thoke Moebius Film Company
73951,Classic Media Productions
7733,Laurinfilm
12351,VRT / Canvas
68035,Scala Productionss
72903,Shaw Moviecity Co. Ltd
26646,Edgewood Entertainment
69934,"Malpaso Company, The"
88419,Casting del Sur
544,De Laurentiis
20033,Chris Lee Productions
4972,Platinum Pictures
53568,3 Legged Dog Films
62171,Film Produkcja
73178,Universal International Pictures (UI)
5659,Film It Suda
124,Südwestrundfunk
4359,Paradigm Pictures
16253,leo films
3331,TPW Films
29923,FauxPop Media
55132,Studio ADI
86712,Rolling Film Entertainment
80667,Lutetia
33634,China 3D Digital Entertainment
7764,Telecine
56690,Fred Silverman Company
40973,ASK Eurofilm
2431,MegaColor
19749,Yuk Films
6387,Irrigazione Cinematografica
69395,Cinemanila
75038,XYZ Funding N.V.
90053,Sabre Film Productions Ltd.
14093,Herman Cohen Productions
51765,Carolina Torn Asunder Inc.
26288,Pegaso Cinematografica
705,Spring Creek Productions
10574,Uni Etoile 4
58659,Left Field Ventures
5766,ARTE
1049,Kasander Film Company
72640,Avion Films
74355,Blue Goggles Films
36274,Hill/Mandelker Films
61019,Survivor Pictures
34877,Peter Thomas Productions
8699,Program 33
11499,Alan Young Pictures
11331,Cinétévé
72276,Sakhkinmrestsvi
73569,ThreeColumnsEntertainment
10941,"Zespol Filmowy ""Iluzjon"""
34097,Superstitious Films
13747,Cyclone
1701,Dania Film
8875,Pretty Pictures
4249,Hanover Films
25655,Persistence Pictures Inc.
13653,Discofilm
23567,VT Films
60290,Masthead Productions
22975,Kejo Productions
13777,Mark Forstater Productions Ltd.
35465,United Filmmakers
82064,Altimeter Films
4064,Society Productions Inc.
53,Les Films du Carrosse
30225,Blue Horizon Productions
74257,Finition Productions
26555,Spotlight Films
2700,Rectangle Productions
68120,Aetios Production
91316,Almost Famous Film- und Medienproduktion
27467,Team Downey
73989,BBO Star
2694,VIP Media
213,Cooper's Town Productions
94783,Tiu-Tiu Film Productions
11049,Caliber Media Company
79161,Seven Network
77222,HEART-headed Productions
11550,Corus Entertainment
44101,Last Call Productions
3458,Clover Productions
11324,Pacific Title and Art Studio
73332,Woodland Pictures LLC
58547,Blancbiehn Productions
33593,Agat Films & Cie
260,Heritage Films
16621,Blood & Bullets Productions
13790,MiniFlix Films
12711,Emmepi Cinematografica
12978,Kettledrum Films
84228,Orca Productions
89131,Orr & Cruickshank
18004,Lime Street Entertainment
20769,Banfilm
69542,Ahimsa Films
95301,The Running Scared Company
1325,A.J. Films
10914,Peter Jones Productions
19246,Faliro House Productions
13305,Fonds de télévision et de câblodistribution pour la production d'émissions canadiennes
20857,Rubber Films
58669,Rhamsa Productions
87897,Robbins Entertainment
61759,Lifetime TV
47818,Anglo-Amalgamated Productions
19777,Millbrook Farm Productions
1307,Triangle Film Corporation
10826,Akson Studio
1221,Gainsborough Pictures
89446,Two Tone Pictures
39036,Atom Factory
70030,Penbar Productions
1379,Documento Film
642,S.G.C.
3789,Plainview Pictures
62138,C-Hundred Film Corporation
79554,Neue Film Produktion (NFP)
1516,Kindai Eiga Kyokai
19931,TV3 Television Network Ireland
22883,Partnership Pictures
60255,Half Circle
35712,LTZ II Inc.
3986,Martin Poll Productions
13123,Nucleo Internazionale
12407,Panache Productions
46052,SW7D Productions
56896,Barthonia Film
10724,Kenneth Lauren Burns
20736,Phillip Productions
40740,Fire Heart Films Inc.
16015,K-Network
8521,Enrique Cerezo Producciones Cinematográficas S.A.
53873,Something Else B.V.
11366,Str8jacket Creations
60041,LWH77 Productions
75517,Mali Government
21209,3 Arts Productions
44743,Fabrica Cinema
48701,My Way Pictures
5662,Traveler's Rest Films
49589,Scena Film
22870,Creative Andina
2796,Wild West Picture Show Productions
7535,Lux Digital Pictures
73138,Propaganda Production
29315,Cine del Caribe S.A.
85976,Chase Regency
40966,Dirt Road Productions
16712,Liberty Film
14232,Gamma Film
93167,Subsecretaría de Propaganda del Ministerio de Estado
89253,Full On Film Productions
60081,Vandal Entertainment
40671,Lewin Films
90630,Kraun
90553,Bobbs-Merrill
89546,Stratton Film Production Ltd
12779,Leda Films Productions S.L.
50889,Marrero Productions Inc.
69112,Theatre Of Material
5503,Productions Bleu Blanc Rouge
5484,Winters Hollywood Entertainment Holdings Corporation
22134,Plural - Jempsa
7532,Scorpion Film Production
11687,Le Fresnoy Studio National des Arts Contemporains
52599,Mike Lobell Productions
11551,Movie Central Network
30391,Balcázar Producciones Cinematográficas
40927,Circle Associates Ltd.
65430,Travis Producciones
22934,Workshop Films 2
58240,J.P. Productions
57783,Sept Films Cinema
25020,Victoires Productions
1112,Bela Productions
14582,MediaTrade
74575,Riva Films
24939,WV Films II
10196,Produções António Lopes Ribeiro
4299,Newtown Productions
33433,Furthur Films
38955,Orpheus Films
4450,Foxstar
84194,Luminosity Media
28190,13 Productions
54051,Atman Entertainment
23188,Creature Features Productions LLC
38977,Moody Independent
1311,The Asylum
44161,Suresh Productions
18480,Embrem Entertainment
77830,Mirror Images LTD
56291,Wonderview Productions
4592,Dark Sky Films
12939,Armada Pictures
64111,John Sexton Productions
6739,RHI
6125,Walt Disney Animation Studios
73648,Bee Films
85392,Maxine Street Productions
13320,Les Films du Trésor
3256,Lightning Entertainment
80386,Triangle Films
75533,głębokiOFF
11706,William Self Productions
49311,Sixteen Tons Productions
6274,MK2 Production
57408,Mad Chance Productions
89122,Look to the Sky Films
42121,Regency Productions
43854,Nero-Film AG
69124,G. Mahesh Babu Entertainment Pvt. Ltd
36175,3 Ring Circus Films
28822,Santo Domingo Film & Music Video
4392,Pacific Arts Video
11195,Faulkner-McLean Entertainment
26568,JPG Films
62977,Wise Guy Productions
74838,NAS
32508,Entcorp Communications
6742,Sudden Storm Productions
21581,Studio Rikka
27119,Les Films de Mindif
89141,Stay Gold Features
11767,Kookmin Venture Capital
6,RKO Radio Pictures
12511,Gleneagle Productions
11956,Apparatus Productions
12282,Elmer Enterprises
11984,Intes Corporation
20344,First Light Production
42053,Salty Pictures
10207,Casbah Film
8630,F G Film Productions
78962,Romanian Culture Ministry
53255,Ganesh Pictures
89635,High Sierra Carpeting
51955,Bollywood Hollywood Production
8497,Coline
73668,Tredegar Film Works
22867,Framestore CFC
2278,EOS Entertainment
5347,Magla Productions
44467,Big Sister Production
8131,Timothy Burrill Productions
55524,Latent Image
86655,Media Rights Capital (MRC)
1761,Elsani Film
20852,Derrick Comedy Productions
4407,Gimages 6
23066,Logline Studios
9064,Styx Productions
77965,Gibran National Committee
46198,Wind Chill Films
46170,The  First Musical Company
8301,Universal Media Studios (UMS)
8016,Época Films S.A.
315,Filmstiftung Nordrhein-Westfalen
11588,Ford-Smith Productions
74954,Sorrento Productions
22146,Black Bear Pictures
5850,Belvision
85985,Centrale Sanitaire Internationale
15937,American General Pictures
19751,Indochina Productions
42648,Rosebud Films
5252,Invisible Hand Productions
13959,Russflix
76585,Revolution Production
2308,Type A Films
331,SevenPictures
75075,Comma 9
53416,Fitzwilliam Productions
58661,Chocolate Frog Films
10933,Paragon Film Group
22059,Laredo
44315,Raindance Raw Talent
78780,Iconoclast
48942,Alaska Film Partners Ltd.
85391,Jaya International
2329,Krátký Film Praha
34634,José Frade Producciones Cinematográficas S.A
12349,Rotterdam Film Festival
79000,The Army Film & Photographic Unit
6194,Warner Bros.
11415,Beijing Forbidden City Film Co.
6929,Realitism
50904,Interchange Productions
23235,Mansfield Pictures
6114,Harristown Funding
15627,Big City Pictures
51255,Ramalho Filmes
57435,Applecross
249,Société Nouvelle de Cinématographie
56940,Adama Pictures
1736,Films Metzger et Woog
92127,Noble Entertainment Group
8444,Phantom Productions
16443,Nickelodeon Productions
11653,Discobolo Film
22869,Defiant Pictures
295,New Zealand On Air
1386,Filmirage S.r.l.
54191,De Angeles Films
6426,Dan Wigutow Productions
75524,Transfiguration Productions
28381,Dr D Studios
1741,Cofimage 2
40539,Scorched Films
75643,Historia
3494,Cookout Productions
17172,Roar Productions
837,Oï  Oï  Oï Productions
8040,Casey Productions
14358,1821 Pictures
14198,FP Films
1591,Rhino Films
22370,Katharina
79421,France 2 Cinéma (koprodukcja)
90949,Friday Night Productions
7383,"Kennedy/Marshall Company, The"
87208,Sovik Global Contents Fund
8265,Schmidtz Katze Filmkollektiv
46568,"Zespol Filmowy ""Perspektywa"""
3975,Wolfkill
50837,Bijker Productions
4821,Filmgroup Productions
6127,Metro-Goldwyn-Mayer Pictures
4427,Baba Arts Limited Productions
62217,Creando Cine
13768,Penelope Productions Inc.
14380,Gina Production
93973,Black Rock
61789,SuperNormal Pictures
43256,Nest Features
27071,Kievskaya Kinostudiya
78637,Upian
11931,Prime Time
32718,Departamento de Cultura del Gobierno Vasco
5249,Nariman Films
7040,Ninjin Club
92794,Documentary Channel
14574,Gurian Entertainment
26305,Solax Film Company
15822,Trancas International Films
94965,PPV Athens
14348,Ryu Murakami Office
69985,This and That Productions
74700,Inforg Stúdió
17095,Rhapsody Films
11712,Kindle Entertainment
69705,How To Productions
10265,Peter Rogers Productions
26045,Bison Films
24946,west wind entertainment
14599,Soyuzmultfilm
90573,March On Productions
10441,The Bureau
22933,OffSpring Productions
52704,The Jerry Gross Organization
8186,Bliss Media
17049,Two Ton Films
2769,Waterfront Productions
7975,Inflammable Films
34446,I Remember Productions
7419,Scion Films
12022,IDTV Film
2965,Boram Entertainment Inc.
6037,Secol Superbo e Sciocco Produzioni
32510,CinePostproduction
12297,Hand Made Films
28935,Emergency Exit Pictures
31818,Junction Films
5798,Shaw Brothers
12353,i2i Media Programme
57032,Bruce Lansbury Productions
93146,Fernlyn
21332,Eye Entertainment
8605,Cine Excel Entertainment
13362,Preferred Content
81113,Hole in 1 Productions
36869,Swipe Films
26072,I'm So Sorry Productions
53015,Crown Media Productions
68097,Bonnie Timmermann Productions
4271,Insight Productions
85048,China Dream Film Culture Industry
26466,Lola Films
761,Cinehaus
33578,Galaxy Vision
3644,Zenith Entertainment
19248,3 in the Box
33674,Avenue Picture
3709,Z Picture Company
17375,MindWorks Media
4705,Arkoff International
40486,Parkville Pictures
3616,B.O.M. Film Productions Co.
89628,Maroon Entertainment
5530,Contraption Limited
6135,David Hannay Productions
38212,FJ Filmi
2341,Belladonna Productions
52060,Duly Noted
2210,K2 SA
1789,M&M Productions
84255,Stanley Thomas Johnson Stiftung
67574,Space Rocket Nation
8469,Louverture Films
2282,Roissy Films
16643,Deutsche Universal-Film
4030,Jeff Most Productions
69626,Tales From The Crypt Holdings
49405,UZ Productions
21540,Mary Pickford Company
78975,Rajkumar Theatres
283,Notting Hill Pictures
41605,Bandai Films
49982,IM Global Octane
8859,Chain Camera Pictures
54997,WR Universal Group
32802,Vides France
42004,Thema Production
40999,Hummingbird Communications
16535,Impics Productions
68129,Dream Company
52426,Aloupis Productions
11610,Absurda
17781,Cohen
24615,Non-Aligned Films
1235,Neue Visionen
25514,Basic Cinematografica
9127,Off Production
4242,Golden Gate Pictures
3268,Home Box Office (HBO)
25128,"Double ""A"" Pictures"
17594,John Goldwyn Productions
19601,Favorit Film
11265,Osiris Productions
11293,IMVAL Producciones
37255,Dalco
2715,Amka Films
1844,Ring Productions
18588,Motion Picture Public Foundation of Hungary
28767,Archipel 33
45410,Toei Video Company
52095,Dream Man Productions Inc
95357,Metromedia Producers
39613,Pelemele Film
52165,Alquimia Films
4012,Mogabi Pictures
86507,Genesis Motion Pictures
62513,Easy Open Productions
56950,Broad Street Pictures
12206,Edko Management and Consulting
18075,Oregon Public Broadcasting
92470,Dublab Media
15926,Embassy Home Entertainment
27991,Aquí y Allí Films
78242,New Crowned Hope
1138,Filmways Pictures
94202,Pointblank Pictures
16486,Parallel Film Productions
10537,M.C.M.
11068,Nostromo Pictures
93528,Casual Friday Productions
1525,Philippe Dussart S.a.r.l.
3898,Sandbar Pictures
22628,Netherland Filmfund
31342,Big World Pictures
38038,Pictanovo Nord-Pas-de-Calais
21211,Rome Film Commission
54531,New Sky Communications Inc.
11357,Atlantic Television
72681,Secretaria de Estado de Cultura do Espirito Santo
20473,Czech Anglo Productions
20191,Mitsubishi Shoji
25140,The Exchange
4090,Hanson Allen Films
10215,Legend Production Company
35814,Konwiser Brothers
55798,Goldwyn Pictures Corporation (II)
12081,AIC
51788,Purple Milk Production
55110,Globosat / Telecine
11796,Centre du Cinéma et de l'Audiovisuel de la Fédération Wallonie-Bruxelles
2410,Filmes
13807,Family Room Entertainment
75448,Marsa film
1873,Sophie Dulac Productions
557,The Leonard Goldberg Company
34271,Recyclewala Films
62485,Plan B Productions
14698,Jeremy Thomas Productions
48421,Adullam Films LLC
69686,Mazur / Kaplan Company
49206,Baron Films
51343,Arte / Cofinova 3
14033,Impossible Films
25148,Deutsche Film AG
78462,Intuitive TV
5727,Lilou Film
668,T.H.E. Films
9369,Obel Film
19552,Horseshoe Bay Productions
5958,Defilm
29018,Visionview Production
55968,Submarine
34380,Cargo Entertainment
84599,Aist Corporation
80783,Know Rules Media
33798,Focus Productions Inc.
38920,Christian Wagner Film
84788,Highlook Communications Group
21210,Brady Oil Entertainment
2929,Filmquest Pictures
12877,Shree Venkatesh Films
21546,Fábula
74860,House on Fire
65649,SSS Entertainment
4830,Alpha Cinematografica
73322,Conspicuous Pictures
8406,Big Kid Pictures
5041,Anglo-EMI
45867,Star Film Company
10678,De Milo
10324,William Castle Productions
20318,Level 10 Films
42498,Arturo González Producciones Cinematográficas S.A.
40478,E.H. Filmes
40274,Dévelopimage
53020,Eclectik Vision
41803,Buriti Filmes
1373,Jürgen Brüning Filmproduktion
2973,Picture Farm
67889,Polygram Pictures
71842,Cinétéléfilms
87722,Czar Pictures
14627,Dragonsteel Films
32184,Belle Pictures
81895,Petit Films
39302,National Studios Inc.
10209,Rai Tre Radiotelevisione Italiana
875,Films A2
62411,aWounded Knee
42202,Cofimage 17
606,American Werewolf Inc.
83622,Jock Film
49160,American Continental Corp.
38952,Two Guys and a Film
7789,Voyage Productions (III)
18437,Finnegan Associates
21216,Art & Industry
16897,Ciné-Sud Promotion
11666,Skogland Films
53903,Sud-Est Productions
11772,Masulpiri Films
6505,Coproduction Office
19332,WS Filmproduktion
18242,Alcatraz Film
5221,Rigel Entertainment
2328,Bavaria Atelier
78363,Fonds voor de Nederlandse Film
69815,PCH Films
3488,Portman Film
35761,A+E Studios
4000,Maverick Films
84167,Adaptive Studios
65013,Boulder Media
48934,Shaw Brothers (HK) Ltd
22443,Nu Image Entertainment GmbH
57739,Picture House Entertainmet
5054,Barna-Alper Productions
78667,Totsu
77748,Philip D'Antoni Productions Inc.
6606,Falco
75566,Studio El Orch
1569,Yash Raj Films
9236,BGA
19878,Quintra
43717,Hacienda Productions
11960,MGP Productions
53491,Generalitat Valenciana
33156,Lichtmeer Film GmbH
32287,Good Note Productions
30420,Anonymous Content
52760,Hometown Films
975,Gerber Pictures
40969,Dufferin Gate Productions
3180,Pan Vision
23597,Island Bound Productions
24951,The Armenian National Cinematheque
2335,Film 4
67976,Green Day
36430,Abraham Productions
3416,Sombrero Films
14249,Motion Picture Investors
56779,Sokol Kollár
8341,Imus Productions
11176,Carousel Productions
40422,Premiere Entertainment Productions
29822,Visuals-Productions
3241,Electric Entertainment
7928,NBC Studios
73539,Copenhagen Film Fund
3723,Rasta Films
63053,Rockster Productions
2583,Two Roads Entertainment
14651,Флагман-Трейд
31297,JSM productions1
85165,Miracle Entertainment
2303,Villealfa Filmproduction Oy
60828,Strange Pictures
21678,Marquis Productions
25523,Ulrich Seidl Film Produktion GmbH
78244,Ross-Stillman Productions Inc.
1722,Copa del Oro
33822,Spiltan Underhållning
63065,Post Faust Ltd
8805,Industrial Light & Magic (ILM)
5861,Showtime Films
34207,Prufrock Pictures
4476,Mililifilms
64498,Cinetel S.A.
33957,Cofinova Développement 6
54592,Lusomundo
20479,Manson International
76914,West Danish Film Fund
80274,Sparkhope Productions
31301,Field Guide Films
7316,Phoenix Wiley
24532,Renova-Media
81755,Pacific View Management
75514,French Ministry of Cooperation and Development
69832,Paragon Films
76294,Schubert International Filmproduktions
80256,Transeuropa S.A. Cinematografica
14225,Waterfall Prouctions
3439,Next Day Air Productions
40230,Forastero
565,UK Film & TV Production Company
5857,Kingsway Films
73466,TV 2000 Film- und Fernsehproduktions GmbH
78259,Ashutosh Gowariker Productions Pvt. Ltd. (AGPPL)
35802,Nasser Entertainment
51028,HomeComing RC
78316,Gaumont (co-production)
28433,Bulletproof Productions
12924,Above All Things Inc
78624,Bandito
50477,Dos Dudes Pictures
64651,Saw 2 Productions
94854,Helkon Media
23310,Karol Film Productions
97,Castle Rock Entertainment
51861,Dovemead Films
74688,Eesti Televisioon (ETV)
14166,Olympic Film
20671,Radius-TWC
57612,Epicmedia
13495,Flashpoint (I)
67005,Radio Televizija Srbije (RTS)
13260,Directors Company
45986,Drexel Productions
18402,MRB Productions
5126,Beyond Infinity
9342,Central Partnership
10054,Irusoin
4712,Dave Edwards Studio
79699,Cinecitta Italiana Stabilimenti Cinematografici
8896,Manhattan Pictures International
52917,Mixed Bag Media
10221,Walden Media
50492,May Day Movies
28382,Kennedy Miller Mitchell
11394,Films en Stock
77130,Contento Films
82019,GPeeS
81017,Cine Camera
696,Rogue Marble
66400,Play Nice Productions
1723,Transcontinental Films
77233,France Opera Film
1737,Hoche Productions
30031,Atlas Productions
3298,Harpo Films
67117,Jaye Bird Productions
19933,Oil Flick Films No.2
31637,Jay Lewis Productions
32955,Bamdad Film
14332,Fantastic Factory (Filmax)
45601,Sri Lakshmi Narasimha Productions
21374,Dummy Productions LLC
93194,Equipe Moacyr Fenelon
81397,Protest Productions
20450,Biscayne Pictures
23315,Warp Films Australia
15129,MPI
11106,Marvel Knights
14526,Asia Digital Entertainment
35600,Helios Productions
5667,Anime Innovation Tokyo
13965,Total HelpArt T.H.A.
79373,Pop Pictures
11889,E & G Prouctions
3347,Dry County Films
6694,Arden Films
92715,Famartists Productions S.A.
6704,Illumination Entertainment
2496,Röde Orm Filmproduktion AB
7060,Breakout Films
84226,Sembene
20922,New Vision Films
56982,Keylight Productions
95355,Creative Film Associates
36791,Emshell Producers
21226,Anacol Productions Inc.
64207,Bravo Hotel
22052,Manchester Productions
26560,Esparza / Katz Productions
5044,Infinity Omnimedia
22695,Smokehouse Pictures
9122,Cohen Media Group
95028,Thelma/Louise Produktion AB
44210,Cactus Flower Producciones
50997,Somerset Film Productions
793,Galatée Films
61896,Douglas
80343,Defining
15798,Zingraff Motion Pictures
7299,Corsan
12827,Gary Hoffman Productions
18359,Ringling College of Art and Design
46744,Zack Ewans Production
2229,Red Bank Films
75466,Mad Dog
3299,ApolloMovie Beteiligungs
473,TAO Film
17358,Orange Films
5924,Fox
47854,NW Documentary
94356,Phantom Planet Films
23378,At Group
38725,E1 Entertainment
13504,Sneak Preview Films
38662,Law Brothers Entertainment
5420,Color Force
6262,Space Productions
13675,Village Roadshow Entertainment
84640,Duck Attack Films
21777,TC Productions
3965,Taewon Entertainment
68386,Panamint Film
47802,Untitled 13
49944,Shareman Media
81366,Isaac Hernández Poncela
22486,Sikhya Entertainment
21747,Northern Film and Media
159,Shady Acres Entertainment
20067,TAJJ Media
2122,Erma-Film
22805,7 Films Cinéma
35830,Tridev Arts
48663,Detailfilm
37517,Monika Bacardi
7570,Videocine
4124,Enos' Rose Productions
22820,Rossen Films
4106,Libra Pictures
26606,Région des Pays-de-la-Loire
24038,Take Partnership
22066,Emerald Peak Entertainment
52290,G4 Pictures
7834,Treklövern HB
17592,Icarus BC Productions
4077,Crystal Sky Worldwide
6687,Viz Media
2427,Zazen Produções
59388,Beijing Weiyingshidai Culture & Media
60062,Budapest Film Produkciós
12293,Hollywood Royal Pictures
75983,Cofinova 11
94728,Johanna
4354,"Geffen Company, The"
496,David Foster Productions
93117,Zhang Yimou Studio
89994,Full Clip Productions
5527,Jonathan Productions
7277,Paradise F.X. Corp.
10140,Producciones de la 5ta Avenida
56074,Australian Film Development Corporation
3029,China Star Entertainment
10692,VH1 Television
24145,Wild Bunch Germany
14132,Contemporary Productions
47499,Boyut Film
56811,Magus Productions
73345,Collier Young Associates
90743,Schick Sunn Classics
68959,Decoys Production
44983,Vidvinkel Film
47028,Last House on Cemetery Lane
8088,Origin Pictures
72878,Truth Soul Armor
49609,Papagjika Salloway Productions
63136,Wa Entertainment
35524,Operation Prime Time (OPT)
5622,TVN
19592,Blenkov & Schønnemann Pictures
22030,Diamonds International Film
73631,Globe Pictures Corp.
89864,Film International Rotterdam
77446,Season
19606,Searchlight Films
18890,Movie Machine
42610,Sebastian Films Limited
79009,The Kraken Films
42810,Soraya Intercine Film PT
53871,GreenStreet Productions
79076,Studio Image 4
2461,Chris Brinker Productions
67715,Nozon
72020,Cinenova Productions
89489,Eracme Entertainment
17136,L.B.Films International
17116,Lucía Films
3765,Messick Films
763,Intermedia Films
11086,Lunamine
16127,Film Guarantors
48698,National Aeronautics and Space Administration (NASA)
7225,DHX Media
18947,Atlantic Releasing Corporation
21783,Crystal Lake Entertainment
85628,All Entertainment
7024,Sender Freies Berlin (SFB)
15073,Enlightenment Productions
78622,Kirsten Ames Mgmt + Prdctns (KAMP)
15113,Boo Productions
61645,Vans Warped Tour
91244,BDI Films Inc.
24372,Illuminations Films
17643,Met Film Production
39707,The Bridge Finance Company
74862,IMS 6 LLP
18737,NFH Productions
11987,Real Dakota
2215,Cinevent
77574,Amegro Films
59967,Chesterfield Writer's Film Project
20049,DuArt
69202,Bathysphère Productions
10261,DW Studios
79621,Arauco Films
745,Les Films de la Pléiade
78949,Desen International Media
28494,Bowery Hills Entertainment
27592,Mediajuice Studios
12575,Endor Productions
26449,NCA Productions
15195,UK Film Studio
74105,Motel Pictures
18702,Player Entertainment Group
1313,Clarion Films
43808,RLJ Entertainment
46281,Biberche
39509,Free Range Films
21217,Amalgamated Bear
1208,Rising Star
7161,LivePlanet
5155,PSC
2354,Tesauro
20598,Centro Produzioni Cinematografiche Città di Milano
7129,Rezina Productions
8502,Diamondback 99
14459,СТВ
33453,Chaotic Rampage American Pictures
12199,Madhouse Entertainment
10819,CanWest Global Television Network
35930,Fidelity Productions
15555,Euan Lloyd Productions
10405,Emmett/Furla Films
50162,Moetion Films
13554,Matter Productions
25526,Uncooperative Pictures
35556,Little Bird Production
20456,National Lottery through UK Film Council
11801,Trigger Street Productions
4945,Open Eye Pictures
11940,Poste Image
5555,Global Medien KG
13708,Acteurs Auteurs Associés (AAA)
55737,The Culling Productions
19423,Cinema Verity
22045,Western Australian Films
4710,Fellah Pictures
19091,Government of Ontario: Ontario Film and Television Tax Credit Program
5815,Xanadeux Company
5135,Curtwel Productions
21708,United Multimedia Projects
22376,Plunge Pictures LLC
18026,IMV Vertieb Media
21450,Ankor-Film
17177,Auswärtiges Amt
6306,Asylum
22040,UAA Films
82071,In The Dark
16581,United Channel Movies
38582,Geetha Arts
42521,Liden Films
7347,Corps à corps
92754,Black Lantern Films
13657,Gemini Filmproduktion
85801,MacGuffin Pictures
7149,Princes Production
23791,Sean Bailey Productions
5652,Six Entertainment
2783,Motlys
34469,Silver River Productions
5632,Milky Way Image Company
22655,Remstar Media Partners
49936,Don't Look Now
36122,Isolar
29005,El Azar
10320,Carolco Entertainment
83902,Accord Productions
702,3L Filmproduktion GmbH
15494,British Columbia Television
19534,Mirage
30099,Serene Skylight
55369,Koppelman/Levien
67612,Grid Animation
39331,Buena Onda Films
36109,thefyzz
84316,Usual Suspects Productions
58,Sony Pictures Classics
15888,Moving Pictures
1255,Compagnie Eric Rohmer
10418,Demi-Monde Productions
65394,Cecchi Gori Pictures
8970,Mezhrabpomfilm
10814,Iconica
20614,Luther Davis Productions
8395,Yellow Films
49925,Dark Hero Studios
35020,Mindshare Media
57282,Feast Productions Limited
74061,Eldorado Films
27912,Indie Entertainment
87385,Wallis-Hazen
55874,Pan
83190,Flatland Productions
63905,Nation Earth
20370,Tatfilm
17491,Milkshake Films
18485,Rohfilm
12894,Every New Day Prictures
66234,Sofica Cinergie
414,Fountainbridge Films
5195,MAZEfilms
5450,Picture Park
47502,warner bross Turkey
1878,Bonfire
26948,Equity Pictures Medienfonds GmbH & Co. KG II
20486,Go2 Digital Media
11201,Rafter H Entertainment
72954,AllyCat Entertainment
52323,Audubon Films
229,Solar Films
20782,WestEnd Films
10378,Cineritmo
8924,RabbitBandini Productions
47031,Capella
57297,Fur Boat Films
20066,Bunk 11 Pictures
14829,Mirisch Films
77613,Crescent Moon
18025,Interfilm L.A.
38692,Kardana Films
839,Lou Yi Inc.
22329,Fire Island Films
3533,Allan Zeman Productions
16903,Bredok Filmproduction
6673,Scholar Films Company
10878,Cine Films Inc.
43292,Ted Richmond Productions
89636,Creando Films
7441,Vivid White Productions
2912,Diamond Films
3411,woestijnvis
10132,Elephant in the Black Box
95937,Palmyra Films
47853,Filma-Cass
37123,Mars Dagitim
18736,Mad Dog Productions
10930,Bagdasarian Productions
74992,Kaplan Film
76463,Robert Fleming Leasing Limited
49915,International Video Entertainment (IVE)
65514,Magnolia Films
72389,Blumhouse
41116,Produzione Films Vittorio De Sica
20999,Produzione Film Giuseppe Amato
68656,Carolina Films
6171,Tsentr Natsionalnogo Filma
65085,Prithvi Pictures
3939,Venus Records & Tapes
25004,Salzgeber & Co. Medien GmbH
49241,Daybreak
80696,Nightcall Productions
16213,As Films Producción
53197,Manto Films
28236,Three Springs Productions
27451,Bluegrass Films
24455,Sofica Manon
68029,Komited Kinomatografii
7020,Roadshow Productions
89601,British Satellite Broadcasting (BSB)
2849,Bones Studio
3179,SVT
2726,Emperor Motion Pictures
21317,Pillar Squared
52878,Yodi Movie Craftsman
7190,Melhores do mundo
4388,Security Pictures
634,ABC Pictures
8256,"Scottish Arts Council, The"
6802,Dundee Entertainment
11231,Fox Animation Studios
19905,"Perfect Game, The"
7722,"Laurelwood Productions, Inc."
42604,Australian Broadcasting Corporation (ABC)
26947,Syndicate Films International
54927,Mission Pictures International
5634,Artforce International
13185,Red Lamp Films
45780,Donnybrook4 Productions
24514,Derby Street Films
48499,F & F VI Productions A.I.E
38656,WARNER BROS DIGITAL DISTRIBUTION
23236,Sandollar
14919,Ambrosia Pictures
59647,Coco Films I
335,Tig Productions
8400,Science Channel
69253,Artanis Productions Inc.
8473,Matador Films
3656,GAGA
692,Sogecine
12972,The Sabi Company
4408,Wo Ping Films
68428,Horizonte Films
1992,La Petite Reine
92031,Daniel Scharf Productions
6485,Aligator Producciones
45962,HMR Films
23108,Caramel Film
23438,Friday Night Lights LLC
33931,Dana Carvey Enterprises
94225,Performing Arts
5848,Columbia Pictures Industries
1197,Vortex
63507,Bauman Entertainment
15619,Bezar Film
44643,Red Bucket Films
11497,Daiano Film
2491,Artfilm
10170,Cinemarque Entertainment
73843,Coproducción Francia-España; Inti Entertainment
665,Hochschule für Fernsehen und Film (HFF)
94637,Film 87
77656,Leontine Pictures
50478,Windowseat Films
89630,Forrest Films
13032,Mount Everest Enterprises Ltd
25197,Amber Lamps
21207,Type 55 Films
10436,William Goldman Productions
19739,Beginner's Luck
25244,Cab Producciones
18859,Watergate Films
1140,Dare mo Shiranai Seisaku Iinkai
37134,Tecmo
18225,Sony Music Entertainment
91920,Rovio Animation
21203,Bill Maher Productions
68599,Parker Film Company
7037,Tube Entertainments
1406,Mega Film
19932,Filmcoopi Zürich
23923,Skyline Motion Picture Fund
35758,Deux Chevaux Films
60111,Liverpool
11790,Les Films Modernes (I)
2780,Cube Vision
6918,Bandaï Media Department
58109,PinkMermaid Productions
2130,Mr. Mudd Production
53885,"Accusatory Productions Inc.,"
33155,Classic
26767,Atomic Entertainment
81141,3 Miles Apart Productions Ltd.
8471,Tarantula
81827,Earthlight / White Castle Productions
23081,Fortis Film Fund
15081,Rimfire Films
7968,Drakfilm
48688,Maloof Motion Pictures
89218,Sarkasmos Productions
2049,Kaminski.Stiehm.Film GmbH
39492,U.S. Army Pictorial Services
53408,TEAM Communications Group
15667,Claridge Productions
67867,Children's Television Workshop (CTW)
31550,Puella Films
14529,Eagle Films
4607,"Montecito Picture Company, The"
12496,Pegasus Pictures
20259,Buckman
45441,Gaumont Production
33928,France 4
4946,Lippert Pictures
18192,The Directors Bureau
756,filmkombinat Nordost GmbH & Co. KG
11831,Nic Arts
83485,Tate Productions
38179,Skyline Entertainment Partners
72236,Fresh Jade
76564,Center for Asian American Media Production
6276,The Antria Group (TAG)
10619,Azoff Entertainment
1390,Celador Productions
71109,Fairview Productions
4604,Victor Halperin Productions
1482,Famous Artists Productions
57240,Emanuel Cohen Productions
5551,Long Shong Pictures
50933,Burns Family Studios
15680,Mahagonny Pictures
7151,Assassin Films
2338,Borough Films
12032,Apulia Film Commission
56500,Group Hug Productions
1011,Michael Obel Productions
7016,Superfilm
42051,Troya Film
17429,Taryn Productions Inc.
20855,Orange Sky
40833,Stallion Releasing Inc.
59485,House of Netherhorror
20917,Better Than
19687,Cusick International Films Inc.
8046,Telefe
11264,Bad Lt. Productions
70469,"Plus Productions,"
19542,Global Emerging Markets (GEM)
65870,Soft Tread Enterprises
25630,Joe Rock Productions
10747,Hollywood Pictures Corporation
11375,A.C.E.
21917,Efish Entertainment
9034,Stone River Productions
13198,Monsoon Films Private Limited
51549,Athena Film A/S
21978,Gorky Film Studios
9050,BBC Natural History Unit
3430,Saltmill
50812,Foresta Films
12378,Taghit Ilc
77452,Luna Films
55475,Mozgókép Innovációs Társulás és Alapítvány
5168,LightShow Entertainment
51062,Red Cam Studios
223,Les Films du Losange
10451,Castoro
10351,IAC Film
25820,Engulf & Devour Productions Inc.
89259,Osterman Weekend Associates
22625,Fonds Sud Cinéma
77177,Abaca Films
23560,Kalkronkie
63567,All Mod Cons
13836,Cofinova 8
74419,Nexus Motion Picture Company
8847,Olmos Productions
14460,Югра-фильм
5576,Giant Screen Films
2318,Région Provence Côte d'Azur
89756,Court 31 Productions
21605,LeBrocquy Fraser Productions
4382,Asylum Entertainment
40523,Broadmedia Studios
8906,Monkey Pack Films
8972,Prommitr International Production
3031,Asahi Shimbunsha
22947,3DTK
8694,Silvio Berlusconi Communications
57029,Siegal Enterainment
10471,Columbia TriStar Television
50948,Finer Films
23015,Transcontinental Film Productions (London)
2834,Nightmare Productions
22684,Kasso Inc. Productions
6975,Josy Films
93280,"Friday Four, Inc."
93609,Screen Vision
20369,Slate Films
78725,Lidderdalei Productions
65338,Liberation Pictures
868,Cinema Service
3932,Inwood Street Productions
81186,ASPD Films
32719,Bitart New Media
2112,Wilshire Court Productions
35873,Schorr Pictures
3990,Anthill Productions
49709,P.F.C. 2000
19145,Prakash Jha Productions
14700,Quat'sous Films
11250,Buckaroo Entertainment
8139,Copacetic Pictures
43271,Lucky Punch
2413,Ironworks Productions
16210,Julius Hagen Productions
85668,KnightMarcher
87987,lucky crow films
37535,Cobra Films
44302,Manila Cinematografica
18950,The Genre Co.
10148,Elkcreek Cinema
2668,MC4 Productions
19160,Les Films Marcel Pagnol
39212,Pilothouse Pictures
11216,Cine TV Film Production
8412,Group W
79929,Neue Impuls Film
20183,Productions 10th Ave
18426,Figaro Films
57276,Times In
20696,iFilm Co.
5233,Starlight International Media
70597,Péchiney
52826,Two to Tangle Productions
39477,KQED
5681,Lippert Films
5329,Pandora Pictures
17785,Producciones Escorpión
42079,Panorama Film A/S
18781,Leo Films
52945,Frantic Films
14606,Tornado Film
3802,Dead Old Man Productions
1025,Lolafilms S.A.
13324,Oceanstorm Films
25287,San Marco
23303,IMAV Editions
6745,Грузия-фильм
84371,Ypsilon Cinematografica
76231,Inner Circle Films
44,Cruise/Wagner Productions
10462,WT2 Productions
313,TS Productions
22923,Square One Entertainment
35563,Max Cap Productions
9079,Palladium Film
29837,Instituto Nacional de Cine y Artes Audiovisuales (INCAA)
1047,Younger Than You
18685,Paradiz Prodakshnz
54245,Silesia Film
20292,Mirador Films
9224,Cetelci S.A.
15931,Rizzoli-Haggiag
54259,Les Films du Jeudi
256,"Tesela, P.C."
23733,French Tax Credit
87275,bruguglio films
35782,Cinema Sciences Corporation
49871,Cassadaga Film Production
11737,Antena 3 Televisión
78727,Shooting Script Films
11276,United States Pictures
91248,Ron Ormond Enterprises
72024,Mutual Productions
70166,Jacobs/Mutrux
75954,Les Films de la Boissière
721,Zenith Productions
33805,Triggerfish Animation
55776,Arco Films S.L
18514,Natasha Filmes
6226,Penthouse
79566,Pin High Productions
16055,Generalitat de Catalunya - Institut Català de les Indústries Culturals (ICIC)
18347,Sidekick Entertainment
12443,Newman-Foreman Company
83516,Slingshot Films
727,TV Productions LTD And Beijing Hop Culture Co
40106,Free State Pictures
1125,Midega Film
6452,Dentsu
87066,Safier Entertainment
61728,Film Corporation of Western Australia
406,Havoc
79323,New Golden Age Films
11723,Miyagi Television Broadcasting
52343,Transient Pictures
23192,Euroimages Fund of the Council of Europe
41111,Künstlerische Arbeitsgruppe ''Babelsberg''
14708,MACHETE PRODUCCIONES
18131,Trionic Entertainment
89730,Ranjit Films
4552,Filmfabriken Baltic Sea AB
11752,Number 9 Films
84478,Rungstedlundfonden
21570,Runaway Features
69501,Simhan and Kapoor
34044,Lobster Tree
11388,ORF Film/Fernseh-Abkommen
75352,Forces et voix de la France
1172,Hyde Park Films
94838,Sick-the Life and Death of Bob Flanagan-Supermasochist
18946,Set Satellite
19491,Jerico
11029,QED International
3597,Dodi Fayed - Jack Wiener
4648,Levins-Henenlotter
50079,Kreo Films FZ
2137,Le Bureau
37434,Fauna Productions
643,Société Nouvelle Pathé Cinéma
8912,Oakhurst Productions
6292,Universal
12610,Europee Associate SAS
52577,Multiple Avenue Releasing
16056,William Cagney Productions
13680,Panacea Entertainment
74886,SlashFiction
53062,David Dobkin Productions
12862,Film Suez
28323,British Film Institute Production Board
74574,Mini Traité Franco Allemand [fr]
19340,Albion Film Corp. (I)
75631,Narodowe Centrum Kultury (koprodukcja)
45842,Antiteater-Produktion
7653,Zininsa Film Production
2982,Signature Pictures
4051,Warner Brothers/Seven Arts
17557,Scanbox Entertainment
69051,Coproducción Argentina-España
33588,Action Concept Film- und Stuntproduktion
44306,Rockline Entertainments
11911,Partizan Films
70879,Ten10 Films
48618,Filmyard Underwaterdeco
21167,Shadow Studios
1308,Wark Producing Corp.
89312,Fred Berner Films
93215,Tropicalstorm Entertainment
7792,Noodles Production
610,Kuchenreuther Filmproduktion GmbH
76314,Riverstone Pictures
80402,Huakun Entertainment
17023,American Pictures
5332,Utopia Pictures
8082,The LiveBait Entertainment Other Companies
28566,Con Artists Productions
25960,Les Films Armorial
35663,Red Tie Films
65443,Chunqiu Time Co.
26700,Random Bench Productions
615,Nord Ouest Production
12318,Triumfilm
50491,Capacity Pictures
23857,Dreamher Productions
4600,Bel Ombre Films
51928,The Polone-Winer Company
10097,Solofilm
79655,Dream Quest Images
4544,Fox Network
51901,Utópica Cine
16527,La Sept
25580,Filmline Productions
12955,Zip Films
3574,Denver and Delilah Productions
11166,Red 56
35493,Unity Productions Foundation
2292,Original Media
2542,Nick Wechsler/Miracle Pictures
75836,Vinoothna Geetha
12959,Showtime Original Pictures for All Ages
25470,Icelandic Film Corporation
60547,Mirage Cinematografica
22704,Dobre Films
36242,Kingsize Entertainment
39856,Desilu Productions
88987,Borden & Rosenbush Entertainment
6371,Unstoppable Entertainment
12030,Ateliers de Baere
68937,Foley Walkers Studio
2747,Castel Films
6462,100% Halal
3366,Babe Films
53012,Blue Sea Productions
55481,Strings of Films
1645,Scott Free Productions
6326,Toledo Productions
90188,Mandala Films
296,Filmakademie Baden-Württemberg
42696,Basra Entertainment
88324,Saratoga Film Corporation
86320,WithUs Films
8861,Instituto Mexicano de Cinematografía (IMCINE)
2578,TCB Films
23222,Fennada-Filmi Oy
90851,pegasus
28554,Coproducción México-Francia-España-Canadá-EEUU
21623,Rip Cord Productions
23089,Yumé
70569,Funny Balloons
5942,Take One Productions
36146,Meir Teper
35140,Aldrich Company
21504,Star Child Recording
8580,Coração da Selva
5571,UTV Spotboy Motion Pictures
7888,ScreenWest
74705,Madisonian Films
1326,France Film
28759,Millenium Pictures
26614,YC Alligator Film
16659,Matter Media Studios
4863,Hollywood House of Horror
11950,Low Key Productions
6336,Lost Liner Productions
35977,Califilm
35816,Gross-Weston Productions
19576,Creepersin Films
18906,Tele-Film
21235,MacDonald-Murray Productions
13153,Sennet Entertainment
53005,Wheelhouse Entertainment
76099,Singularity Productions
39084,Story Center Films
20511,Pushkin-Pictures
79351,Friend of a Friend Films
25250,Fox Digital Studios
16269,RealReel
21389,Filmsonor S.A.
11877,Middle Child Films Inc.
59577,LOTUS Film GmbH für ORF
23276,Trumbull/Gruskoff Productions
156,Nordic Film
18382,New City Releasing
501,Indo-British
20478,Moving Picture Company (MPC)
1176,Lorimar Film Entertainment
62137,Bluemark Productions
11314,Tupan Filmes
63903,Fourth Kind Productions
72599,Protagonist Films
10951,Screen NSW
13557,3D Content Hub
83998,Alia Film
59294,Salman Khan Films
61209,WinSome Productions
2123,Helios-Filmproduktion
13029,Filmark International Ltd
3099,Gimme Five Films
5573,NL Film
7934,Dusk
30968,Allarts Production
23561,Artemis Films
60030,Hunter Films
3628,Kangoo Films
45781,EnMar Productions
17954,Panaria
72664,Good News
63794,Babibutafilm
72152,Studio Golestan
69538,Pebble Hill Films
77460,D'Artagnan Entertainment
3472,JollyRoger
19684,Public Art Films
19550,Profil Film
73336,Blue & Grey Film Ventures
6586,TPS Star
3084,Vallelonga Productions
62442,Conaciné Avant
15286,Newhouse Nitrate
14549,Warner-Pathé Distributors
5579,Metro-Goldwyn-Mayer British Studios
93128,Poj Filmproduktion AB
14149,American International Productions
93597,Working Pictures
8314,Mr. E Productions Inc.
61897,D & P Productions
23537,Sellers-Edwards productions
67989,Material
79409,Generation Blue Films
5859,Infinity Films
3778,Arcview Entertainment
36577,Transatlantic Entertainment
2347,FGM Entertainment
28199,Lotus Entertainment
52039,WideyeCreative Films
5322,Aloe Entertainment
24060,Khanzhonkov
2442,Counihan Villiers Productions
15577,Latitude Media
12488,Oberón Cinematográfica
87733,Closed on Mondays Entertainment
73957,"Firm, The"
28176,Bomar OOD
67853,Ctrl Z Films
62377,Swinson-Starkey Productions
10214,Embassy International Pictures
1115,M6 Films
11954,Sociedad General de Cine (SOGECINE) S.A.
38764,Banner Entertainment
36245,Bedford Pictures Inc.
2818,SBS Independent
18933,Kumie
32806,Fifty Fathoms Productions
86975,Maíz Producciones
54599,Goldstein Films
23423,Baumgarten Management and Productions (BMP)
22353,Divisadero Pictures
42133,Frank Abatemarco Productions
43792,London Boulevard
13503,Incendiary
18722,Hibiscus Films
6893,Hit Entertainment
70230,Harpo Productions
85170,Altitude Film Sales
7584,Screen Australia
30084,Deblokada Produkcija
33617,Jack and Henry Productions Inc.
11533,Valhalla Motion Pictures
79815,Montage Entertainment
23681,Davaj Film
77022,Spitfire Studios
43464,Dalia Productions
173,Village Roadshow Productions
16272,R. Sanders D.
64898,Veracity Productions
77289,Primer Plano Film Group
37330,Soul Kiss Films
7274,Island Film Group
85947,Temptation
19980,British Lion Film Corporation
93380,Eleventh Street Production
27621,Select Media Holdings- Moving Pictures
8490,Fama Film AG
8158,Films 7
53766,Mutante Cine
24342,Zoomo Productions
33423,Cartoon Network
55251,Southern Light Films
236,October Films
3328,GP Pictures
92853,Adriana International Corporation
36417,Primetime Pictures
8269,Breidablick Film AB
8450,Jorkwang Films Co.
46205,La Banque Postale Image 7
61933,Londinium Films
83249,Eola Pictures
123,Trust Film
54881,Copper Beech Productions
330,Fanes Film
35430,Paul Malvern Productions
74637,Baltic Pine Films
1894,Josephson Entertainment
14807,James Roosevelt Productions
7543,Arcadia Motion Pictures
59811,Netflix
21987,SRG SSR idée suisse
4333,Burns Film Ltd.
3373,KS2 Productions
21598,Fear Factory
44106,Leopardo Filmes
91175,Kinokompaniya Carmen
6091,Atelier 41
54962,BK Pictures
47925,Mayo Productions
6008,Bronson Club Oy
32054,Sovinfilm
51905,TOHO
10796,Mondo Cane Filmes
85437,Enchanted Productions
5276,Eagle One Media
13672,The Onion
4431,Dehlavi Films
4391,Peter McCarthy / Front Films
39644,Cinelou Films
6556,Alphaville Productions
6529,Fox Television Studios
1786,Dark Castle Entertainment
10744,REALies
21385,Soyuzkino
15346,Boxoffice International Pictures (BIP)
11985,Sir Lew Grade
11457,Zanzibar Films
86708,Altus Media
8599,San Mateo Productions
66329,L'Institut Polare Français Paul-Émile Victor
84849,Cinema Factory Production Ltd.
6147,Tallinnfilm
17981,AT-X
68919,Amazon Studios
15963,Jeridoo Productions
90130,Hoplite Entertainment
12052,Solaire Production
48039,For Whom Productions
2847,Burrowes Film Group
76530,Cinema City Company Limited
94855,B & H Entertainment
27899,Telefilm Saar GmbH
28788,Genre Films
52013,RightOff Entertainment
14020,First National Productions
89523,KPVI
18552,Estudios Flomenbaun Abogados
85389,Paradise
24904,Weekend Films/Main Street Productions
395,Riofilm
719,Film Foundry Partners
5984,34th Street Films
77508,717 Productions
6214,John Woo Film Production
3142,IdtV Film & Video Productions
13766,Scottish Television (STV)
23437,K5 Film
1809,IM Filmproduktion
17120,Santa Lucía Cine
79509,Check Productions
15098,Antena Latina Films
12593,Golden Village
353,Kino Vision
38675,KinoweltTV
11134,Iguana Producciones
21910,Matt IV
38007,VH1 Original Movies
67344,The Massive Film Company
72432,Great Maratha Entertainment Company India
58791,Office of the Contemporary Art and Culture (OCAC)
49430,Charmed Apocalypse Pictures
95497,Studio Images 8
64190,From the Head
76215,Dario
192,"Shochiku Co., Ltd."
23366,Trio Cinema & Televisione
73437,Taihe Entertainment
10345,Active Entertainment
15071,Variance Films
2721,Jinks/Cohen Company
69437,One Cool Film Production
88839,Turbulent Arts
19437,Paul Thiltges Distributions
11536,Badlands Company
70521,Somnium Films
46051,Clifford Werber Productions
11347,Ludlum Entertainment
16421,Rosa Filmes
55157,Titre et Structure Production
75430,Studio filmowe Oko (koprodukcja)
8532,1984 Private Defense Contractors
86078,Buy Here Pay Here Entertainment
79260,Farabi Cinema Foundation
64479,Creative England
26423,BrownHouse Productions
3196,Tezuka Production Company Ltd.
87952,Roja Productions Inc.
2352,Frisbeefilms
59365,Paradox Film
11702,Euroatlantica
11428,Mesfilms
91712,Productions Four Line Films
72382,The Shot Clock
42045,Sakhkinmretsvi
48689,Cinecittà Luce
2996,Angel films
15505,NHK
92046,Anne of Green Gables Productions
6680,Serendipity Productions
46195,Luxembourg Film Fund
55023,Samba Films
3539,Odyssey Entertainment
5293,StellaNova Film
73067,Vulcan Productions
3361,Digital Frontier
20184,Equinoxe Productions
30786,Blockade Entertainment
47848,Thunder Bay Pictures
2669,Filmlance International AB
69461,Briarcliff Films
10319,Elgin International Films
24025,Silver Bullet Pictures
85744,Fondazione MonteCinemaVerità Locarno
20484,Manchester Films
16936,Arramis Films
36910,C.E.C. Films
5140,APT Films
74308,Johnson and Gibson
4435,Third Rail Releasing
38362,Mondovin BV
90232,SarcoFilms
9006,Isepa-Wengeroff Film GmbH
11447,Mercury Productions
19731,Lars Productions
93020,Time Movies
51431,Kansha Films
82346,Sony Pictures Entertainment Japan
52739,Two Flints
148,Gimages
2985,Jaz Films
9168,Bad Hat Harry Productions
13818,Burnside Entertainment
81829,Maya Pictures
7761,Mardock Scramble Production Committee
10494,Alimar Productions
22796,SKY Perfect Broadcasting
22707,Krejaren Dramaproduktion
21146,Francis Productions
5445,Beaconsfield Productions
93127,"SVT Drama, Göteborg"
31226,Forest Brothers
5438,Kyoto Animation
82007,Lone Wolf Productions
7259,Asya Film
54031,March Entertainment
77369,Embassy Productions S.p.A.
16617,Drama Deluxe
73876,ö Filmproduktion
68860,Greenfox
37295,Riot of Color
17992,PolyGram Video
8893,Film Costellazione Produzione
2527,Marc Platt Productions
40527,Asatsu-DK
94918,Rija Films
16215,Mjölk
6818,Visiona Romantica
15636,Alta Loma Entertainment
10822,Jhamu Sughand Productions
55637,John Boorman Productions
72469,Direction du Cinema Haute Volta
1751,Sphinx Films
37171,Yankee Entertainment Group
42877,"Yellow, Black & White"
21919,White Eagle
10652,Shochiku Kinema (Kamata)
85207,GoodPlanet Foundation
88628,Sor Productions
120,Scorsese Productions
71863,Département de la Charente-Maritime
79760,Ruda Cine
95593,Santa Frost Productions
38208,Koukus Troika
1538,Comedy Central
16313,Open Road Films (II)
14067,Through The Heart
23872,Force Majeure Productions
35389,Zeitsprung Pictures
11238,Deutsche Filmförderfonds (DFFF)
74797,Toolbox Murders Inc.
33427,Harvard Sensory Ethnography Lab
93163,Digital +
44642,Win's Movie Production Limited
6370,Quinta Communications
13014,Bedrock Holding
7609,Phanta Vision
8772,Algonquin
28205,"Samuel Goldwyn Company, The"
17912,Albione Cinematografica
53779,Colam Pictures Co.
3183,General Entertainment Co. LTD
32911,Phanta Film
11020,Finalement
40271,Witchboard Partners
76846,Amaro Films
15788,Clerkenwell Films
93105,IAC Films
1441,Associated British Picture Corporation
1415,Capitolina Produzioni Cinematografiche
1712,Odessa Films
4627,Sony Picture Imageworks
39923,FilmTel Ltd.
6216,Lumen Films
60996,Lester Cooper Productions
30301,Banque Populaire Images 9
11721,Gantz Film Partners
61133,UkrStream TV
380,Thousand Words
4245,Time-Life Television Productions
68953,Straub-Huillet
52354,Cine Vesta Associates
40675,Dinamo Entertainment
66416,Latina Estúdio
57623,Rumbalara Films
7493,FilmNation Entertainment
16409,Mind In Motion Productions
51816,British International Pictures (BIP)
12172,Newton Productions
19553,Elektra Productions
69587,Kanal Russia 1
524,Canal Plus Group
37264,"Sundance Institute, The"
25463,The Silence Productions
65683,Kinowelt Median
49473,Frakas Productions
3073,Films de la Pleiade
53518,"Zespol Filmowy ""Silesia"""
51701,Buffalo Producciones
18604,José María Lara
63939,Howard Braunstein Films
21625,H5B5 Media AG
4763,Fox Films Ltd.
4254,Disney Toon Studio
81136,Friendly Films (II)
5698,Oops Doughnuts Productions
11650,Grupo Rodar
54379,Makhmalbaf Productions
94304,Mullis Capital Independent
67539,Ars Nova
64572,Step-Films Inc.
3171,SLB Films
52066,Epicentral Studios
33821,Filmpool Stockholm Mälardalen
1621,Mobius Entertainment Ltd.
3598,Guest House Films
16791,Newman/Tooley Films
77636,GFM films
50821,Realworks
13139,Oshima Productions
4918,Periclean Productions
16631,Project One Films
17169,Flowerside Creations
26103,Sixth Wave Productioins
25091,Your Face Goes Here Entertainment
19151,Bokomotiv Freddy Olsson Filmproduktion
35998,i2i Productions
10634,O.P.E.R.A.
29892,Don Quixote
69005,Tolda Productions
57505,Love Project Films
24970,Obelisk Productions
37177,Frank & Bob Films II
94847,East Film Company
2345,Lemming Film
32185,Bell Media
60215,La Sarraz Pictures
91638,Bloodline Films
15424,TT Filmmûhely
15269,Böcek Yapım
14931,Chapter V Enterprises
11770,Liberty Films (II)
16708,Studio 1 Pictures
57417,Cinecom Pictures
47534,Polish Corporation for Film Production
94757,OK Films
15604,Dynamite Entertainment
2630,Majestic Films International
70085,Salta la Liebre
89134,Metal Productions Inc.
17552,Karat Film
4151,Parallax East
43867,Gravitas Docufilms
95341,Dago Productions
84845,Two Tall Boots
45339,Kopli Kinokompanii
51007,Great Meadow Productions
6407,Blake Edwards
82830,Push It Productions
43528,Accelerator Films
11637,YMC Films
32187,No Equal Entertainment
45436,Lanzadera Films
74624,Yari Film Group (YFG)
7627,Eurowide Film Production
18108,G.P.F.I.
15288,Sequart
792,Radio Télévision Belge Francophone
21729,Black Elk Mountan Prods LLC
49243,The Princess Bride Ltd.
23314,Always Split Aces Productions
6141,Century 21 Television
3798,Greentrees Films
86411,Photoplay Films
52648,Paddy Wagon Productions
73652,Film+ Pologne
54030,Academy Films
3057,Katzka-Loeb
67065,Universalia Film
4521,Cinema Art
86934,Marianna Films Oy
6759,Adult Swim
75895,Movie Power
93867,Villani Film
17873,Les Productions de la Guéville
64779,Film Kraft
7960,Milimetros
52947,Catwoman Films
93157,Belén Films
7959,Extrafilm
58205,Third Street Pictures
72936,Westart Invest
14874,Two Bros. Productions
57977,Asahi Shimbun
83525,Indéfilms 4
17526,F.G. Film Productions
6250,Československý státní film
59483,Timbergrove Entertainment
3021,Turkey Ranch Productions
6522,Christmas Town Productions
4283,Camera 2 Productions
11849,Lawson
12238,Doria
7898,Hanna-Barbera
8207,La Fabrique
150,Headforce Ltd.
11114,Braun Entertainment Group
7506,Graphic Films
51715,Animate Projects Limited
4027,Trimurti Films Pvt. Ltd.
10925,Siz Entertainment
6570,Perfect Weekend
1929,Sonet Film
16748,HarBel Productions
40818,Loull Productions
69696,Marfa
33248,"The Ministry of Education, Culture and Sports"
28004,NICE FLX Pictures
11864,Magic Frames
51065,Fisher King Production
8286,Decibel Films
76909,Eurométropole de Strasbourg
50476,FROST Pictures
70277,Henny Porten Filmproduktion
48509,10 West Studios
20012,Sparkler Entertainment
65642,The Family Channel
362,Film Holland
10454,Terzafilm Produzione Indipendente
10515,Moorehead Properties Films
51811,"Polson Company, The"
627,Internacional Films Espagnol
19925,Bridget Johnson Films
35353,Thanhouser Film Corporation
85501,BKG2H Productions
64695,Sunny Day Media
12162,Constantin Film International
21137,Roas Produzioni
56357,BLECK FILM & TV AB
16259,Poisson Rouge Pictures
89425,Zeke Productions
53432,United Yugoslavia Producers
23013,Digital Departures
1009,Crown International Pictures
59453,Chicago Pictures
63610,Viracocha Films
36421,Films Zodíaco
68222,Odessa Motion Picture Corp.
21940,Upright Citizens Brigade
19742,Official Films
71331,Camera Magica
77765,film 653
21225,The Claw
91360,Second City
17915,Trans World Entertainment (TWE)
77441,Bautafilm
28602,Tree
54833,Moskito Film
270,Filmförderanstalt (FFA)
75277,AST Studios
59690,Pendennis Films Ltd.
79025,Zacharias-Buhai Productions
22396,Société Nouvelle des Établissements Gaumont (SNEG)
4402,Euterpe
9032,Norma Talmadge Film Corporation
13563,TVINDIE Film Production
67997,Storm Rosenberg
17164,Verdeoro
91066,Jobro Productions
21331,Salon Films
10169,Visual Bible International
55591,Titanic s.r.o.
14153,Dena Productions
1949,Doty-Dayton Production
44554,Nadie quiere la noche AIE
46458,Jonathan Krane Group
14069,Hope Enterprises
28049,BBC Cymru Wales
20319,Social Construct
75356,Isle Empire Pictures
22998,Légende des Siècles
1268,Focus Films
26694,Cat Burglar Productions
13671,ABC Motion Pictures
1597,DSM III
61206,RPI Group Productions
54583,Tempo Film
11191,Libra Film
15179,Viva Cinematografica S.r.l.
2383,PointBlank Films
15601,Moonstar Enterainment
44166,Ananda Picture Circuit
19257,Left of Center Entertainment
88370,Race Point Films
12210,The Ring (UK)
80676,Pangea Media Group
17062,White Shark Pictures
80990,141 Entertainment
22627,Film- und Medienstiftung NRW
74952,Tohokushinsha Film Corporation
49981,Initial A Entertainment
3659,Django Film
53048,Inside Track 2
4492,P%C3%A9riph%C3%A9ria
53495,Upside Down Films
65091,Programa Ibermedia
16228,Sankofa Film & Video
19722,Vanguard Productions (I)
38099,Mapofilm
59221,Halcyon Productions
48543,United Films
13943,Sherrill C. Corwin Productions
84329,Telemaz (TM)
22306,Constance Media
24051,Bird Studios
435,Di Bonaventura Pictures
7688,One Dollar Production Limited
1273,Ceneca Producciones
794,Agi Orsi Productions
85885,Lionsgate Premiere
14963,Panpiper Productions
50098,LWH Entertainment
67069,Weimaraner Republic Pictures
87394,Suftley
1869,AMLF
16754,Roland-Film
63912,Louis de Rochemont Associates
2910,Alta Vista Films
7293,DreamWorks Pictures
61195,Transom Films
7297,Fairview Entertainment
7075,Metanoia Films
89299,Historias Cinematograficas Cinemania
9074,Mainstay Productions
86935,Lasihelmi Filmi Oy
4042,Astral Films
15364,Anil Kapoor Film Company
84,Tree Line Films
8409,United Productions of America (UPA)
52852,Produzioni Cinematografiche Associate
244,French Productions
3800,Sunlight Productions
21514,Opposite Field Pictures
12917,Atkinson/Knickerbocker Productions
32842,Emiliano Piedra
24519,A Team Productions
55862,Art Pictures Vision
92861,Catalyst
827,VIP 3 Medienfonds
61259,Productions Arys
1250,Euro-International Film
21537,Cannon International
4596,Qatsi Productions
40401,Bigel Entertainment
17612,The Night Co.
18080,Youz Films
28250,Vent Productions
25009,Bulldozerfilms
17138,Nettlefold Films
15646,New Life Cinema
14155,AMBL Productions
12273,Sanford Productions (III)
18253,Murali Films
76952,Yona Films
1676,Rampart Films
3185,Achilles
20943,Generate
8962,Eyeworks Film & TV Drama
11625,Fengler Films
47820,Andre Paulve Film
69758,Lightstream Entertainment
81200,XIT Financial Group
67319,Lucky 50 Productions
1690,Samsung Venture Capital
3646,Tin Pan Films
7679,West End Productions
63846,Third Films
4326,Aries [jp]
20169,Qu4tre par Quatre
42084,Yarno Cinematografica
4804,Almena Films
22778,SEVEN24 Films
16667,La Presidenza del Consiglio dei Ministri
5218,Imprint Entertainment
81536,NYAV Post
50509,MK Productions Ltd.
4911,Wakeford / Orloff
14625,Office Crescendo
454,Faces International Films
5888,Walt Disney
17290,Nucleus Films
16649,Look at the Moon Productions
27355,Atlas
20314,New Flesh Films
82341,Solaris Promo Production
2149,Noble Nomad Pictures
28104,TVB
53494,Mille et une Films
90511,Turner Feature Animation
24959,Canal+France
69139,Sonar Productions
12026,Gold Circle Films
11339,Automat Pictures
21533,Ludovico Technique
41510,Pictures from the Fringe
808,The Movie Network
37,Gramercy Pictures
2670,Margo Films
15826,Ridley Scott Associates
50179,Summa Entertainment Group
13005,"Ελληνικό Κέντρο Κινηματογράφου, ΕΡΤ"
77133,OPM Dream Mill Cinemas
367,Kemp Company
93954,George K. Arthur - Go Pictures
7430,Fearmakers Studios
13901,Heath Productions
38861,Matrix Films
65611,Lipsync Post
93125,QKO
20110,Labyrinth Theater Company
95321,Lindberg/Kristensen Film
21214,Black Gold Films
8466,Morgan-Steckler Productions
2248,A-Mark Entertainment
80291,Cuévano Films
27628,Bambú
12562,Phantasma
34307,Pandastorm Pictures
21869,Möbius Entertainment
6477,Opus Film
77691,Leisure Media
18579,Picture Production Company
95594,Train A Comin' Productions Inc.
81374,Films du Quadrangle
64942,NB Thrilling Films
22922,Big Rich Films
86936,Twilight Pictures
24471,J&H Films
48125,Igloo Films
25578,Reno Productions
34385,Prominent Media Group
3301,Gus
8516,Bennett-Robbins Productions
13862,Alta Vista Film Production
3642,Dead Birds Films
17871,Nepi Film
7409,Edgey Productions
4853,Richard-Oswald-Produktion
4656,Shoot Productions
18936,Marble Arch Productions
7469,History Films
21507,Cosmokino
54446,North American Star System
11511,Regent
32923,Ambitious Entertainment Inc.
23008,87Eleven
77139,Independent Production Company (IPC)
42019,Terrytoons
45474,Will Zens Productions
1420,ContentFilm
64902,Narrow Path Productions
10549,Zenith Cinematografica
1160,Gummshoe Productions
10368,Leonard Hill Films
84734,Mila Productions
57801,Limelight
13811,Grand Army Entertainment
5975,Yleisradio (YLE)
18612,Zebra Producciones
75379,Arek Trawiński & Co (koprodukcja)
1344,Henry G. Saperstein Enterprises Inc.
12720,La Perla Nera
15784,Shelter Films
47473,The Talkies
2859,Cine Boutique Entertainment
12435,Little Minx Films
41289,Larkin-Goldstein Productions
32524,Paris Film
2861,Amagram
26252,Pampa Production
8061,Life Sentence Films
58313,Picture Palace Films
80328,"Habitación Cerrada, La"
3200,Chartoff Productions
55820,Dimeco Productions
7266,Roast Beef Productions
87876,Picnic
61212,Tsentr tvorcheskoj initsiativy Leningradskogo otdeleniya sovetskogo fonda kultury
91716,Public Square Films
20811,Now Films
216,Jersey Films
117,Kunsthochschule für Medien Köln (KHM)
902,AZL Productions KG
13895,Sodium Entertainment
3553,Euforia Film
42101,Blank Pages Productions
571,Highland Films
33475,Stone Five Studios
69425,Eastside Films
23449,American Empirical Pictures
93179,Zencrane Filmes
8601,Tim Burton Productions
63059,Marni Films
70144,Last Stop
24439,Tobina Film
23433,Noé Productions
78938,Région Hauts-de-France
5739,Donner/Shuler-Donner Productions
10627,Prodekta AB
75132,9/6 Cinema Factory
74760,Zentropa International Poland	(koprodukcja)
14024,Irwin Allen Productions
79401,Windsor Productions
59490,SJ Pictures
40808,Gifted Films
22837,Christian Frei Films
44699,Very Ape Productions
1334,United Productions of America
26671,Biride Productions
4679,Shavick Entertainment
32687,Yongning Creation Workshop
65361,Teodora Film
30567,Diamond Girl Productions
75540,Capitolium
785,Sociedad General de Cine S.A.
45979,Chameleon Pictures
48742,Initiation Associates
36606,Maple & Palm Productions
32232,Edge City Films
40967,King City
40534,Nova Scotia Film Development Corporation
22658,Star Cinema
2531,Media Rights Capital
8147,Entertainment One
21330,Century Communications
10139,La Zanfoña Producciones
47843,Autumn Productions
3005,Finney/Thompson Entertainment
48370,Small Package Films
57349,Zoom Cinema Entertainment
94944,CMC Xiandai Trade Co.
63962,Micro Fusion 2004-15
10194,Avatar Productions
30083,Okofilm Productions
56477,IZ Films
38591,Friuli Venezia Giulia Film Commission
51208,Michael Ritchie Productions
1765,Turner Pictures
21227,Billios
20667,District 9
1794,Tenlit Films
26484,Elevative Entertainment
51102,Videomante
11084,Parkes/MacDonald Productions
36392,Lucky Dog Productions Inc.
29507,the walk
1729,box! Film Hamburg
52144,Fries Entertainment Films
24724,Marquis Films Ltd
5370,DiC Enterprises
47231,Pinema
37040,Quest Entertainment
39611,Below The Belt Entertainment
38249,ZVE
4195,Big Ticket Productions
21066,La Nuit Americaine
20393,Taechang Productions
72824,Run It Up Productions Inc.
73045,LHF Film
47077,Coleidon-Film
22848,Huit et Demi Productions
76101,SLG Productions
66042,Mayfair Film Partnership
94447,Cinephile
76460,St. Michael Finance Limited
7955,UFO
5709,Dorkay Productions
6521,CanWest MediaWorks
774,Valkyrie Films
78306,SP Entertainments
49707,California Film
36390,3 Arts Entertainment
12158,Transmission Pictures
12567,TVA Films
3157,Central Films Limited
23589,Tuesday Films
44098,Annapurna Studios
6069,Studio Images 2
15856,Bischoff-Diamond Corporation
11990,Associated Film
3442,Samarkand
21443,Wicked Films
7798,Elia Films
1131,Rizzoli Films
57278,Micott
65402,JLT Productions
34073,Domenica Films
7750,Tagträumerfilm
20281,Kanin Productions
25817,In Extremis Images
40817,A Contraluz Films
2810,Longway Films
11934,Tax Shelter Productions
19108,Latina Pictures
11994,Ultra Film
18668,Voodoo Production Services
685,Cineclick Asia
5356,Pierce-Williams Entertainment
83037,shanghai gigantic pictures
46197,Luxembourg Film Fund
64862,Rainbow Releasing
60939,Kataskop Film
76633,Fast & Scientific Productions
73955,MBC Beteiligungs Filmproduktion
33109,"BIL Productions, LLC"
75508,Prodève
3585,David Eick Productions
10425,Kim and Jim Productions
33385,Illume Oy
2956,The Geffen Company
2713,AB3
75405,DTVR Dogan TV Radyo
41940,Atmospheric Pictures
6086,New Horizon Picture Corp.
45004,Charlie Guidance
11542,Funky Buddha Productions
4674,The Film Company
10397,Alpine Pictures
21577,Horosho Production
11945,Celebrated Productions
33460,Seskri Produktionz
65658,Danger Filmworks
7120,Rezo Films
39407,B-Reel Feature Films
7125,Red Giant Movies
3991,"Asylum, The"
57742,ArtPhyl
29363,Palomar Pictures (I)
52105,Jet Films
73894,Palatine Étoile 11
49011,WithanO Productions
17745,HIFI Stereo 70 Kg
7406,JTP Films
444,Dune Entertainment
4518,Topsail Entertainment
95799,Oy Rabbit Films Ltd.
12785,Roskomkino
49694,YouTube
3450,InterPositive Media
42504,Ann and Phelim Media
41813,Title Media
4956,International Cinevision Productions
89521,Can I Watch
19589,Atlantica Cinematografica Produzione Films
1595,Island World
14311,Vestron UK
69464,SEE Cinema Network
60759,Interfilm
75053,Oregon Four
19403,Keel Films
26239,Suede Film
206,Star Partners II Ltd.
2645,Guy Walks into a Bar Productions
6525,C Plus Pictures
60319,Kids At Play
11126,Field Productions
28265,Arthur Lewis Productions
9386,First Motion Pictures Unit US Army Air Forces
17982,Genco
11433,C.R.R.A.V. Nord Pas de Calais
153,Minerva Film SpA
4824,Taurus Entertainment Company
8758,Kaitz Productions
20151,The American Film Theatre
8881,Zak Productions
57426,Microsoft Studios
18521,Birka Holding
19738,EvansGideon
18518,Baumant Entertainment
73887,Saul Bass & Associates
158,Spyglass Entertainment
21201,Music Link Productions
303,Cinecolor-Argentina
19761,Floren Shieh Productions
54760,Kaval Film
80906,Boundscript Motion Pictures
929,Fuji Eight Company
1603,Les Films du Siècle
53076,Revelin Studios
11586,MAFILM Hunnia Stúdió
1476,Cormoran Films
8764,Redwave Films
80718,Mako Associates
28762,Mokép
60449,Kappa
52010,Paramount Famous Productions
79292,Hope Production
4977,Larry Darmour Productions
13642,SModcast Pictures
9111,Sirena Film
69224,Juniper Post
637,The Picture Factory
50083,Solofilms
19482,Inside Track 3
80403,Citic Culture and Sports Enterprises
3212,Teshigahara Productions
76168,Accent Films
35315,Pegasus Taihe Entertainment
71693,"Film-Kartell ""Weltfilm"" GmbH"
90118,Secret Seven
2322,The Javelina Film Company
41698,Andy Warhol Films
10100,Thin Man Films
12207,Tatiale Films
10247,Lip Sync Post
86738,Schuch Productions
22107,Sierra/Affinity
3429,Straightwire Films
21515,Compagnie Cinématographique
12385,RKB Mainichi Broadcasting Corporation
39255,Gar Bo Films Company
83275,Tónabíó
22445,Movie Mogul Films
73950,Schine-Moore Productions
64824,Whistleblower (Gen One)
51145,International Video Service
11894,SPI International
53472,Fangoria Films
15362,Velvet Films
4573,Castel Film Studio
51954,Hopscotch Pictures
14267,Alvy Distribution
4169,Kanzaman
15312,ChickFlick Productions
15193,Amalia Film GmbH
4640,Akita Publishing
25158,Sarah Radclyffe Productions - Sirens Limited
14224,Crystal Films
90101,Polaris Pictures
88944,Maple Cage Productions
63384,Herzog-Film
39787,Cologne Cartoon
18776,Filmesdamente
6618,A.M.S. Productions
82532,Barnabe
6116,Argos Films
44419,ASQA Film Partnership
6160,Filmplan
10599,Jay-Dee-Kay Productions
58588,Ronnoco Productions
21151,Hachette-Fox Productions
39872,StuntArt.ru
17488,Due Emme Cinematografica
10317,Cinema 77 Films
72548,Kino Świat (koprodukcja)
33650,Naxos Film
88031,Gervais/Merchant
16020,Chiragdeep International
5319,Victoria Filmproduktion
3522,T-Series
33256,U Zone Films
11961,Safady Entertainment
66,Town
80255,Divali Films
36346,Alliance Atlantis Motion Picture Production
32520,George Reinhart Productions
50090,Evince Productions
26337,Zack Films
9993,DC Entertainment
74407,TigerTiger Productions
3118,Madras Talkies
68488,Giant Film Production
20386,Entertainment Motion Pictures
34997,Templar Films
74607,Kick Film
35153,Giant Flick Films
37130,Echolands Creative Group
27934,Palm Pictures
77442,Интерфест
20854,10dB Inc.
2553,"Studio Filmowe ""Perspektywa"
10523,Mondial Televisione Film
21719,Chilton Films
95392,Åke Lindman Film-Productions
5577,Independent Sovereign Films
76777,Hannibal Classics
11490,Pennebaker Films
13646,Jerry Gershwin-Elliott Kastner
40426,Initial Film and Television
7036,CJ Entertainment
11112,Arcade Pictures
3418,Famous Films (II)
81235,AV Films
55530,Film Limited Partnership
28917,Double M Films
5972,AVEK
5391,DisneyToon Studios
5080,ABKCO Music and Records
23216,Gafer
14918,Sven Persson Films
54929,Independent Film (USA)
6549,Movie-Eye Entertainment
22465,Rising Storm Productions
137,Great American Films Limited Partnership
4630,Amicus Productions
15268,BKM Film
55512,Theobald Film Productions
21206,New Wave Entertainment Television
95020,Talos Entertainment
11308,Savoy Pictures
4275,A%26E IndieFilms
3252,Balkan Film
16211,British Film-Makers
61203,Mednick Productions
2739,Sequence Film
39242,Gentle Machine Productions LLC
20886,Uni Étoile 7
89534,Kamkam
18642,Rovio Entertainment
77653,Eurovision Cinematografica
12116,Shaw Rocket Fund
62114,Azurelite Pictures
80057,Rollin Studio Romania
29202,Blue Film
33556,Om Films
74360,Humanitarian Law Center
8307,Lorimar Pictures
34842,Seventh Picture Productions LLC
883,Les Productions du Champ Poirier
5802,Evil Twins
57264,Ardent Studios
35446,Dillinger Productions
59851,Immigrant Productions
5496,Cinezeta
21246,Wildside
15448,Produções Cunha Telles
22722,K-Star
8511,Rola Productions
24323,Morabito Picture Company
10116,Axman Productions
19956,Anagram Films
74496,Landafar Entertainment
33799,Carros Pictures
8807,Dylan Sellers Productions
25924,Pygmalion Production
14624,Carlmar Film
22689,Appaloosa Films
79974,Sagitarius Productions
8165,Televicine S.A. de C.V.
11370,Michael De Luca Productions
24827,Red Mullet Productions
23735,Mann Made Films
52185,South Central Films
50794,Benecé Produccions
75282,Kino Finland
35849,Armory Films
38209,Toron Screen Corporation
55140,Noon Attack Pictures
24097,NeoReel
88543,Creative Associates Limited (CAL)
539,Block 2 Pictures
6266,Mythberg Films
28201,Zik Zak Filmworks
14049,Producers Associates
36616,Amusement Park Films
4428,Blockbuster Movie Entertainers
9262,Cannon and Morley Productions
10999,Twentieth Century Fox Home Entertainment
4247,Filmförderungsanstalt (FFA)
47547,A Film Monkey Production
93404,Centre National des Arts Plastiques
56674,Manga Films
14158,Wildside Media
6911,A BandApart
18126,Pranavam Arts International
77766,Chapuzas Audiovisuales
25263,Throttle Films
28769,Restraining Order
78439,Soltar N.V.
25657,Beijing Hairun Pictures Company
16843,Thelma Film AG
93222,Foster-Brower Productions
14789,D.N. Dream Partners
81418,Nagoya Broadcasting Network (NBN)
8174,Lanterna Magica
2073,Kadokawa Pictures
4714,HSX Films
10522,Lira Films
14163,Mandalay Independent Pictures
8915,Pandemonium
28447,B & C Filmproduktion
23686,Kino Bez Granits
46241,Traverse Media
3819,Syndicate Films
13993,Meadway-Claude Productions Company
82096,ИКАИК
6728,Swirl Films
245,Cowboy Films
51411,Cineart Production
20573,Station3
82572,Joseph S. Vecchio Entertainment
5358,Canal+
79339,Ombra-Film
25205,Soficinéma 3
41677,Level Path Productions
8449,New Era
4968,MotionWorks
72503,Greenlit Rights
17252,Les Films du Paradoxe
19527,Fu Manchu Films
8057,Langley Park Production
4351,Trans Pacific Films
62948,Horror Inc.
57277,DUEL Film Partners
7345,Vaca Films
21508,De Passe Entertainment
45085,Synthetic Productions
17889,Seppä Callahanin Filmimaailma Oy
86787,Jack Haley Jr. Productions
1210,Sveva Film
28713,Sutjeska Film
6760,Williams Street
6146,Tugev Tuul Films
85696,Antena 3
3094,Shintoho Company
23771,Bettis Productions Limited
1450,Front Street Productions
10136,Alfresco Enterprises
18326,A Plus Image 4
66283,Rhythm Films
6309,Ministry of Information
79082,FOXTEL
23046,Internationale Scarena Filmproduktionsgesellschaft 2
3126,The Mob
73899,Flashback Productions
52843,Pod Films
40144,Cine Grande Corporation
68432,Coproducción Italia-Francia
10038,Square Enix
57627,Red Chair Films
29061,Love Punch
53904,ATR Films
8825,Lucille Ball Productions
22528,Doll Australia
39606,Subutopian Films Inc.
54211,David Merrick Productions
6567,The Tyler Perry Company
80658,Terror Films
26158,Région Franche-Comté
6150,Petra Cinematografica
22708,Incendiary Features
4904,Alan Landsburg Productions
7195,Rigolo Films 2000
25432,Bull's Eye Entertainment
38960,Cobblestone Pictures
4785,Tele-Cine Film- und Fernsehproduktion
22636,Addicted Productions
49705,Informant Films
30688,New Normal Films
87466,Pang Bros.
46976,RKO General Pictures
68620,Good Films
62230,Pinewood Pictures
22791,Andale Pictures
15068,Metromedia Producers Corporation (MPC)
75419,Inkas Film & T.V. Productions
23058,Artists / Media Cooperation
6356,Brightlight Pictures Inc.
30246,Scholastic Entertainment
59403,Miracle Mile Productions Inc.
7362,Robert Small Entertainment
95104,Bahman Ghobadi Films
3979,Mukta Searchlight Films
32164,Funnyman Inc.
29694,2 Loop Films
13502,Framestore
30515,RIDICULOUS Pictures
82854,Capitan Arana
44570,Bellwether Pictures
72689,Beverly Ridge Pictures
36865,Eye Productions
8011,Producciones A.S.H. Films S.A.
19233,120 Films
57779,Jumping Jack Films
37411,As Is Productions
73264,Coleytown Productions
80551,Bozie
11608,Fundacja Kultury
75258,Orex Films
21722,Maxmedia
15289,Konigsberg/Sanitsky Company
5133,Microsoft
22039,Scarecrow Productions
17452,Penguin Productions
658,MI 3 Film
10907,Les Productions Georges de Beauregard
18717,Arca Studio
83361,Medallion Films
1424,Ada Films
22758,Caroline Films
3174,Alibi Films
18653,Delta Enterprises Inc
8613,Ares Production
22047,Lynch Films
44300,Florida Films
17031,Classico
6517,El Campo Cine
1281,Argosy Pictures
82945,Kunhardt Productions
16788,OmniaTV
14235,Cinévidéo
14391,Elliott Kastner Productions
14576,Ascot Elite Home Entertainment
3770,Crook Brothers Productions
1393,Tokyo Broadcasting System (TBS)
5822,Toei
1832,Allarts
63595,Pneumatic Pictures
20728,72nd Street Productions
21019,WATT frame
74248,WestWind Pictures
7113,Waterland Film
92734,ACTR Productions
21990,Office Fédéral de la Culture
218,Rafran Cinematografica
4983,Sidus Pictures
26442,Deliberate Films
23722,V.O. Filmes
54454,Allegiance Theater
87587,International Cinema Company (ICC)
10612,Frank Ross-Norma Krasna Inc.
10766,RoC Works Co.
93211,Cinematográfica Brasileira
30148,Bona Film Group
10897,Sédif Productions
39987,Playboy Entertainment Group
42344,Mico
3676,ASA Film Produktion ApS
66284,Rogue Arts
3554,Athanor
20412,Douglas & Lewis Productions
10533,General Sanjuro 29
11793,Lumière
74657,Manfred Durniok Filmproduktion
93696,Tinpis
50481,Vendian Entertainment
23553,Dead Sea Films
64815,Horizonte 6 Quince
23513,Ombra Films
5619,Momentum
66740,Danny the Dog Prods Ltd.
81716,Cranium Entertainment
14029,Independent Producers
3016,Morning Knight
23715,Deadly Dilletantes
89612,Fuglene AS
46979,Micheaux Film
23068,Joe Abrams Productions
15645,Reel One Entertainment
16336,Sandler Institutional Films
3888,Coming Home Studios
12139,Material Pictures
78297,BNP Paribas Fortis Film Finance
16068,Ernst Neubach-Film
41684,Hennepin Studios
6683,Lantis
35659,Brooklyn Underground Films
3095,Whitewater Films
37159,Rei Cine
1782,Smoke House
28177,Payton Productions
57437,RAIN DOMINION
76425,Phaedra Cinema
66030,Haut et Court Distribution
75440,Parktown Studios
14159,Seven Arts Pictures
784,Himenóptero
23595,RTL Entertainment
2373,Patriot Pictures
10905,Farewell Productions
27269,Moviebox
7372,Paper Street Films
26569,No Money Productions
64683,Corvid Pictures
55103,Celtridge
13003,Desvia
30422,Boca Boca Producciones S.L
75853,La Cécilia
14914,HBO Documentary
13470,Inimitable Pictures
94464,Film Finance Corporation (FFC)
24143,Jumping Horse Film
4520,Israeli Film Fund
4322,Compound B
24239,Sivashakthi Movie Makers
17209,Vice Films
10971,Filmhuset Produksjoner
8776,Redford-Ritchie Productions
8589,Robert Greenwald Productions
38781,L Films
44626,C.I.D.C. Altamira Fil Altamira Films
15763,Eyetronics
8191,dogwoof films
11682,TV2 Norge
10881,Bernd Eichinger Productions
75882,SellOutPictures
66031,Golem Distribución
15164,Jos Stelling Filmprodukties BV
87704,Cooperativa 15 Maggio
37103,"""DIA"" Productions GmbH & Co. KG"
18044,Leopolis
18059,World Arts Media
87594,Triana Films
30634,H&V Entertainment
9088,MAFILM Dialóg Filmstúdió
8064,First Floor Features (co-production)
4766,Kitty Films
42805,Pusat Perusahaan Film
12665,Blu Cinematografica
15261,Capricci Films
23985,Racing Pictures
3934,Lonely Street
36685,Bottom Line Entertainment
76320,Norbud Films
16052,Cine Plus
300,Alameda Films
13282,21st Century Film Corporation
88965,Chitralekha Film Co-operative
67680,Pasta del Capitano
72153,Wells Productions
42001,American Artists
35558,Eddie Saeta S.A.
53169,Goldrush Entertainment
38944,Clavius Base
6571,White Rock Lake Productions
10720,City Films
26139,Salter Street Films International
20521,Neue Deutsche Filmgesellschaft (NDF)
91875,Worldcross
59957,MMCB Film Produktion 2004
53591,Badbird
7964,Studios Idéfix
20599,G.P.E. Enterprises
10067,Alloy Entertainment
3322,August Entertainment
2216,Helkon Media AG
90622,Toy Fight Productions
94919,GP Cinema Company
41706,Pola Pandora Filmproduktions
22970,Genetics Productions
14233,Amex Productions
2474,Cafe Productions
73623,TVI General Entertainment
4819,Cineman Productions
14821,Entre chiens et loups
22070,Motlys Film- og TV-produksjon
46410,CBS Theatrical Films
2247,Clasart Film
11680,Filmförderung Hamburg Schleswig-Holstein
70559,XLrator Media
4104,Porkkana Ryhmä
5281,Cofimage 12
1743,Films Sacha Gordine
4908,First Generation Films
5721,Phoenix Films
32606,Rec Produtores Associados Ltda.
40605,Radio Telefís Éireann (RTÉ)
80272,Scorpio Films
80449,Mojo Musique
78686,Argus Film
10015,TeleMadrid
94046,Vostokkino
69619,JJS Films
19016,SLC
284,DNA Films
5120,Mosfilm
77940,"Orchard, The"
2549,Trans-Cinema TV
27649,David Grubin Productions
63746,E.O.P.C.
24905,Union
90197,KISS Nation
8081,Last Ride
88044,Filmfinance XII
7481,Lunch Box Entertainment
8916,HILT Productions
6217,Tara
15299,Globe Enterprises
13845,Kadokawa
2977,Kevin Messick Productions
34127,Joseph Shaftel Productions
59072,Betta Pictures
60357,Adirondack Pictures
23609,Tercera Prod
72830,Footsteps Post-Production Sound
4131,Ignite Entertainment
998,Royal Film
89149,Heard Well
40540,Fidelio
20647,Studioul de Creatie Cinematografica al Ministerului Culturii
91082,Bel-Air Productions Inc.
36189,First Choice Canadian Communication Corporation
2127,Uco-Film GmbH
92280,Cummings-Harman Productions
9150,Objektif Film
6718,Stu Segall Productions
19426,Die Film GmbH
49724,Unbroken Pictures
43849,Casa de Filme Unu
292,23/5 Filmproduktion
36790,Carrie Productions Inc.
23168,Mojo Promotions
74619,Bärbel Mauch Film
4866,Global Productions
28053,Troika Entertainment GmbH
24277,PalmStar Entertainment
63708,Scoop Films
6896,EuropaCorp
83338,Muse Entertainment
91502,Whaley-Malin Productions
36206,Comptom Investments
1555,G.W. Films
29842,3-H Films
14675,Reverse Angle Pictures (II)
44739,"Thank You, Brain! Productions"
5626,Hollytubs
22217,Wiseacre Films
26554,Fremantle Media
81289,Chitrakalpa
38791,"Pérez Pareja, M. Flor"
7370,Loki Films
7961,Gaumont International
74793,Macedonian Film Fund
4739,Commies From Mars Corporation
6875,leomark studios
17033,Rubber Tree Productions
16900,Jirafa
4605,Maksim Gorki Studio
77295,Fondo para el Desarrollo Cinematografico
58583,Mumbo Jumbo Productions
48612,Pocketbook Productions
23278,Swampfish Films
24349,Manesco Films
59391,Lemodeln Model & Talent Agency
783,kahuuna films
22154,Athens Film Company
7423,Chanh Phuong Phim
75459,Cabloom!
1244,Alia Films
86094,A.F. Cinema e Vídeo
24991,Sheba Films
21926,Grove Hill Productions
42712,Fida Film
814,Isabella Films BV
68384,Filmhuset Gruppen
5363,P&T Productions
33276,Maxima Film
12882,Pink Buffalo Films
77004,Kiryûkan
77471,Gaeta / Rosenzweig Films
31072,Tyler Perry Studios
88025,Eadweard Pictures
50482,Route One Films
8846,Peerford Ltd.
3583,Cardinal Pictures
2595,The Associates & Aldrich Company
49586,Jagjaguwar
2681,Pratfilm
3432,National Lampoon Productions
6832,Pathé Productions
30293,Satelight
94,ARTE France Cinéma
3222,Baltic Film Group
69485,Odin
19464,Lancaster Gate
11379,Crest Productions
48696,3D Sea Inc.
24442,Flying Pictures Productions
6685,Film Movement
31132,Acuarius Films S.A.
69868,Dancing Girl
78243,Three Crown Productions Inc.
45463,Tangy
12552,Marty Katz Productions
93383,Québec Crédit d'Impôt Cinéma et Télévison
9210,Film Four International
51939,Stone Angels
80445,SOAT
89949,Vinay Pictures
81302,Jerry Buss Production
1253,Australian Broadcasting Corporation
760,Les Productions Bagheera
57416,Master Productions
13853,Zeitun Films
34236,Mad Scientist Productions
7177,Item 7
47349,Mr. Significant Films
11444,Lumiere
55527,Courtside Seats Productions
7829,Ascension Pictures
64730,Scenes From
3844,My Bench Productions
46513,Northern Ontario Heritage Fund
9244,Phoenix Cinematografica
72498,UFA International Film & TV Production GmbH
67173,Blue Train Productions
19079,Sky
33975,Black Heart Productions
32667,CN3 Productions
21572,Berkshire Axis Media
24283,Hanfgarn & Ufer Film und TV Produktion
48856,343 Industries
3967,FilmZ
71951,IW Wrecker Productions
77028,Pipeline Entertainment
69735,Torn Sky Entertainment
42590,Salman Khan Human Productions
20289,Asia Union Film & Entertainment Ltd.
2942,Mark Hellinger Productions
86163,Ocean Avenue Productions
58073,JLM Productions
3308,Believe Entertainment
48244,Silvatar Media
5350,Japan Satellite Broadcasting (JBS)
937,Versatile Film
58092,Raslan Company of America
12574,Sundance Channel
63784,Miles Films
51277,ITC Entertainment Group
69569,Main Dog Productions
8230,QubeFilm
48692,PRESENTE
19548,Haven Entertainment
51198,Picture Tree International
8809,Fair and Square Productions
68117,Giving Films
77344,Charlotte Street Films
28982,Chabraque Productions
20692,Filmpartners
7119,Hybrid
14581,24P Media Group
23628,RCD Productions Ltd.
17953,Comedian Intl Enterprise Productions (C.I.E.)
37581,MG
10695,Come On Sweet Film
5982,Bioskop Film
20979,Colomby/Keaton Productions
62628,Filmax Animation
35602,Illa Films
7318,Imago-Creata
5286,Laughlin Park Pictures
17069,Larco Productions
3537,E.K.
33602,CaglarArts Entertainment
6420,Phoenix Film Investments
95315,Uneurop Film
2351,Jetfilm
83100,Lodger Films
6935,Faith Granger
2421,Foreign Film Productions
15877,Beanca Films
67143,Iconoclastic Features
10257,Jewel Productions
33279,Ad Vitam Production
12841,Canfield Pictures
7112,Waterland
60583,Ravenous Films
22381,Rendez-Vous Production
4208,scena film
73588,Ariroad
74348,Slovenská Pozicovna Filmov v Bratislava
95666,Sucia Centroamericana Producciones
7444,Ratio Pictures
35443,R-Caro Productions
28387,El Remanso
71237,Downtown Pictures
81496,Good Folk Films
6705,Filmfour
13099,Squirm Company
14390,Jerry Gershwin Productions
5142,Galvinized Films
31311,Anna Wendt Filmproduktion
37366,PS 260
57147,Avery Productions (II)
77479,Storm Alley Entertainment
18160,Fryman Enterprises
1822,Parva Cinematografica
15932,Filmco Limited
11962,Crossroads
1930,IRS Media
15530,Les Films Hatari
93174,Bluehorse Films
21017,SK Film- und Fernsehproduktionsges.m.b.H.
553,Barclays Mercantile Industrial Finance
87891,Miramas S.A.S
36963,Mommy Market Productions
30064,Blue Dolphin Film Distributors
6981,Fuse Entertainment
93566,E&R
43524,Python Productions LLC
19402,Indomina Productions
37817,Reversal Films
58322,TSBD Productions
25728,La Costa Productions
81501,Appa Productions
27673,Surfacing Film Productions
4211,Magic Hour Films ApS
27336,EZ Films
63520,Sony Pictures International
18395,FilmNet
12886,New Crime Productions
3618,Film Workshop
15517,Huffington Pictures
37356,Doublesteen Productions
72996,"ZAO Studia ""F.A.F"""
84042,Ghostcorps
4287,Nippon Animation
20663,Radio Télévision Suisse (RTS)
18646,Arion Productions
70468,Aegean Airlines
75168,TVO
5967,France Télévision Images
263,P.R. Productions
15855,Goldenlight Films
75297,sms productions
3883,JBA Productions
70203,Anguish Film
15708,International Keystone Entertainment
8160,Diasa P.C.
20199,Claude Productions
7606,Universal Pictures (UK)
2312,Tevere Film
84835,Lybian Palette
5413,image now films
67097,Singing Frog Studio
58333,Compulsion Inc.
22084,Latvijas Nacionalais Kino Centrs
16380,Karr International Pictures
35043,Destro Films
2026,FFA Filmförderungsanstalt
30994,Union Générale Cinématographique (UGC)
78999,The IdeaFirst Company
17659,Larein Management Productions Inc.
23838,Salto de Fe Films
37816,Freeman Film
910,MFA Filmdistribution
25863,Natexis Banques Populaires Images
7909,We Pictures
47729,STX Entertainment
35778,Lone Star Productions (II)
59463,Ferris & Brockman
75016,Gondola Pictures
93483,Coffee Stain Productions
13468,Dog Run Pictures
52234,Snow Demon Productions
13579,George Stevens Productions
13020,Multimedia Est
93305,FortyFPS Productions
15634,Vitagraph Company of America
12175,Compagnia Leone Cinematografica
74923,Culture Convenience Club (CCC)
16125,Duo Films
89037,Brave River Films
78208,Inter Allianz Film
3487,Universal Home Video
19139,GTV
72898,Hidden Rooster Films
46060,Bill/Phillips
4631,Antarctic Pictures
433,Weed Road Pictures
4082,Threshold Animation Studios
14123,Visual Programme Systems
7767,Shortcom
86113,Toei Television Production
16857,Millimeter Films
21120,Neo Modern
41810,Balmoral Associates
13309,Jack Rollins & Charles H. Joffe Productions
32429,Lookout Entertainment
94789,100 doo
22588,인벤트 디
8803,Production Partners
6716,Zanuck Independent
2827,Jean Silvera Films
40353,Balázs Béla Stúdió
66963,Bonneville Producers Group
18666,Cold Fusion Media Group
5640,Middle Road Pictures
3635,20th Century Fox Home Entertainment
15002,Group 3
250,Canal+Polska
14697,Paris Film Productions
40587,Sapphire Filmproduktiemaatschappij
5373,KSM Film
74164,Associated Film Releasing Corporation (AFRC)
70939,South Beach Productions
12629,Institut National de la Communication Audiovisuelle
78183,STI Studio Filmowe
33879,Arvo Film
5294,Mpower Pictures
26109,Evzen Kolar Productions
5158,Lyrical Knockout Entertainment
15794,B&T Film
29605,CNN Films
5920,Appaloosa Pictures
22208,Harold Greenberg Fund
83382,Teseo
76431,KMG Cinema
4914,Galassia Cinematografica
56436,C. Scott Films
6018,Sahamongkol Film International
79168,Cine Duck
26891,Random House Films
29303,Bellanova Films
76977,Thunder Warrior Productions
36916,MS-Films
41049,Kudzu
62925,Kmunications
57725,Charles Gassot
67703,La Pasionaria S.r.l.
7822,All India Film Corporation
11715,Manitoba Film and Video Production Tax Credit
11247,Soficapital
49254,Cadillac Hash
8689,An Olive Branch Productions
8759,Mann/Roth Productions
4306,Instinctive Film
42414,Georges Loureau
24859,Ariel Films
54089,Gustav Film
3116,Toei Animation Company
16462,Grupo AZTECA
2930,Jowoo Entertainment
7025,Westdeutscher Rundfunk (WDR)
19579,Molinare Investment
25837,Ealing Metro International
24721,Satch-Mo
60378,Callahan Filmworks
6301,CinéCinéma
38778,Academy
691,Cappa Productions
585,UFA Filmproduktion GmbH
95386,Yin Zhang Films
14388,V Films
6942,Les Mille et Une Marches
53009,Miramax
6928,Mr. Yellowbeard Productions Limited & Company
25437,Faustus Bidgood Production
38063,International Digital Artist (IDA)
23570,Springvale Productions
59517,Black Hat Films
26608,Garidi Films
6819,Paradox Entertainment
11562,Fuzzy Bunny Films (I)
1817,X Filme International
3360,Appleseed Film Partners
80295,WeatherVarie Productions
82612,Irresistible Delta
74408,Chinarunn Entertainment Inc.
10224,Museum Canada Productions
5928,Česká televize
82790,Fixer Film Productions
50976,Max Baer Productions
38210,Kaleidoscope Productions
13819,Lower East Side Films
2500,Outpost Productions
21016,Pro Vobis - Gesellschaft für Film und Fernsehen
11679,Nordic Film och TV Fund
45980,SJ Heat Productions
60036,Tactical Media Productions
78193,Mucho Mas Media
644,Alcor Films
57279,John Wilder Nightwatch Productions
33553,Marakesh Films
8369,Alta Films
22044,Farlight Investments
18541,BoSD Films LLC
6971,Bergman Lustig productions
67882,G2 Films
2484,Golar Productions
57487,Necta
11471,Films Triunfo S.A.
7014,Hungarofilm
22609,Ega Medios Audiovisuales
58945,OTE TV
63482,Hualien Media International
5653,Ilion Animation Studios
86407,Canosa Productions
94148,Fritz Productions
17692,Nafta
79729,Cider Mill Pictures
57748,Kawoosh! Productions DTV II
15873,Emerald Productions Inc.
32475,Saracen Films
8060,Mountainside Films
10954,Globo filmes
3227,Clear Entertainment
36899,Connexion Film
5107,Wide Eye Films
46689,The Dilbar Syndicate
81696,British Service Units
12915,Omega Film GmbH
19902,Prelude Pictures
55821,2D Entertainment
21230,Rocket Racer Productions
35868,Proletariat Productions Corporation
29110,Filmco International Productions
70639,Societe pour le Lancement des Oeuvres Nouvelles (SLON)
6909,Cipango
23506,King World Entertainment
23731,Birnbaum/Barber
23800,Distracted Media
88361,Bavaria Film TV
78015,Stardust Pictures (SDP)
21624,Family of the Year Productions
62072,Polar Entertainment Corporation
876,Sara Films
61951,Berwether Inc.
14754,Films du Camélia
71826,Special Edition Films
17119,Comunicación Fractal
52728,Cougar Films Ltd.
1791,Blue Films
65151,Mahal Pictures Pvt. Ltd.
31776,Particle Fever
13922,Piller / Segan / Shepherd
65682,Progres Film Distribution
45086,Tilted Windmill Productions
4667,Bitters End
62197,Riley Productions
72899,Bastide Films
9228,Dan Curtis Productions
28518,M.K.D. Films Combine
718,Arts Council of England
360,Geffen Pictures
78058,Opal Records
176,Different Tree Same Wood Productions
20560,Dolby
58674,Highland Park Classics
11792,Tre Vänner Produktion AB
56580,BBC Worldwide France
11065,The Film Works
8066,RWA (co-production)
20267,Red Production Company
1236,Mandalay Entertainment
73896,Ross Sanders Production International
10099,Robert H. Solo Productions
34990,Essaness Productions
6158,Eetriüksus
3399,Harvey Bernhard Productions
95579,Flood Productions
851,MEDIA Programme of the European Union
2138,Jaibol Films
4786,Midia Cinematografica
64399,Arctic Pictures Limited
32473,Graniet Film BV
72613,Reliance Pictures
44089,Hunnia Filmgyár
8257,The Scottish Arts Council
20293,Occidental Media Corp.
50967,Nós do Morro
36,Buena Vista Pictures
63714,Nick Stagliano
21223,Solana Films
5957,Malibu Bay Films
58574,The Klimax
82280,Société Westi
13429,Cinemassacre
13734,Impact Films
44996,News On Request (NOR)
3928,Columbia Pictures Producciones Mexico
13750,Peppertree Productions Inc.
11600,Bungalow Productions
1793,Velvet Film
78192,New Territory Pictures
27140,Industry Works Entertainment
89687,Rohit Shetty Productions
55063,TCYK North Productions
18165,Vita Aktiva
2936,Limelight Productions
77231,La Maquinita (CORPMAQ)
26373,United British Artists (UBA)
68884,Blumhouse Television
18159,Dummett Films
56698,Parkside Pictures
87309,Sagittarius Productions Inc.
20268,Other Cinema
12732,Towers of London
2644,Benedek Films
40161,Interstar
5315,Bayou Film Inc
5585,Stephen J. Cannell Productions
17881,Színház- és Filmmüvészeti Egyetem
21820,Claang Entertainment
4176,Nord-Ouest Productions
17932,Razor Film Produktion
14595,Pando Company Inc.
90757,Stephen Weeks Company
42050,The East Side Film Company
4524,TV 1000
60061,KMH One
15300,RKO Teleradio Pictures
21241,Bushwood Pictures
2883,Aniplex
23575,Ministry of Content
11568,Butterfly Productions
25953,The Salt Company International
24895,Tribal Alliance
89283,Black Ink Films
6933,Gambit Pictures
79415,MCA  Theatricals
89303,Palo Vista Productions
4041,Panic Pictures
10424,Primate Pictures
2146,David Hamilton Productions
5148,Leonidas Films
5479,Talking Heads
22053,Orinward Ltd.
48403,San Mateo Films
13337,Gémini Films
46391,RAI - Radiotelevisione Italiana
14604,Spectrum Films
12808,Big Beach Films
11267,Focus Features International (FFI)
17779,Simon Productions
515,William Castle Enterprises
4940,Cinematográfica Pelimex
20462,Distant Thunder Films
29647,Johnson & Johnson Spotlight Presentations
16644,IRE Productions
7454,France Télévision
80786,Airan Consultants
6714,Court 13 Pictures
26470,Little Magic Films
15408,Cronocinematografica S.p.a.
25474,Cinematic Vision
37693,Wurstfilm
5754,Rat Pack Filmproduktion
12357,Oxymoron Entertainment
77590,Deux Femmes Service Company
21593,Montauk Films
4063,Trimark Pictures
5416,Mondofin B.V.
12999,Sentana
55256,QVF Inc.
12676,Rekall Productions
93065,Eastern Sunrise Films
18412,Magali Films
89181,Calipo Picture Company
1626,Fono Film
95586,American Film Properties
3923,Strand Releasing
43206,BTA Films & Video
71744,Jolly Roger
7533,Abramoff Production
939,New Legacy
74458,China Film & TV Capital
84592,French Connection Animations
10697,Laurel Productions
87552,Leider/Shapiro Productions
49942,1618 Action Limited
10535,All Girl Productions
30242,Nemuru Otoko Seisaku Iinkai
60749,Media Darling
21516,La Panache Productions
11392,Ebeling Group
76490,Sea Breeze Productions Inc.
21083,Soficinéma 2
7457,Soficinéma 6
11097,BBE
21655,Movie Package Company (MPC)
762,Mutual Film Company
12360,Vestron Pictures
959,IndieProd Company Productions
71843,Kimura Productions
84645,Terminal
4389,Theodora Productions
2007,Imperial Filmproduktion
68454,MCMD Films
5826,PBS
5480,Dominion Entertainment
90403,Turner Entertainment Co.
79143,Mistrus Media Ltd.
23238,VIP 4 Medienfonds
5823,7 Pictures
27085,Sheen Productions
6165,American World Pictures
17645,Stockholm Film
6267,Cylinder Production
59709,LeGrand Productions
1473,Depth of Field
74369,Black María
12602,Last Waltz Inc.
1286,World Wide Productions
1143,Sound for Film
58752,Python (Monty) Pictures
80573,MANIFOLD PICTURE
483,Praesens-Film AG
88982,Charlermthai Studio
92221,Mirisch Films Limited
1335,Hercules Cinematografica
41763,The Venus Project
29407,Nikkatsu Corporation
47586,Zaftig Films
30967,Elsevier-Vendex Film Beheer
82021,C5
8681,C.R.I.M. Produções
93198,Belavista Cinema e Produção
14274,Loew-Hakim
6554,TV UNAM
77395,Regione Siciliana
95342,Sea Side Films Florida Inc.
14112,Intertamar
4862,Swedish Film Production (SFP)
68969,CGV Arthouse
46336,185º Equator
19352,Mediastream Dritte Film GmbH & Co. Beteiligungs KG
47241,Wildcard Films
59649,TrustFall Films
6334,Happy Fiction
10804,YUMETA COMPANY
9217,Pioneer Pictures
43594,Red Pine Studios
17228,T-Joy
93974,Valmora Acqua Minerale
365,Nelson Entertainment
72295,Herald Pictures
88087,Golden Chargers
23644,2DUX²
8801,Marshall Production
95040,Ajanta Pictures
28369,Ars Media
12039,Sankei Shimbun
27103,Imaj Sound Post Production
1200,Film Trustees Ltd.
88565,M.Y.R.A. Entertainment
86550,Halalywood Entertainment
7827,EuropaCorp.
54414,Nomoneyfun Films
294,New Zealand Film Commission
46579,Arthur Cox
11482,Cranium Films
26250,Infinitum Productions
30289,A.V.H. San Luis
4802,Bel-Air Productions
23714,Twisted Light Productions
26966,Reel One Films 6
36186,Bersin Pictures
24644,Neon Park
7337,Mushroom Pictures
11509,Warner Independent Pictures (WIP)
6154,Allfilm
40092,Watershed Entertainment
75484,Earls
56735,Brightside Entertainment
64620,Extra Large Productions
68073,Graeme Ferguson Productions
1850,Comacico
21730,Enlightenment Films
356,TF1 Films Productions
219,The Mirisch Corporation
11258,Central Films
7485,Fox International Productions
52924,Sly Predator
47821,Samuel Z. Arkoff
9251,International Harmony
7541,Sovereign Pictures
30272,JumpCut
5591,Downtown Filmes
12288,Nintendo
7932,Multimedia Gesellschaft für Audiovisuelle Information mbH
55319,Rede Globo de Televisão
1410,Tag/Traum Filmproduktion
14074,C.A.P.A.C.
799,Carlyle Productions
13361,All At Once
8335,The Image Organization
4320,Apple Core Holdings
10338,Perfect World Pictures
36733,Film Art Media
4060,Confessions Productions (II)
17966,Royce Smeal Film Productions
90177,J-Plan
18138,Playfilm Productions
39020,production reed
13876,Opa Film
63906,Cutting Edge Films
84207,Screen Novelties
11797,VOO
15242,Kandor Productions
29097,Stage 6 Films
52513,Hungry Eye Trijbits
23703,Arc Entertainment
7558,Bohemian Films
33861,Mostly Ghostly
15402,Cine Y Television
11241,The Mirisch Company
1990,Weltecho
26026,Egli Film
36081,Is or Isn't Entertainment
9246,TV13 Filmproduktion
2013,Divina-Film
72471,Studio Kankourama
1299,Braunsberg Productions
64217,Swensen Productions
3672,Gotham Group
6009,Кіностудія ім. Довженко
11373,National Film Finance Consortium
4054,Mandarin Films Distribution Co.
36650,Iron Film
3722,Rasta Film
54880,Baldacci Entertainment
13894,Castlight Pictures
84017,Whitesands Media House
130,Jerry Bruckheimer Films
20670,Tribeca Film
3415,Polar Productions
34234,Touchdown Productions
279,Single Cell Pictures
2927,Fidélité Films
91526,Fida Attieh Productions
21946,Lyuksor
21072,Cicada Films
25406,New Company
6926,Triple Fire Productions
11367,4DH Films
21288,TBA Film
20840,Brainjaus Producciones
9116,Société de Développement des Entreprises Culturelles (SODEC)
15417,Telewizja Polska - Agencja Filmowa
12045,Isabella Films B.V.
13788,Hopscotch Films
4697,Sunset Productions
61814,Latitude Films
11448,Exclusive Media Group
57611,Monoxide Works
29207,Continental Film Group Ltd.
21175,Martel Media
18090,Bountiful Film Partners
2504,Jim Henson Productions
1246,River Road Entertainment
14567,Secretaría de Educación Pública
74689,Canal+ Polska (koprodukcja)
78760,Elephant Gun Films
5749,Pierpoline Films
56895,Alex Cinematografica
19972,Walter Seltzer Productions
12330,WFI Productions Ltd.
80238,Hulo Films
25724,Silverline Pictures
2438,MedienKontor Movie GmbH
72874,Providence Entertainment
75342,Grayscale Films
86248,Funny-Films Oy
410,Sovkino
5677,Flavor Unit Entertainment
35212,Chezville
16561,Comet Film Produktion GmbH
95561,Cloud Nine Pictures
19733,WindowLight Pictures
10165,New Century Entertainment Corporation
3601,Mr. Nice
2840,Go Fish Pictures
35067,Edward Lewis Productions
3156,Greengrass Productions
12003,Kunst en Kino
8894,Société Générale de Cinématographie (S.G.C.)
25479,Robert Fucilla Company
19485,14 Luglio Cinematografica
19952,QI Quality International GmbH & Co. KG
18949,Ember Productions
89532,Universal Production Partners (UPP)
24908,Zjednoczenie Artystów i Rzemieslników
3159,Migma Film AB
94187,Mississippix Studios
36959,Starz! Encore Entertainment
75475,Sterling Camera and Film Company
21153,"Bureau, The"
5062,Wildcat Productions
2508,Cinegai S.p.A.
2187,Variety Film Production
272,Spelling Entertainment
36025,National Educational Television Network
22623,Ticoman
18720,Robert Stone Productions
84938,Laurenfilm
17106,Burg/Koules Productions
75040,1000 Volt
8018,Ten Films
12169,Orgolini-Nelson Productions
10244,Ingram
4158,Polartec
24152,Murmures Productions
48075,Sabbatical Pictures
72448,Peace Arch Films
76877,Last Picture Pro
30344,Ministères de la Culture de l'industrie et des P.T.T.
11263,Bubby Productions
667,IFMD Ltd.
39430,Disruptive Films
43977,Still Silent Films Inc.
15278,British Broadcasting Corporation (BBC)
46049,Projector Productions
5372,Oriental Light and Magic
941,Marni Film
23648,Apostle Productions
20904,Deborah Perkin Media Ltd.
56377,Telekompanija Forma Pro
43529,Great Southern Land Entertainment
24356,Tomboy Films
8857,Independent Film Channel (IFC)
84526,Cinema '84/Greenberg Brothers Partnership
5076,TMC
20681,Bavariapool
71622,Number 5 Films
50094,Kaidan Seisaku Iinkai
5129,Shemaroo
1189,Greenlawn Productions
17348,Cirandinha Productions
22629,Sundance / NHK International Filmmakers Award
4220,Management 360
86526,Centro Film
79765,Vento Film
21635,Mojo Films
78596,Surefire Capital
4554,Cimarron Productions
8326,Chang's Film Company
23624,Cinescope Productions
3950,Palisades Pictures
47237,Asia Tropical Films
89314,ML Film Entertainment International
52222,Ronalds Brothers Films
35017,Home Free
6787,# Andrea Sperling Productions
10240,Herbert Wilcox Productions
7774,RSH Entertainment
19118,Tremora
13460,Chump Films
73745,Argomedia Sp. z o.o.
18581,Captain Kidd Productions Inc.
50511,Wall to Wall
11858,A&E Television Networks
59118,Kôdansha
6323,Weinstein Company
5644,Magic Light Pictures
55250,Spierigfilm
21079,Hopscotch Features
2108,Battleplan Productions
5701,De Laurentiis Intermarco S.p.A.
16677,Gekko Film Corp.
32441,Hakuhodo
72678,Solares Fondazione delle arti
13578,Esskay Pictures Corporation
1477,Franco London Films
35508,2-Team Productions
38519,Compañía de Aventuras Comerciales
29435,Joele
1231,Art Fest
675,Forward Pass
93961,Milestone Film & Video
2048,TV-60 Filmproduktion
8267,TV4 Sweden AB
52437,TROS
23036,C.E.O. Films
17102,Peter Walker (Heritage) Ltd.
7166,Diaphana Productions
4015,Entertainment Partners Ltd.
94596,Ustinov Productions
28001,Chromewood Productions
15892,Fonds National de Soutien à la Production Audiovisuelle du Luxembourg
2671,Gaïa Films
2787,Reel FX Creative Studios
48491,Lloyd Hamilton Corporation
79343,Vortex Sutra
84733,Shooney Films
3438,Melee Entertainment
47565,Black Rhino Productions
4782,GFT Action Films Inc.
28791,Duran
93580,Wonder works studios entertainment group
67263,Falling Snow
65428,Pterodactyl Productions
25516,Theo Angelopoulos O.E.
12943,APJAC Productions
1529,Artco Films
60681,Astral Productions
397,Révillon Frères
14165,Juri Productions
38567,BMG Independents
89125,Reencuentro Films
23331,Canal+ Horizons
32445,Kjøpmannsgata 40
62662,Vernes
21221,Evolution Film & Tape
31030,Kurata Film Company
1611,Sarah James Productions
791,IPSO Facto Films
38676,Stella Maris Film
16778,Jaquet
58902,Elephant Films
94008,3D Video System
8942,Geyzer Film Production
12473,Incei Film
5637,City Glory Pictures Ltd.
7193,Company Films
77514,BluePrint Content
43272,Art4noise
85562,River Bay Films
69204,Haunted Mirror
44912,Public 21 Cinema
78178,Rooftop Films
92340,Caldix
8310,American Filmworks
68571,Day 1 Films
43260,Touba Films
87026,Beyond The Mothership
33717,Sektor Film Skopje
6834,Out of Africa Entertainment
35818,Boyfriend's Dogs Films
4838,Zimgor Productions
20072,Epidemic Films
8175,Monipoly Productions
12237,Schneiders Bakery
15889,Stand See
13200,Sunrise Filmvertriebs AG
89036,Chateau Wally Films
5399,GameFreak
33389,Inland Film Company
73349,PEA
5735,Prism Entertainment
82010,Little Punk
2813,Forensic Films
51068,Toolbox Film
57186,Blue Drop Films
39353,Ideal Communications Films
74795,Nu Boyana Film Studios
21488,Lumiere Motion Picture Company
2775,American Eagle
93660,KinoKamera
26670,Sunrise Entertainment (II)
19771,Piano
22898,Mysterious Light
87503,Le 12e Art
95366,Alternate Current
32,Buena Vista
63928,Aitysh Film
3015,Good Dick
69984,Enchanter Entertainment
1707,Infafilm
66899,Cronos Entertainment AIE
6781,Initial Pictures
21858,Richmond Light Horse Productions
2599,Blue Askew
77551,E.D.I Films
23233,Woodcreek Faction Productions
69843,Gugat Films
47450,Latin Cinema Group
2253,Lawrence Bender Productions
2170,Filmanthrope
3475,Walt Disney Television Animation
35459,TVA International
72797,Osmond Productions
16238,Norberfilms
20796,Crown Productions
38173,Zinnober Film- und Fernsehproduktion
8909,Right Coast Productions
26485,Elevative Entertainment
22245,Third Floor Pictures
58353,Erre Produzioni
4504,P.O.R. Sicilia
11981,Wilderness Films
69484,Alibaba Pictures Group
42039,Arts+Labor
1971,Action International Pictures
57380,Mama Films
32841,Win's Entertainment Ltd.
11491,Are You Experienced?
1400,Labrador Films
95698,BV Entertainment Inc.
24980,Workpoint Entertainment
5302,Christiano Film Group
10946,WDR/Arte
74958,Thunder Road Incorporated
35411,Mediarts
355,R.P. Productions
11371,Palomar Pictures (II)
52332,Digital Diva Films Canada
49967,Unique New York Productions
48481,Fallen State Films
80885,G2
30194,Nazimova Productions
20809,Normal Life Productions
67385,Downstream Productions
86914,Skandia-Filmi Oy
51416,SAH Productions
16386,Jerry Leider Productions
4580,Cine2000
12934,Air-Edel Associates
24137,DOS
24993,Europa Film Sound Production
8661,Alliance de Production Cinematographique (APC)
57753,Frenzy Productions
39237,Liam Films
19369,Procinvest Sas
52393,Ralph Smyth Entertainment
21084,Image Organization
12451,Mediaworks
28536,Arrow Films
86128,Blind Man Productions
44995,Yellow Bastard Production
58061,Two Ski Productions
248,Impact Pictures
7697,Don Sharpe Enterprises
73193,Contend
5538,Sandy Howard Productions
23283,Rodin Entertainment
38953,I.R.I.B. Channel 2
78709,Sirena Film (koprodukcja)
22872,Southward Films
17761,Four Knights Film
62331,Lifeboat Productions
27756,Park Place Production
26088,Deon Taylor Enterprises
3121,Stan Winston Productions
1429,Italian International Film
64430,Greenmachine Film
3938,Blueline Films
749,Christal Films
3027,Chaintron
889,Outlaw Productions
19181,Hawthorn Productions
11578,Super Écran
74103,Gowanus Projections
3754,Bert E. Friedlob Productions
6077,Hayward-Fonda Productions
1271,Pariah Entertainment Group
15719,Terra Film
2458,Tartan Films
4079,Angel Productions
7945,Holding Pictures
83871,Perfect World (Beijing) Pictures Co.
89188,Magna Theatre Corporation
2962,New Legend Media
3406,Ningxia Film Studio
91876,Solitaire
36555,Famous Players
60892,Pachyderm Production
4898,Columbia Broadcasting System (CBS)
16623,Lost Witness Pictures
89487,Mandoo Pictures
46196,The Victor Film Company
17383,Monica Beach Media
56931,The Legend Lives Company
10808,Overnight Films
71806,Enumerated Pictures
11958,ITS Capital
52598,Golden Horn Films
21145,Alsid Productions
79725,Periferia Production
44948,Moviworld
233,Argus Film Produktie
30637,Medal Lion Entertainment
23249,G.E.S.I. Cinematografica
73442,East of West Film
32288,Ad Vitim Distribution
23613,Hangar 14 Films
76782,Sea to Sky Entertainment
63924,Broken Chair Flickz
45012,Steeplechase Films
9265,Applied Action
74116,Reynolds Pictures
3158,Katakuri-ke no Kôfuku Seisaku Iinkai
34087,Applause Bhansali Productions
25608,Quick Draw Productions
1169,RF2K Productions
42755,hiq productions
19936,Second Mate Productions
94856,Robert Evans Company
25928,Turner Original Productions
52799,Syrreal Entertainment
37074,FCC
2434,HB Filmes
51903,Cantharus Productions
87564,Pollywog Pictures
65403,IMF Internationale Medien und Film GmbH & Co. Produktions KG
12198,Tightrope Pictures
23309,Ion Pictures
1628,V.M. Productions
22665,Victory Film
43352,Last Pictures
12431,SSR SRG Idée Suisse
72679,Maison Européenne de la Photographie
50485,Delphi Medien
37178,Régie du Film
25458,Blue Angels Films
46328,Lightyear Entertainment
16618,Hector BV
8443,Gaucamolle Pictures
89840,Alpine Pty Limited
51298,Bat Bridge Entertainment
15062,Turbine Films Inc.
23533,Mirisch G-E Productions
5923,Nicetop Independent Ltd
4647,Fever Dreams
59778,A113
77413,Santa Fe Productions (I)
81129,Youngheart Productions
74412,Objektív Filmstúdió Vállalat
40857,Cambria Productions
3582,Jewell Enterprises Inc.
5039,Romson Productions
36212,Boies / Schiller Film Group
7088,arena Films
71370,Weston Productions
90012,Golden Horse Productions
28797,Expresso Films
8364,Hill-O'Connor Television
2710,Prisma Film- und Fernsehproduktion
271,Mainstream S.A.
19239,Epoch Productions
28535,Emaus Films S.A.
8095,Merseyside Film Production Fund
41047,Prophecy Pictures Ltd.
46045,La Banque Postale Image 6
12047,Isabella Films
4590,Milimetros Feature Animation
57436,Reperage & Vanguard Films
1026,CARTEL S.A.
11458,Julia Phillips and Michael Phillips Productions
34886,Gidden Media
50163,Ulysses Filmproduktion
15433,Orange Studios
26242,Chuan Production Film Studio
210,Süddeutscher Rundfunk
16928,Homeroom LLC
89123,Ars Veritas Productions
47687,Population 1280 Films
49935,2L Productions
72680,Serviçio Social do Comércio
24266,Rex Media
19374,Fickle Fish Films
39445,Show Dog Productions
9255,Toei Company
24747,Kayos Productions
18038,Sterobcar Productions
78184,Deutsche Filmförderfonds (DFFF) (finansowanie)
15037,Albertine Production
56442,Admiral Pictures (II)
74694,Film Tower
52024,Video Audio Project (VAP)
68062,Pentamerica
34441,Littlestar
57944,SPD Films
18999,Montauk Productions
28703,Anit Ticaret
9205,Midas Filmes
2116,VIP Medienfonds 4
5055,Halifax Film Company
11332,La Sept-Arte
41507,Cathay Audiovisual Global
12256,South Water Pictures
19262,Renegade Films
16915,King Features Production
86737,Bunya Productions
26770,Aeroplano
15996,First Position Films
11395,ImageMovers
6619,Best International
53299,Image Nation
4663,Key Plus Pictures
49979,Mei Ah Media (Beijing)
7350,DEM Film
662,Turman-Foster Company
85028,First Spark Media
89511,New World Video
93145,La Deantir
15681,Kremlin Films
48548,Second Feature Productions
75816,cinéfrance
6386,Columbia Films S.A.
60952,Bino Cicogna
16728,Avilon Audio
12563,Rogosin Films
61014,38 Pictures Films
8170,Club d'Investissement Média
13340,Comet
22467,Mu Films
2895,Dribble Productions
30147,Eurisma
5772,Inter Hemisphere
20124,El Pampero Cine
56976,Martin Bregman Productions
16636,Shapiro-Glickenhaus Entertainment
66970,Universal Music
12692,Gallus Films
8137,Nickel Odeon
15316,Agora Films
3636,Twin Continental Films
75942,Midwinter Films
6062,Státní fond ČR pro podporu a rozvoj české kinematografie
5827,Nova
75986,NC+
88152,Cre Film
5159,Thor Productions
379,Truth and Soul Pictures Inc
30568,Sol's Luncheonette
26590,Backup Media
934,Cutting Edge Entertainment
95393,Åke Lindman Film-Productions
11409,Sniper Productions
45443,Q&Q Medien
1328,Eichberg-Film
22567,Plantain Films
2533,Albino Alligator Productions
2099,Channel Films
26774,Concorde Film Trust
55372,Dan Redler Entertainment
12408,Panda Productions Inc.
14362,October Pictures
41676,Standard Arts
40644,Amritraj / Stevens Entertainment
13140,Parada Film
38078,Happy Hour Films
94768,Apema Filmes
41730,Elías Querejeta P.C.
9024,World International Network (WIN)
73757,Bardel Entertainment Inc.
10909,Modern Studios
79901,Spark Pictures
11808,Whitby Davison Productions Ltd.
7739,UW3 Film Productions
5773,Synthetic Fur Productions
2290,Hunting Lane Films
90587,Cheremoya Films
45301,Prime Films
94357,Karza Productions Inc
89567,WFF Wroclaw
12424,TV Man Union
76180,"Outrage Productions 5, S.V."
49301,Toho Pictures
19857,Sean Daniel Company
73370,Movie Partners In Motion Film
4103,J Team
60014,One Small Instrument Pictures
83295,Sukrit Pictures
93605,D3C Productions Ltd.
78194,Outsider Pictures
10539,Produzione Cinematografica Mediterranee
33569,The Pardon Group
52630,Jungle Book Entertainment
44944,Robert W. Paul
10748,George A. Hirliman Productions
35249,Verve Pictures
40451,Adela Pictures
77733,Joswend
37987,Lightshow Communications
55703,Wytwórnia Filmów Fabularnych (WFF) Wroclaw
36786,iDiC Entertainment
48510,Zyzak Film Company
85800,Studioz IDrream
35801,Defining Entertainment
64576,Gaya Film
3275,Box Film
15913,Associated British Picture Corporation (ABPC)
184,Locus Solus Entertainment
51609,Les Films du Tambour
5757,P'Artisan Filmproduktion GmbH
24195,Resolute Films and Entertainment
79569,Wild Style
93628,Acamedia Pictures
16265,Mischief Films
81865,United Seven Creations
9323,Beachfront Films
62889,Illusions Entertainment Corporation
88833,5AM Producciones
1092,Mockingbird Pictures
36288,R.P.A. International
4033,Sphinx Productions
5333,Zeta Entertainment
48792,Parallel Zide
11991,De Nigris Productions
85400,He and She Films
73176,Ramsway Ltd.
22108,2am Films
1054,Allianz
57005,Argentarts
2331,Filmové Studio Gottwaldov
81620,TENCENT PICTURES
70464,Camisa Listrada
26769,Battletruck Films Ltd.
11312,Dispat Films
61007,April Showers
79947,Pātea Film Collective
12089,Indigo Productions
2867,Bearing Fruit Entertainment
804,Natural Nylon Entertainment
7954,Filmwerks
57344,Serious Entertainment
87493,Norfilm
66102,Alfred Image Works
1444,Cannon Group
49929,Wanko Toys
89629,Say It Isn't So Productions
50649,Decoding Annie Parker
74895,Romikin S.A.
58260,Attitude Pinículas y Films A.I.E.
37567,Mosaic Films
3003,District
1312,The Mount Company
79197,MovieBrats Pictures
27716,Yomiko Advertising
95125,EGM Productions
12278,Covenant Communications
23446,Sofica Sofinergie 5
17489,Copercines
51303,Quinte Film GmbH
1796,Coralta Cinematografica
4843,Serena
2348,Nickelodeon Movies
22481,Bell Broadcast and New Media Fund
56,Amblin Entertainment
42348,Edward Spector Productions Inc.
1865,Zanuck/Brown Productions
37774,Skyline (Baker St)
25462,Starboard Entertainment
76594,Les Films Sauvages
18094,Antron Media Production
18239,Atlas Independent
57844,Warner Sisters Productions
3546,Hollywood Media Bridge
63816,CARAVAN CINEMA LTD
2605,Gran Via Productions
84006,Kinostudiya imeni M. Gorkogo
67883,Absolute Entertainment (II)
92231,Cofimage 27
4439,Digiart Productions
1983,Grosvenor Park Films LLP
67095,Accelerated Matter
5475,Copa Productions
27028,Cloudcover Films
71785,Daniel Film
76069,Wardour Street Pictures
55517,The Incident at North Hampton Productions
29850,Geoff Reeve Enterprises
34774,W9
7967,Media Factory
7785,NVSH Productions
5262,Nasir Hussain Films
470,Recorded Pictures Company
64402,Prakash Mehra Productions
17457,Whizbang Films
46298,Kinetic Arts
93636,Film and Television Corporation
38145,Bristol Automotive
26649,Peninsula Management Productions
95548,Kennedy Films
21681,California Theater of the Performing Arts
9185,Producciones Benito Perojo
14282,Pupcake Productions
3638,The Jacobson Company
8096,Process Film
4817,Cine 2000
53899,Cinepsilon
4381,RSVP Productions
17662,Samuel Fuller Productions
884,TPS Cinéma
6379,Golden Harvest Company Ltd.
3690,ASA Film Pvt Ltd
12027,Madacy Entertainment
2324,Empire Films
20,Rough Draft Studios
88460,Supersensory
5964,Cafe Sisters Productions
12911,Cinemax Reel Life
56447,Serpent Films Productions
45970,France 2 Cinéma
1297,Gruskoff/Venture Films
6479,EU Media Plus Program
8463,4321 Productions
46936,Gabriel Polsky Productions
18892,852 Films
89533,Agana
10460,Produzione Intercontinentale Cinematografica (PIC)
61085,GEA Cinematográfica
11256,Sofica Créations
3492,Island Pictures
81133,Amy Robinson Productions
29688,Polare Film
147,Fidélité Productions
8051,Cesáreo González Producciones Cinematográficas
2854,Adelaide Film Festival
23343,Passenger Film Studio
1417,TIT Filmproduktion
13918,Heco Produções
80237,Atticus
72,Valoria Films
8453,Télévision Suisse-Romande (TSR)
33992,Capitol Cinema
51098,Little Wing Productions
25954,Metrol Technology
62231,Pinewood Pictures
75984,La Banque Postale Image 8
79710,Didion-Dunne
72682,City of Lodz
37209,4 Cats Pictures
10488,21 One Productions
51935,L'Alliance Cinématographique Européenne (ACE)
8124,Enrique Cerezo P.C.
46512,Fella Films
18156,Indiana Production Company
8190,Family Productions
16154,KTEH
8241,Big Up Productions
62102,Torn Pictures
33961,Le Tax Shelter du Gouvernement Fédéral de Belgique
51321,Les Films Aleriaz
89911,Baker Entertainment Group
2731,Intandem Films
7090,France3 Cinéma
6453,Studio Trite
3081,Tips Industries
1671,Explorer Film '58
3719,Ljubavny Film
45585,R. R. Movie Makers
10483,Theatre Le Rex S.A.
70885,Jane Balfour Films
55482,2 Wolves Films
54882,J2 Pictures
754,Stella Films
12260,Bob Yari Productions
45830,Silver Leaf Pictures
1843,Grand Army Entertainment
6277,Skydance Productions
5726,Universal Pictures International (UPI)
5649,JCE Movies
139,LJ Film
73517,Julian Wintle Productions
37382,Classic Media
1598,Nippon Herald Films
7367,Chad Troutwine Films
79730,Dasym Enetertainment
42875,je suis bien content
6210,", Flaminia Produzioni Cinematografiche"
6298,Spiegel TV
36829,Attila Productions
7015,Kontraproduktion AG
2078,Sokal-Film GmbH
84546,También la lluvia
4634,Oceana Media Finance
29709,Argonaut Film
54944,Noori Pictures
35431,Elton Corporation
45810,Five Star Pictures
32483,Haroll Productions
21162,Polarstar Pictures
83296,Murlimanohar Creations
52084,Red Square Pictures
3421,Kamikaze
1995,Sorolla Films
31182,Effigy Films
87477,Screenplay Infinite Films
4313,AVRO Television
11094,Engelberg-Sumner-Cheikes
70154,Pentagramma Filmproduktion GmbH & Co. Rainer Erler
95200,Zeugma Produções
14040,Banner Productions
28877,International Pictures One
62283,Paper Pictures Inc.
23120,Montrose Pictures
11072,"Bad Angels Productions, Ltd."
9371,Victoria Film
14646,Pickford Corporation
37668,Screen Plays
41551,DeCubellis Films
74978,Fildebroc SA
86084,Virgin Schallplatten
12264,Pledge Productions
18288,Stephen Alexander Productions
6810,Sanjay Singh Films
73587,Kabuli Film
14027,AT-Production
19546,Laser Unicorns
37217,Contradiction Films
40811,Lyre Films
25277,Starz! Pictures
69500,Mr. Kicks and Lady Megs
596,KC Medien AG
11391,Tribeca Productions
12029,Curmudgeon Films
15158,8383 Productions
7449,Clear Blue Sky Productions
6916,Arte France Cinéma
19578,Momentum Pictures
6557,SF Norge Produksjon
5337,Tijuana Productions
12261,The Colleton Company
41564,Stonehenge Productions
4756,Friedman-Lewis Productions
63459,Kavac Film
37048,Decia Films
1854,Dan Films
14731,Studio Fierberg
10771,Alexander-Stern Productions
42759,Wichita Films
7307,Medienboard Berlin-Brandenburg
198,GFP Medienfonds
76272,Watchout Productions
57863,ADF Studios
8512,Rectangle Productions.
78952,Wanda Media Co.
63484,Awesomeness Films
59645,ICL
7594,Touchstone
33118,Epicentre Films
53905,MMP Erste Filmproduktions
20877,19 Entertainment
10645,Paradise Films
48177,Therapy Content
86057,Wrecking Ball Pictures
42613,Little Dragon Productions
24184,Pillage and Plunder Pictures
112,AB Svensk Filmindustri
50248,Last British Dragon
12249,Gudegast Braeden Productions
93113,Amoon
87426,(주)로드픽쳐스
33995,An Erich von Stroheim Production
85687,National Cinema Centre of Armenia
8281,Film Fyn
45602,Goldmine Pictures
3287,Screen Gems
52,Film Polski Film Agency
42761,Wescom Barber International
58675,Perry Street Pictures
77814,Indie Invest
20366,Gimages Développement
7669,Color Green Films
8746,Papercut Films
33774,Filmaster Incorporated
4881,Rapid Heart Pictures
86573,Infinity Pictures
43391,Maltauro Entertainment
20687,Site 4 View Productions
3426,The Australian Children's Television Foundation
75291,Geopoly
26001,FOUR Productions
57274,AAC Kids
4188,Indecom Cinema
2079,Banshee
52844,Motion Picture ETA Produktionsgesellschaft
4100,Stick Figure Productions
10985,Harbinger Media Partners
3255,GMM Pictures Co.
71988,Hong Kong Film Directors Guild
14323,Compass International Pictures
11417,Chengtian Entertainment
21555,Biograph Company
75616,Time Productions
10318,Polyc International BV
15868,Medusa Distribuzione
60824,Harvey Mason Media
12329,Park Road Post
4378,The KL Line
90435,Americana Films
8882,Adelaide Motion Picture Company
33137,Morag Loves Company
49964,Provenance Pictures
52033,Bix Pix Entertainment
90635,J.Q. Pictures
2300,Key Creatives
79279,ESX Entertainment
966,Monarch Pictures
79031,Chatrone
14773,Lorac Productions
67232,Films André Paulvé
43596,International Entertainment
5952,Marksman Productions Ltd.
1374,Cinemar
17834,23/5 Filmproduktion GmbH
2961,Box TV
4944,GK-Film
35061,Colgems Productions Ltd.
10851,Real Time Productions
73335,Lunacy Unlimited Productions
68248,Medusa Pictures
5441,Ivory Way Productions
55150,Swelter Films
22640,The A. Milchan Investment Group
28496,RCN Films & e-nnovva
35177,Minnow Films
83641,Arch Production
89124,Sunshine Films
14562,Le Groupe des Quatre
26492,Jet Tone Films
73258,The Dream & Pictures
51045,Digitalkraft
9126,Nordia Films
1321,Transcona Enterprises
69989,Monophonic Inc.
12361,Crow Productions
26347,STS Productions Inc
42643,Negocios Cinematográficos S.A.
17549,Nordiska TV-Samarbetsfonden
14786,AARU Productions
21979,Mer Film
7993,Ohara Bros. Co.
3654,KM Culture Co.
16026,FIT Productions
41905,Blackmagic Design Films
10880,Yuma
4929,CITA Films
34679,Perfo Production
60537,Walden Productions
5983,Stefi 2
22916,TV Zero
4597,Goodtimes Enterprises
3405,Mediacorp Raintree Pictures
55841,Santa Fe International
50072,Jane Startz Productions
4978,Gaumont British Picture Corporation
1168,Novo Arturo Films
8700,Paravision International S.A.
1976,Film Science
79522,POP6
2802,TV4 Sweden
3940,Kids in America LLC
22023,Unapix Entertainment Productions
15322,Titan International
31374,Luxanimation
73429,Bulldog
95067,"Navalakha Arts, Media & Entertainment"
1968,Viking Films
21839,Blue Star Productions
6541,D.A. Films
3807,Survivors of the Shoah Visual History Foundation
10852,Wald/Krasna Productions
78965,Telad
189,ARP Sélection
17227,L'espace Vision
51,Fox Europa Produktion
16861,Flying Monkeys Entertainment
23005,Braveworld Productions
30724,Hecht-Lancaster Productions
17387,Jeonwonsa Film
2716,RTSI Televisione Svizzera
4921,Bakshi Productions
1177,Rastar Films
12145,Shaft Productions Ltd.
78113,The Other Side Films
467,Renaissance Pictures
2369,Eagle Associates
51831,Longwood Pictures
71326,Nihon Eiga Broadcasting Corp.
21915,Televisión Federal (Telefe)
77507,YCTM
53875,Zoma Films Ltd.
80067,Blaze Film Enterprises
67884,Cockamamie
23751,LA Publicity
87427,Straight Shot Films
43554,Sebasto Film & TV
17559,Scanbox Entertainment
14920,Record Farm Industries
681,Dom Film GmbH
3569,Eyeworks Touchdown
17436,Cyclops Vision
84425,Deluxe Digital Studios
2822,SNL Studios
34998,Avnet/Kerner Productions
69583,Police Academy Productions
12770,Hape-Film Company GmbH
60682,Artemple - Hollywood
5845,Royal Shakespeare Company
5016,Nepenthe Productions
17700,National Film and Television School (NFTS)
19633,In A World
1584,ITC Entertainment
22085,Tvorcheskaya Assotsiatsiya Mezhdunarodnykh Programm
23737,Storitel
61132,SPN Production
39338,Massive
20581,Pictures in a Row
29070,SD Entertainment
19150,Telewizja Polska (TVP)
34745,Toei Tokyo
10291,Grand Productions
65977,Cinesecolo
11113,Iron Fists
4532,Superior Pictures
7153,Epo-Film Produktionsgesellschaft
27267,Forefront Features
36489,ThanatoFilms
18169,Advance Productions
16921,Kismet Entertainment Group
3846,Epoch Films
55534,Aiete Films S.A.
14854,Secretaria para o Desenvolvimento do Audiovisual
41660,Rachael Horovitz Productions
60754,Lodestar Entertainment
3997,Alberta Film Entertainment
6564,Columbia Tristar
3737,Maverick Productions
42935,Distant Justice Joint Venture
19922,Doom Productions
51043,Danforth Studios
87014,General Productions Inc.
64642,Saboteur Media
81052,Evoke Mediaworks
1132,Intercontinental
53902,Samy Boy Entertainment
22533,Iberoamericana Films Internacional
7203,Parts and Weather
5369,GMM Tai Hub (GTH)
3440,Secret Society Films
28640,M2 Entertainment
87064,Big Cinema House
40395,Encounter Productions
11349,Bourne Again
76515,Papalios Productions
932,Mirage Enterprises
58725,Ali'n Productions
17810,Taylor Roffman Productions
67330,ITV Global Entertainment
10989,Muskat Filmed Properties
2509,Artimm
4159,Goldig Film Company
51940,Stone Angels
7198,A-Film Home Entertainment
6656,spirit lake pictures
31825,Digital Domain
17931,Bridgit Folman Film Gang
14515,Cinemedia Films Inc.
52763,BBC Manchester
70584,Bambooosa
91637,Fearon Entertainment
19494,Stolen Car Productions
84233,Anagram
11317,Phoenix Pictures
11087,Victoria Deluxe
49763,Maneglia Schémbori Realizadores
34200,keyfilm
28617,Cinédis
10776,Stayer Studio
35444,Independent Film Group
11015,Heller Highwater Productions
15592,Sin Sentido Films
7717,Flashpoint Entertainment
59489,Quad Films
25606,Goskino
83440,Relevant
7724,Red Bull Media House
7759,GoHands
87606,La Mutualité Française
84240,Luso Films
10102,Cattleya
4217,War activities committee of the motion pictures industry
4009,Unified Film Organization (UFO)
203,Panfilm
76844,Adel Films
29672,Dwango
39964,PBS HOME VIDEO
3139,Off Color Films
82832,Centro Cattolico Cinematografico (CCC)
36841,Filbert Steps Productions
11066,Agence BJP
10565,Good Machine
20986,Finnegan/Pinchuk Productions
3756,CoMix Wave
51071,Ghost Robot
45740,FilmTeam
2718,Stella-del-Süd
8342,Black Orange
4370,Neverwas Productions
83349,VOSC
13892,RKO Pathé Pictures
3201,Merlin Films
21743,PS TVC Studio
93635,Tasse Film
18440,Made In Film-Land
1471,Archer Street Productions
8151,Fuqua Films
79223,Iranian Independents
5328,Ivan Tors Productions
24136,Reperage
93134,Centre Pompidou
45194,Rodriguez International Pictures
59685,Adam & Eve Productions
72627,Roger Ross Williams Productions
78303,Logo Productions
5099,Altamira Pictures Inc.
23950,Andrew J. Fenady Productions
1825,Spéva Films
74686,Goon Films
7154,One Race Films
3346,Rainmark Films
4384,Tempesta Films
15587,P.S. Productions
45725,Metro-Goldwyn-Mayer
3495,Steamroller Productions
46503,Saylors Brothers Entertainment
16930,Fog City Pictures
70890,3D Films
21411,Diana Film
19989,Hugo Grimaldi Film Productions
40768,Navert Film
54306,Bombero International
21914,Kramer & Sigman Films
74333,RKM 29
10555,Tigielle S.R.L.
36752,Cutler Productions
10442,Glendale Picture Company
27903,Basilisk Communications
80444,Terra Films
64499,Tarea Fina
26106,Refresh Production
18793,G.S. Entertainment
8289,Zentropa International Köln
13238,Unified Pictures
32243,PeaPie Films
2826,Access Pictures
38833,Ian Bryce Productions
21505,Action Films
71291,Avanti Media
8479,Copacabana Filmes
40866,MUSE/Wyman
10400,Eagle Pictures
42467,iQ Films
16280,Jean Doumanian Productions
887,Neo Productions
67885,Heckerling-Caplan
47893,Surla Films
47352,U10
12,New Line Cinema
78475,Schoolfield Media
77318,Atomic Productions Inc.
24648,Panaramic
69329,PWSTiF
53963,KeyFilm
6823,Lifetime Network
22112,Ocean Size Pictures
2939,98 MPH Productions
19752,Select Productions (III)
74420,Briar Rose Productions
87464,Lesson 1 Entertainment
3892,Candlelight Pictures
19662,S. Benjamin Fisz Productions
273,Tatira-Hiller Productions
36117,Bugeater Films
10292,Hurry Up Productions
15808,Cinemalaya Foundation
16978,Lightmotive
5820,Generator Entertainment
89991,Little Horse Crossing the River
31112,Newscope Films
87817,Earthling Associates
57096,Granny Was an Outlaw Productions
5224,Once Bitten Films
10588,Colony Pictures
26206,TMS Film GmbH
89420,A.P.E.C.
13584,DP Films
53562,9 Story Media Group
65468,Confédération Générale du Travail (CGT)
13733,the filmgroup
87829,Dave O Films
1702,Medusa Produzione
21490,Stellar Entertainment
8819,REN-Mar Studios
11957,GG Filmz
19990,Jacqueline Kay
61746,Zone Films
1364,St. Nick Productions
4923,Brightstar Films
23231,Connell Creations
68167,Les Établissements Braunberger-Richebé
23143,Continent Film GmbH
3490,Media Talent Group
72110,Best Film
33304,Meteor Joint Venture
3035,4 Kids Entertainment
11876,2262730 Ontario
12658,Oriental Light and Magic Team Koitabashi
3078,HBO Pictures
74665,Hydra Corporation
2777,Black & White Productions
48467,Amour Fou Luxembourg
81475,VIC Productions
40702,Cruel Stories Inc.
75406,Pro Film
13783,Cornell Pictures
40250,Production Group
93955,TROS Bridge Rights
81127,El Corazon Producciones S.A.
17450,Midnight Friends
2257,Cracking the Earth Films
59350,Alexander Sextus
10355,Spelling Films
5691,Madrugada Films
13719,Coronado Productions
1239,Aichi Arts Center
12224,Paramount Network Television Productions
74008,International Classics
2234,Baldwin Entertainment Group
11138,Three Mills Studios
16237,F.F. Associates
43453,Studio Hamburg
77798,"One Media, The"
58332,Kenny Rogers Productions
57750,Twilight Productions
3341,Fuji Television Network
13311,SODEC
3899,Nordisk Tonefilm International
47347,Mazel Productions
68948,Third Elm Street Venture
4840,RMR Productions LLC
88420,Reborn Production
43916,Late Night and Weekends
33266,Peripheria
90981,Blackfin (Beijing) Culture & Media Co.
45233,Projet Kinomada
54403,Foro Film
56787,The South Australian Film Corporation
94778,Kosmorama
73744,Nowhere Sp. z o. o.
12241,O.S.C.A.R.
94830,Neue Filmkunst Walter Kirchner
1446,Paramount Network Television
25712,Tau Productions
62355,"Zipporah Films, Inc."
27066,Schaefer/Karpf Productions
34594,Surefire Entertainment Capital
53010,D'Artagnan Productions Limited
7379,Scooter Braun Films
73204,AZ Celtic Films
19261,Penguin Books
76620,Caronova Pictures
11335,Chrysler Corporation
85945,britannic
31073,Slap Happy Productions (II)
19122,Bloodstar Productions
3052,Troma Entertainment
542,Guardian Trust Company
14260,United Film
27125,Cofinova 10
21644,Hessen Invest
5747,ZDF Enterprises
77601,Ústřední půjčovna filmů Praha
2785,Warner Bros. Animation
53676,Veto Chip Productions
20187,Flying Bark Productions
418,New South Wales Film & Television Office
89720,Mooseport Productions
94029,American Allied Pictures
94978,Pyramedia
45210,Whitlow Films
37009,Tritan Northstar Entertainment
65602,The Hamilton Film Group
59952,"Morra, Brezner, Steinberg and Tenenbaum Entertainment (MBST)"
7491,Zohar International
61546,S&T-Film Berlin
27900,BBC Radio 3
13575,Fidelity-Vogue Pictures Inc.
19366,ABC Studios
30085,Unity Pictures Group
2581,Raw Entertainment
7114,Artemis
92952,Tim Johnson Productions
34069,Panique
10815,Lolita films
34456,Rooks Nest Entertainment
29378,Scarlett Production
50842,Serengeti Partners Ltd.
25904,Tazora Films
6666,Herrick Entertainment
16108,Film Division of General Teleradio
80017,Les Films du Parc
4526,Ensueño Films
20931,Alpha Productions
81167,Ineffable Pictures
11425,ICF Institut Català de Finances
61080,Youngstreet
20014,Carac Films
2440,Mij Film Co.
1926,Les Films Du Fleuve
35210,Ostlicht Filmproduktion
17181,Byronic Pose Productions
64771,Tamm Productions
85816,TMA Productions
83017,Gringo Films
4482,Ivy Boy Productions
22497,Lais S. A.
32365,InformAction Films
11194,Alabama Moon Entertainment
50954,Territorial Film Developments (TFD)
10327,Vineyard Film Ltd.
18367,Centre National de la Cinématographie (CNC)
7091,Access Motion Pictures
27465,Niccol Films
57301,Mine Film
12982,Suomen Filmiteollisuus
3079,Fantefilm
5125,Le Pacte
5832,Microcinema International
4839,Angel Entertainment
17799,CFCF-TV
55289,Through Films
6093,"Nautilus Film Company, The"
69582,Rocklock Films
3772,Heron Communications
24558,Mango Farms
4152,Titmouse
8749,LSL Productions
423,Phantom Four
24853,GS Films
73216,Apollo Media
86759,wishing well pictures
6684,Boris Films
2403,Monterey Films
13535,Lieblingsfilm
93689,Milano Films
83458,Bel Air/Gradison Productions
44544,Hedone Productions
8569,Dayday Films
7268,Roastbeef Productions
34338,Number 9 Films
7786,FilmWorks
13635,Two Thirds Productions
1486,Arnold Pressburger Films
5270,Opala Productions
13399,Douglas Fairbanks Pictures
10050,Televisión de Galicia (TVG) S.A.
48328,Black Robe
12988,Film Base Berlin
29115,John Maynard Productions
6254,"Jim Henson Company, The"
14089,Jan Chapman Productions
66900,Pavla
4120,Access Motion Picture Group
2944,A Million Monkeys
23558,Hermetof Pictures
40244,Tidewater Pictures Inc.
63818,Well Done Productions
6764,Camelot Entertainment Group
1606,Brillstein-Grey Entertainment
21024,Green Diamond Entertainment
69323,Bulletproof Films
5351,Acne Film
15257,CBS Television Studios
86032,Deckert Distribution
52473,Buzz Kill
23631,Minerva Picture Company Ltd.
10807,Troublemaker Studios
23383,180 Degrees
8474,Renegade Motion Picture
95096,Stone City Films
15806,Arnold Stiefel Company
55474,Stargate Studios
76984,ICEC
23784,Little Sam Films
70591,St. George's Pictures
32981,Elisabeth Müller Filmproduktion
8719,Isle of Man Film Commission
1484,Yorktown Productions
18832,First American Films
77029,Red Giant Media
12248,New Zealand Large Budget Screen Production Grant
5112,Red Wine Pictures
1014,Target Media Entertainment
73706,Freewill Films
14623,Teamfilm AS
37661,Albany Productions
4016,Panorama
2102,Frankovich Productions
1912,International Media Films
16353,Mount Street Film
81135,World Film Magic
2089,Samuels Media
43462,Highroad
13437,Champs-Élysées Productions
22626,Ministère des Affaires Etrangères et Européennes
15097,Silver Ant
21819,WonderPhil Productions
9059,MAFILM IV. Játékfilmstúdió
54515,Sly Dog Films
55630,Judgement Pictures
12161,Ashdown Film Productions
49803,Precision Films
7903,Magic Hour Pictures
74896,Patricio Tobal
28815,Raíz Produções Cinematográficas
4811,Warner Premiere
11543,CCRE
2192,VIP Medienfonds 2 & 3 Filmgeschäftsführungs GmbH
22618,Mat Films
23190,Kitchen Sink Productions
6303,Rakontur
53440,Lamia Producciones
23967,Derio
8053, Braeburn Entertainment
11755,Bece Canada Productions
41542,Ironwood Gang Productions
55218,Evergreen
14668,Shibata Organisation
58568,Les Films de Pierre
21887,Kilburn Media
13813,Millennium Films
52854,Masnomis
27405,Marat Sade Productions
64193,Zula/Pearl Films Inc.
23948,Cartoon Saloon
15972,Chateau
3915,Dean River Productions
67480,Atlas 3 Productions
24726,Canada Council for the Arts
8031,isotopefilms
75897,Buenaventura
93391,Filmfactory
19250,Gothic Pictures International
59182,"Gamekeepers Taverns, Lodges and Inns"
3966,Doosaboo Film
66334,Woodshed Entertainment
95596,Snow Day Productions
3801,VIP 2 Medienfonds
23467,Prime Meridian Pctures
24142,Independent Partners
43618,Parano Films
2412,Column Productions
69037,Murnau-Flaherty Productions
19339,Laurel and Hardy Feature Productions
22305,Milk & Media
82964,Mint Pictures
13970,Matizar
10620,Globo Filme
55461,TT Filmműhely
90970,Citizen Skull Productions
23418,Black & Blue Films
90641,Walter Mirisch Company
8352,Coficup
63075,4th Wall Entertainment
31684,Alborada P.C.
11936,Nestor & Co
19501,Noble House Entertainment Pictures
17727,La Panda
3435,Calder Road Film
20258,Sommer 69 Film
60197,Good Smile Company
37790,Beyond Films Limited
11838,Arch Oboler Productions
21069,Nichol Moon Films
30200,The Corman Company
3087,MSNBC Films
69579,Phantom Four Films
23038,Laguna Entertainment
57338,Getty & Fromkess Corporation
83350,Zefiro
8055,G.C. Pix 
22355,KL Production
7473,Cannes Film Festival
1896,Pierce-Williams
3790,Toei Tokyo
23359,Peter Newman/Interal
10,Highlight
42272,RTL
2240,Erbograph Co.
83448,Movida
17929,Vincent Newman Entertainment
59665,Kick the Machine Films
44540,Fiducial Resource Industrial
15842,Alfa Cinematografica
55005,The Birthday Film Company
31775,Anthos Media
7806,Liquid Films
45726,Banter
12371,Filmax Group
48664,SCCA / pro.ba
76194,ITC Films
51878,Pixel Veil
13869,Apple Film Productions
2332,Bi-polar Pictures
13923,Sobini Films
15867,Chang Ying Group
18262,Indie Melbourne Productions
8634,Meridian Productions
6130,Dualstar Productions
67988,WV Films LLC
28957,Anolis Entertainment
17741,Cinecompany
95328,Loud Mouth Films
92033,Etoile Productions
37440,Producciones Águila
2952,Sacred Cow Productions
4502,A B Corp
72820,GC Cinema
54285,Telegraph Films
93441,Gecko Films
52324,The Matthau Company
22979,3 emme cinematografica
19532,United Pictures Organization
5774,Film Duemila
40126,Toast Films
1947,New Deal Productions
20353,Granada Entertainment
39420,Bill and Ben Productions
83289,Deviant Pictures
6544,Ben Katz Productions
8623,Ascot Productions
73737,Kouwa International
72691,Nortesur Producciones
19244,Snow Wolf Produktion
43710,Studio-TV-Film GmbH
37498,Neverland Films
6961,Rouge international
27193,Fralita Films
80510,Monkey Dance Productions
14026,Escazal Films
74832,Silesia Film (coprodukcja)
6651,Penta Films
21840,Morningstar Films
1643,First Independent Films
90129,Killion Street
85434,SparkeFilms History Design
484,De Laurentiis Entertainment Group (DEG)
16061,Baltimore Spring Creek Productions
25350,Besiktas Kültür Merkezi (BKM)
49126,Blue Yonder Films
17048,Counterclock Productions
23677,Fondation GAN pour le Cinéma
3428,Parklane Pictures Inc.
12007,Rat Entertainment
10039,Anonymous Content
15339,Film Futures
88541,firstchoicefilms
8491,Instituto Português da Arte Cinematográfica e Audiovisual (IPACA)
70438,Golden Ring Productions
8467,Clarity Productions
607,Lyncanthrope Films
76445,Indéfilms 3
3018,Brink Productions
33154,Multichoice Hellas-Nova
1919,Euro America Produzioni Cinematografiche
30336,Novella Film
3408,Twentieth Century-Fox
93186,Dominant 7
78324,Triad Studios
76848,Motion Group Pictures
6783,Nordisk Film/TV
5032,Catpics Co Productions AG
37826,Studio Babelsberg Motion Pictures
75451,Moulin d'Andé-CECI
18734,Filminor
20545,Astor Pictures Corp.
61240,Kappa Undercover Pictures
579,Alliance Communications
49336,Papa Joe Films
72299,Вольга
55331,Union P.N.
21321,MP Productions
22378,Les Films de l'Etang
57864,Digital Shoe
24475,La Sofica Sofinergie 5
83070,Pacific Bridge Pictures
46055,KeyAtomics
72926,Bemybaby Films
76714,JC 23 Entertainment
10211,Alfran Productions
35798,Game 7 Films
15597,Glenville
48067,Sidney Pink Production
72026,EGO Production
2171,Les Productions FDL
90402,Brencam Entertainment
14160,Jaffilms Inc.
23279,Ascent Media Group
8441,Jack H. Harris Enterprises
32200,Marwood Pictures
34751,Martinelli Film Company International
5338,Tiberius Film Productions
11517,Buffalo Gal Pictures
13648,Inferno Entertainment
39446,B4MH Productions
7912,Sedic International
46484,ICAA
5940,Avala Film
23404,IndustryWorks Distribution
15423,Fly Film
80675,Bridgegate FIlms
5960,Cofimage
10197,WGBH Boston
14448,Papermoon Films
1895,Atlantic Streamline
37362,DumbDumb
14170,Lebox Produktion AB
3273,ASAF
12991,Finos Films
28048,Applehead Pictures
14637,Lagniappe Films
10657,Maxima Pictures
29736,Nukleus Film
7005,Iblis Films
421,Amen Ra Films
53671,Lantia Cinema & Audiovisivi
66966,Film Production Consultants
74900,Punto B.S.R.L. Planificación y Medios
7408,CD Films
24013,Vnesheconombank
87849,Jericho Productions Ltd.
22976,Les films du cap
2395,HanWay Films
49739,P13 Entertainment
35267,Green Dragon Movies
7300,Staccato Films
59913,Beautiful Confusion Films
50460,Isis Productions
42349,Mad Dog Pictures
4595,Negativ
83223,ARY Films
76346,Filmaor
93099,Никола Фильм
680,Studio Hamburg Filmproduktion
351,Epoch Film Co.
40263,Blue Guitar Films
52210,Haunted Hospital Productions Inc.
37773,Ice Cap Pictures Inc
66587,L.A. Ca
61335,Mutual Films International
44391,Buffalo Films
2173,Great Oaks Entertainment
3117,Daft Life Ltd. Co.
10282,Silver Screen Partners IV
2437,Producciones Zohar
80296,Europictures
80528,Atomic Features
22826,Hasbro Studios
28394,Art & Popcorn
59458,Ravina Filmes
14116,Nilsen Premiere
195,Pole Star
85746,The European Co-Production Fund Limited
30100,Ezeiza Films
32647,Mollette
42255,Argo Film Festival
6950,Pegasus Motion Pictures
7443,Fading of the Cries
867,Anka Film
7301,Elixir Films
10573,StudioCanal Image
2432,Quanta Centro de Produções Cinematográficas
12166,Società Ambrosiana Cinematografica (SAC)
73800,Producciones Barbachano Ponce
3612,Sherazade Film Development
25159,British Screen Finance Ltd
53975,Desert Flower Filmproduktion
24076,Paquin Entertainment Group
65640,Rete Europa
11630,Curse Productions
67901,Above the Line Productions [ph]
532,Morpheus
45509,F.P. Productions
8697,Salzgeber & Company Medien
95800,Ex Lion Tamer
22849,Zeal S.r.l.
6374,High Speed Productions
50448,Fish Blowing Bubbles
48114,Vanguard Studio
29693,A Loopy Production LLC
77396,Sicilia Film Commission
66178,Universal Pictures Germany GmbH
7938,Universal Cable Productions
30569,Westwind Productions Inc.
36289,Atchafalaya
7571,LionsGate
13652,Hai Hui Entertainment
11073,Sony Pictures Television
41533,Lolafilms / Artedis
6224,Superpower Productions
2428,Wolper Organization
15080,Achab Film
41096,Lonetree Entertainment
10824,Telefé International
29467,Proyecto Tucan
55583,Cumulus Projekt
4654,Thunder Road Productions
21034,Down to the Bone Productions
29519,Producciones Matouk
45627,Antenne-2 (A2)
63391,Young Medium
33960,Le Tax Shelter du Gouvernement Fédéral de Belgique
21447,David Ladd Films
63370,MMKA
2462,Cactus Films
88951,Famous Players Film Corporation [ca]
6692,Benaroya Pictures
21435,Parkwood Entertainment
43671,Canadian Television (CTV)
54539,Rush River Entertainment
72060,Horseshoe Films
14555,Darkside Movie
68111,Buzz Studios
23243,Sikelia Productions
66255,"Astral Films, Australian Film Commission, The"
44731,Ithaca
16538,Pellicola
5825,White Wall
2604,Mark Johnson Productions
49941,Abba Movies Co. Ltd.
14355,Press On Features
58255,Napoleon Film
37559,International Telephone and Telegraph Corporation
20466,Global Arts Productions
18524,Intellectual Properties Worldwide
29575,Uzbekfilm
75418,Most Production
47441,Just Singer Entertainment
10843,Future Films
14347,Melsat Inc.
49756,Querosene Filmes
78108,Joseph Kaufmann Productions
13135,Midnight Films
28507,Région Wallonne
29729,Famous Players-Lasky Corporation
81193,steamboat films
67618,Ectafilms
5444,Mod Producciones
9315,Black Fawn Films
34433,Three Little Birds Productions
38936,Ulysse Productions
14193,MM Productions
90517,Secret Hideout
22983,Mon Voisin Productions
5568,Mercy Creek Entretainment
78338,Hiett Designs of Las Vegas
85051,Dumb Films
56508,Ishan Talkies
49989,Computer Chess
77019,Ecaveo Capital Partners
36297,Mosca Films
33772,Bavaria Studios
7464,Kiss Films
2900,Toff Guy Films
78412,New Classics
18302,Entertainment Motion Pictures
7486,American Film Company
74067,Typhoon Works
70661,Count Features
39485,Star Com Productions
1318,Allied Film Makers
7071,Sordid Lives LLC
8002,Hill & Brand Entertainment
23746,Kinostar
74579,Parking Garage Pictures
8734,Fellowship Adventure Group
33167,Tiedebaby Films
15479,Scream HQ
28622,Pac Orsa Maggiore
4780,Hesperia Films S.A.
54268,Boo Pictures
543,Filmplan International II
21046,suomi-filmi
60294,Alta Vista
5261,Shogakukan Production
57585,Lobster Films
13450,ANTORCHA FILMS
49012,Universal Studios Sound Facilities
3223,MeniThings LLC
18794,Video Sound
16856,Part II Productions
78305,Jaylar Productions
50814,La Ignorancia de la Sangre
49252,Cinema One
53337,Morato Pane & Idee
78407,Hexagon Pictures
34574,BALDR
16772,Little Bear
14961,Coronet Film
36227,Varient
82028,Montfluor Film
74006,Uncorked Productions
5663,TADORA Filmproduktions
6117,Stefano Film
26136,Vif Babelsberger Filmproduktion GmbH & Co. Zweite KG
94552,Flatiron Pictures
8035,Visceral Games
30393,Suburbans LLC
7802,Lawrence Pictures
59827,Patrick Aiello Productions
75512,Atriascop Paris
32635,Les Productions René Thévenet
73307,BBC Wales
235,Nordisk Film
19019,Rob Thomas Productions
95693,Unos Cuantos Perros
341,Silent Hill DCP Inc.
8462,Athénaïse
227,Happy End Filmproductions AB
1823,Arwin Productions
31062,Ritz-Carlton Pictures
12328,3 Dogs and a Pony
15318,Executive Productions
36207,KISS Productions
299,Instituto Mexicano de Cinematografía
1050,David LaChapelle Studios
92603,Marquise
3544,Fuji TV
25678,AFC
42878,Patriot Productions
2280,Les Films des Tournelles
288,BBC Films
9237,Super International Pictures
526,Roxlom Films
5789,Hoax Films
21525,Institut del Cinema Català (ICC)
68647,Tropico Filmes
10970,Blueeyes Productions
6144,Homeless Bob Production
1999,Phoenix Film Investements
14664,Endless Picnic
8828,Norman Twain Productions
76473,Distribution Workshop
72127,Onion Films
41624,RatPac-Dune Entertainment
12275,Motion Picture Associates
2911,IMCINE
50707,Carlton Film Exports
41658,Residaco
52014,Dark & Stormy Entertainment
12778,Rizzoli Film
3224,Third Costa
3586,Absolute Entertainment
72884,Beijing Aizhi Ganchun Art
79085,Mother + Father
831,Saturn Films
7086,Universal Pictures International
29508,Paul Schrader Productions
519,11:11 Mediaworks
2773,Broken Lizard Industries
55949,Omnibus
36187,WeWork Studios
5015,Perlsea Company
90561,Tripod Media
24933,LB Productions
5912,American Media Group
2266,Bold Films
3687,Takarazuka Eiga Company Ltd.
32875,Lailaps Pictures
64445,Pokeprod
3602,Rialto Film Preben-Philipsen
27993,Picture Perfect Corporation
41648,Freerunning
64950,The Forgery
1245,Télévision Suisse-Romande
74572,Elzévir & Cie
8331,Van Peebles Films
796,Pan Européenne Production
3130,Tempo Productions Ltd
34432,Hollywood Treasures
1062,Boll Kino Beteiligungs GmbH & Co. KG
75513,Burkina Faso Ministry of Life and Culture
603,Prima Films
1074,Cofimage 9
991,Totally Independent
29007,Doce Gatos
1173,Shopgirl
16675,IFI Producción S.A.
24630,Citizen Jones
82340,THT
3010,Rapacious Productions
17525,Hagafilm
1302,Davis Entertainment
53008,Finestkind
30766,Producciones Amaranta
21381,micro_scope
95162,Uni-Bet Productions
62257,One-Tu-Three Productions Inc.
51044,Digitalkraft
5907,AGS Entertainment
10883,Medias Res Filmproduktion
83645,Huahua Media
74288,Jewel Pictures
4424,Smokewood Entertainment Group
8735,Kathbur Pictures
67486,Rai 3
70319,Sunset Gower Studios
8209,Blue Dahlia Productions
2866,The Free History Project
18583,Alexandros Film
6667,Mandalay Vision
17723,Quintessence Films
3203,Blueshift Entertainment
47354,5150 Action
68140,Dreamz
12446,BLC Films
23625,"Fria Luz Del Dia, A.I.E."
27180,Cinamour Entertainment
22841,Lightstream Pictures
30638,Envoy Pictures
87331,Magic Lantern
84880,In Association with Productions
13782,Noteworthy Films
9324,Chimera Films LLC
42037,Silver Sail Entertainment
94836,Gem-Film
51363,Наше Кино
51069,Rosendahl Film
14982,Tandem Productions
12283,Miller-Milkis Productions
2151,Fugitive Films
11545,Centre Régional des Ressources Audiovisuelles (CRRAV)
25486,"Tvorcheskoye Obyeduneniniye ""Luch"""
14094,Hoyts Distribution
20139,Independent Moving Productions Inc. (IMPinc.)
16030,RynoRyder Productions Inc.
47486,Muck Media
1644,Largo Entertainment
27356,Line Research
24647,Moskus Film
48270,Quiet Pictures
4951,Independent International Pictures (I-I)
56302,Dangerous to Know Swell Co.
3956,Parkfield Entertainment
15083,Red Valkyrie Studios
26019,Radiotelevisão Portuguesa (RTP)
36789,Nessa Hyams
6104,UPP
20295,Sociedad General de Televisión (Sogetel)
1592,Sea Dragon
3822,Blessed Film Company
17737,Herbert Ross Productions
15685,Mirage Films
62216,CMC Producciones
35817,24 Frames Digital Films
18699,Story Engine Pictures
52607,DNA Pictures International
74017,Franklin-Blank Productions
59572,Green Rose Pictures
19802,Ren Film
43051,Production Center of Andrei Konchalovsky
20849,Audifilm
52738,Jeff Rice Films
10974,Pioneer Pictures Corporation
76634,Huayi Brothers Media Corporation
16718,No Limit Films
1756,Broadway Video
55113,Escape Pictures
93868,Bay Ridge Films
88934,Monkeypaw Productions
44499,Golden Princess Film Production Ltd.
2924,Epidemic Pictures
49148,Movie Tax Shelter Empowered by Dexia
2330,Ceskoslovenský Filmexport
6531,Parts and Labor
4262,Tezuka Productions
52085,Cinema & Cinem
9352,Deer Path Productions
19241,Acme Shark
41248,Nancy Tenenbaum Films
79180,Agnes Delahaie Productions
30132,Jigsaw
14884,Boulting Brothers
2339,Access Films
3257,International Pictures
12850,Silent Films Inc.
78891,Sombrero Productions
3696,Lemon Films
67834,Wacky O Productions
540,Jet Tone Production
72436,Salado Media
7941,Tappeluft Pictures
15116,Norman Stephens Productions
4007,Phenomena
42301,Consolidated Pictures Group
38771,Jeff Skoll Productions
93126,Eureka Media
44093,Frontline Films
73467,Andolfi
55528,Oak Productions
86055,Dallas Production Inc.
37708,Statement Pictures
698,Scottish Screen
40367,Valencia Motion Pictures
24447,Grand Illusions Entertainment
71042,Lynn Shelton
58772,Prone Gunman
9364,Sacher Film
92606,Cestmír Kopecký
69563,Studio Rewers
13389,PERFINI
14729,Populist Pictures
5611,Milk & Honey
587,Arte Deutschland TV GmbH
51978,Little Teeth Pictures
35209,S2D Associates
22061,Vitamin A Films
73118,Wrigley Pictures
53874,Sigma Films
11734,Gin-iro no Kami no Agito Production Committee
58825,Filmica Villaparaiso
36855,CGIC
8156,Chugoku Broadcasting (RCC)
20287,English Films
45518,Calimari Productions
19210,Fubu Films
15969,Producciones Cinematográficas D.I.A.
623,MC Productions
16450,Filmes do Tejo
5842,Sandollar Productions
72906,"Caviar Content, Pupkin Film"
2422,Prescience Film Fund
37061,Basket Case Productions
10566,Clipsal Films
4213,Sol Lesser Productions
12253,Carlino Productions
14819,Asap films
77793,Global Creative Studios
40773,Believerville Productions
11841,Wales Creative IP Fund
39961,Oakland Productions
2794,Productores Asociados SA
766,Blue Tulip Productions
47,Constantin Film
2513,Cinema Epoch
11311,SeeThink Films
71985,Epidem
59567,Cloverhill Pictures
73685,Emmett Furla Oasis Films (EFO Films)
1194,Kadokawa Shoten Publishing Co. Ltd.
10403,Gambit Production
663,12 Gauge Productions
18989,Auburn Entertainment
2877,Living Films
17063,Domain Entertainment Michigan
10253,Samuel Bronston Productions
28565,Horse Pictures
3894,Kentucky Fried Theatre
8830,Touchwood Pacific Partners 1
23526,Streetlight Films
89197,HLP
2908,Mars Distribution
995,Cinerenta Medienbeteiligungs KG
26157,Pinou Film
84893,Bewitched
74277,Zenshinza Theatre Company
25358,Krane Entertainment
2725,Foxtor Productions
37812,Westerly Films
38795,Lorimar Filmgesellschaft GmbH
2842,CTR
49945,City on a Hill Productions
6345,Lighthouse Pictures
5166,Filmiteollisuus Fine
838,Paramount Vantage
3271,Inscription Films
21269,Another Mulligan Entertainment
93481,2afilm
4742,Syn-Frank Enterprises
39075,Strohberry Films
45641,New World Productions
1649,Reforma Films
1411,Gekko Film
12085,Tarquinia Cinematografica
11765,Ithaca Pictures
25488,Clockwork Pictures
65786,Cold Beer Friday
14868,Martin Mooney Productions
19158,Ascot-Cineraid
1404,Samaha Productions
4071,Film Folks
39479,Sunny Films
10239,Tall Trees Productions
79481,Paramhans Creations
63187,Junglee Pictures
5421,Redwood Productions
1222,Carlyle Blackwell Productions
25220,New Danish Screen
19355,Canlaws Productions
45505,Fish Productions
1013,Stable Way Entertainment
11685,Substanz Film
32208,Imp.Ex.Ci.
13527,Wey-Man Productions
68304,Crush Entertainment
82606,NBB Unit One Film Partners
21592,Madman Entertainment
25092,Tiki Terrors
4567,PSO
62,The Selznik Studio
16913,Trianon Films
2658,Some Film
2744,Nikolaus Geyrhalter Filmproduktion
35141,J Filmproductions
7046,Paris Film
27904,Uplink Co.
52053,High Frequency Entertainment
15886,Red Letter Media
20757,Cherry On Top
14966,Channel 4
11814,Sky Perfect Well Think
51997,Talent Network Media GmbH
19134,Krauss-DeGrazier
3815,2DS Productions
7126,Trio International
820,Tapson Steel Films Productions
42785,Counterpoint Films
21746,Northstar Ventures
2334,Plesner Film
78705,Nordisk Film Distribution (koprodukcja)
2429,Conspiração Filmes
25691,Gunman Productions
8284,Baumgarten
9154,Echelon Studios
73553,Step by Step Film Production
93166,Les Productions André Malraux
20398,Untouchable Films
3634,Ignition Pictures
2986,Kasbah-Film Tanger
79382,"Bow, Arrow S.L."
22347,Marco Polo Production
5694,Bruton Film Productions
52867,Lastor Media
730,Flying Moon Filmproduktion GmbH
4483,Groupe Dziga Vertov
5760,Energia Productions
87894,Broadcast AV
3769,Panamax Films
76880,Stefi S.A.
3541,Koninck Studios
87726,Yellow Cote Productions
75953,Filmissimo
324,Flach Films
11473,A.J.O.Z. Films
41963,NuAmerica Entertainment
57288,Max L. Raab Productions
70197,Turnchapel Films
8478,Terrafilm
4473,Spanish Fork Motion Picture
11602,Vision View Entertainment
14314,Jupiter Film Productions
84065,Cinemec
15393,Wolfhound Pictures
86041,Inkjet Productions
23320,Crombie Film
76359,Water
7790,J storm
993,Wildstreet Pictures
35449,Classic Films
20568,Pans-Interopa
72022,Les Films Marceau-Cocinor
79488,Sapphire Fire Limited
30304,Bravado Pictures
72921,Turkish Culture Ministry
93213,PIC-TV
78203,United Media
21963,CreativeEAST
56270,"Studio ""Orlenok"", Central Television USSR"
11989,Interfest
14917,Dena Enterprises
13219,"Mirisch Corporation, The"
55532,St. Tropez Films
32599,My Cactus
60658,Zippcast Films
9349,Film4
70029,Stanmore Productions
48545,Mankurt Media
58491,cineBLAST! Productions
8457,Go2sho
14373,Moulin Productions Inc.
57421,Grosvenor Park Impact Productions
3796,Fathom Studios
638,Laurel Group
21228,Dakota North Entertainment
73082,Giada Films
46346,Next Film
19002,The Made Bed Productions
22862,Cindy Cowan Entertainment
82745,Xstream Pictures Limited
27720,Tokyu Agency
28211,Mirisch-Webb
67984,TaliaFilm II Productions
12228,Blue Omega Entertainment
5031,Videovision Entertainment
20076,HandMade Films
4182,Pine Thomas Productions
5212,The Lost Tribe
78,Hotshot Films
5387,Atlantic Pictures
79854,Atossa Film Produktion GmbH
16109,Visual Drama Inc.
5996,BBC
13930,Embrafilme
7374,Back Lot Pictures
2063,Powercorp
83348,Black Owl Productions
31123,Euskal Irrati Telebisa (EITB)
12063,Delta
17075,Hemisphere Entertainment
11150,Googly Films
24725,Ontario Arts Council
75692,Fountain Films
20460,Life Investors International
11435,Sofica UGC 1
42158,Hammerton Productions
95018,MPH Entertainment Productions
20307,Thunder Smoke Media
3869,Great British Films
7777,Slot Machine
59515,Hai Hui Entertainement
17469,Tu Vas Voir Productions
14394,Sirius Pictures International
15846,Dimitri Villard Productions
75377,Figaro Film Production Ltd.
93193,Total Filmes
73,Fida cinematografica
7007,Flamenco Films S.A.
80884,Studio 71
1077,Gonzo
55570,Campfire
2326,Autonomous
48638,Face Productions
15064,Leisure Investment Company
2372,Unison Films
17914,Paris-Cannes Productions
11237,ZDF/Arte
26812,Cominici
8899,PeaceOut Productions
7499,Gigi Productions
27826,Jämtfilm
31589,Disctac
8789,Fuzzy Door Productions
16276,Media Filmes
89724,Agung
45503,Xofa Productions
45765,Thrillsville Productions
4451,Alive Productions
21942,Harrington Thomas Productions
13566,Virtus Film
3843,ICB Entertainment Finance
7601,Lions Gate Television
33660,Camp Hill
54043,Munich Film Partners & Company (MFP) ROE Production
95109,Sharmshir
4820,Alta Vista Productions
1563,Fribergs Filmbyrå AB
14041,Wide Frame Pictures
13323,Little Bird Productions
22746,Movie Prose
65327,Autumn Pictures
32157,Right of Way Films
26146,Chaotic Productions
4688,Concorde-New Horizons
74309,J. & N. Tait
52220,Manufacturas Audiovisuales
12024,Télédistributeurs Wallons
1600,Craven-Maddalena Films
4174,Threshold Entertainment
69770,DEFA-Studio für Spielfilme
94302,Pork Chop Productions
17962,Slovo
95035,Sleepwalkers Anonymous
401,Brandywine Productions Ltd.
4753,Filmauro
4148,Keystone Film Company
50914,Tri-State Pictures
277,Roven Productions
10626,Papphammar Produktion
33228,Aaron Angela Company
16494,BermanBraun
14547,unafilm
7710,BBC One
2587,Ministère de la Culture et de la Francophonie
47224,Gentleman Monster Productions
46523,Compagnie Nouvelle Commerciale
95810,Antelope Films
50505,Embark Production
21845,Pink Machine
56736,1019 Entertainment
4542,Agamemnon Films
47557,"Lawrence Turman Films, Inc."
53222,Cervantes Films
16144,A Space Between
11427,Instituto de Crédito Oficial (ICO)
78892,Filmo
23031,Amberdale Productions
5564,Atlantis Pictures
8865,Cinecom Entertainment Group
64321,Mehmood Productions
1812,Aaron Spelling Productions
2812,Lion Rock Productions
11557,Muhan Investment
78172,Euro Brothers Pictures
7988,Steppenwolf Films
60389,Silver Web Productions
73519,Snowcloud Films
13855,Hugo Productions
4335,Azalea Pictures
169,Noirfilm
23496,Les Films de l'Ange
20242,Imhotep Productions
92394,Well Go USA Entertainment
91327,Mohan Films
24517,ITB Productions
50810,MPI Pictures
10625,Nordisk Films Kompagni A/S
5574,Modernciné
94913,Saehan Industries
976,Marvin Worth Productions
13707,Films Sonores Tobis
60915,Blue Sun Pictures
60606,Infinite Justice Productions
7943,Mascaret Films
21908,Flying Freehold Productions
78173,Borde/Raich
7795,Indelible Productions
20942,Sixth Way Productions
83,France 2 Cinéma
7339,Hyperion Pictures
87838,Ursa Major Films LLC
2271,Hero China International
37323,Triptych Media
76705,Jones Programming Partners
21234,Crest Animation Productions
14516,Ramesh Sippy Entertainment
17311,Les films du 24
1040,TABBAK
11754,T.O.T.A.
60108,Seven Star Pictures
24701,Pink Productions
11333,Geria Productions
64300,Extreme Film
7949,Chris Sievernich Filmproduktion
6106,Negativ s.r.o.
14983,DFI
28479,Cuckoo Clock Entertainment
5414,T&C Film AG
4959,Pathé Films
43463,Sob Noisse Movies
11405,Blue Fiction
43908,E-motions Films
81143,Aspect Ratio Film
64107,Off-Leash Teleproductions
49983,Mattel Entertainment
8105,L.A. Film Partners
53592,Dolphin Entertainment
9102,CJ Venture Investment
80892,CQ3 Films
33199,Bahr Productions Inc.
72083,Pheonix Entertainment
78296,BeTV
318,CTB Film Company
58950,Tajik Filmstudio
7793,Donald Kushner Entertainment
64522,Victorious Films
62402,Independent Film
24032,Silver Wings Films
17024,Videocine S.A. de C.V.
19997,Kievnauchfilm
41656,Lupin Film
6536,area japan
31741,Gynormous Pictures
12545,Also Known As Pictures
86250,WeBros Entertainment
4887,Fox Filmes do Brasil
52946,Maple Shade Films
713,Nu Image Entertainment
89458,Vodorod 2011
71960,Our Stories Films
21213,Funny or Die
3066,High Road
75482,Tanaïs Productions
44164,Vinod Chopra Films
78498,21 Unofilm
21666,Windjammer Productions Inc.
92766,Roadshow Film Distributors
47449,A.T.P.I.P. Producciones
78714,Sweet Child Films
16914,Famous Players Limited
8291,C.R.G. International
33715,fx3x
78116,Les Films de l'Avenir
17672,SOTTC Film Productions Ltd.
7172,Graymark Productions
3751,red bone
13863,United Talent Productions Ltd.
87870,Producciones La Iguana S.L.
11503,Joseph E. Levine Productions
22842,Waypoint Entertainment
1588,Heimatfilm GbR
38617,Quantum Entertainment
51320,Les Films du Yaka
8738,David Sonenberg Production
7776,Pioneer L.D.C
19723,Rekun TV
55106,Herrick Productions
11647,Autonomous Films
8193,Zircocine
21575,Cinemotion Group
81734,Laid in America
22424,Carcharodon
5223,Paulist Pictures
58569,Heavy Lifting
93698,Skul Bilong Wokim Piksa
83695,Strong Oak Pictures
57094,Salty Features
24955,Paramount Animation
94864,Atmo Production
14635,Primary Productions
82773,Thriller Films
69459,Uni Etoile 3
240,Bazmark Films
387,Five Films
983,Parallax Pictures
11916,Sid & Marty Krofft Pictures
1032,Pirol Stiftung
67881,Ken Johnson Productions
67037,Suricate
19659,China Vision Media Group
70633,Studio Third Rome
14937,Icelandic Film
19934,Motion Picture KAPPA Produktionsgesellschaft
1024,Amiguetes Entertainment S.L.
35839,Moviestore Entertainment
37186,Son et lumière
7260,TOEI
17832,Cinémadefacto
4718,Naya Films S.A.
10518,Cineproduzioni Daunia 70
59160,Alessandro Iacovoni Produzione Cinematografica
64323,Devki Chitra
50922,Sunland Cinemas
94960,Government Information Office of the Republic of China
28103,Column Film
88101,Arte / Cofinova 12
51708,MBST/Lloyd Productions
30280,Broadcasting Authority of Ireland
28452,24 Mai Productions
63226,"Alberta Film Development Program of the Alberta Foundation for the Arts, The"
5161,Touchy Feely Films
36982,Tape Productions Inc.
4096,icon
57998,Swerve Pictures
34757,Vectia
11281,Universal Network Television
68391,John Cromwell Productions
53732,Daniel Fried Productions
39053,Moskinokombinat
146,Handmade Films Ltd.
4936,Intercontinental Productions
23300,K/O Camera Toys
10516,Claudia Cinematografica
12745,British Screen Productions
63118,Long Tale Entertainment
10723,American Documentaries Inc.
18526,Producciones Yanco
11344,Twin Bros. Productions
24528,Carmen Cobos
1408,Universal Productions France S.A.
3920,Leone Film
8818,Vincent Pictures
93180,Cenoura Filmes
11151,Deep Films
15787,Strike Anywhere Productions
83038,adme
564,Industrial Development Corporation of South Africa
60954,Triple D Productions
93951,Yuca Film
63808,Roxbury
39158,Diler & Associados
7760,BROSTA TV
18276,Backstage Productions
46509,Statens Filmcentral
67873,Direzione Generale Cinema
5686,Sil-Metropole Organisation
22925,Dark Highway Films
25484,R.S. Film
12660,22 Dicembre
631,Parkway Pictures (I)
2520,Arclight Films
5482,Bewlay Bros.
75317,Istisnai Filmler ve Reklamlar (IFR)
51845,Bad Badger
65564,NOVA/WGBH Boston
5953,C-FILMS AG
2152,GreeneStreet Films
17195,Carlton UK Productions
23740,Hugo Films S.A.
5883,Light Song Films
7429,HBO Films
72317,Reclusion Films
52006,Front Street Films
22377,Antigone Cinéma
55989,Room 608
649,Sony
20791,Travelling Picture Show Company
61792,Norwegian Film Institute
36821,USA Cable Network
3471,AV Pictures
21113,DMVB Films
23002,Sindika Dokolo
24017,Andy Joke
14047,Roger Corman Productions
8966,Lucky Red.
78309,Outpost Entertainment
90185,BillBlock Media
2460,B.D.S. Productions
63078,Téléfiction Distribution
3467,Three T Productions
47270,Théâtre Robert-Houdin
6805,Epix
17610,Lobster Enterprises
48743,Georgian Bay Productions
66834,Guarav Arts
23099,Sterling Pictures Ltd
19135,Duna Televízió
6970,Bill Plymton Studios
78821,Setient Pictures
92912,F. Ariza
51531,2077883 Ontario
53407,Electric
5790,Pittsburgh Films
25789,Imagination Worldwide
13987,Winchester Pictures Corporation
5295,Gato Negro Films
69627,Universal City Studios
7582,HW Two
4336,Ajay Devgn Films
17051,MSM Studios
47327,Surf's Up
10081,Spark Media
72778,MDH
1775,Radio Bremen
68040,ITI Cinema
90633,Shan Dong Satellite TV Media
37034,Flach Film Production
14830,Oakmont Productions
52352,Great Point Media
6237,Porchlight Films
12414,One Eye Production
12514,Slovenská filmová tvorba Koliba (SFT)
3517,"Institution, The"
15754,Amkart Studios
6152,Deputy Corporation
16275,Film Development Fund
1515,Will Vinton Studios
64632,Ipso Facto Productions
72468,Haile Gerima
47832,Pine Creek Entertainment
46961,Knightsbridge Entertainment
23640,Les Films du Territoire
75620,JTP Productions
11513,International Movie Service S.r.l.
75367,Cineverde
43388,SC Films
89129,Creative Visions Productions
64621,T. L. Boulton
24035,Tokyo Godfathers Production Committee
27805,Fleet Street Films
16557,John Argyle Productions
71088,Caroni Films C.A.
76348,National Film Development Corporation of India (NFDC)
9036,Taylor Lane Productions
53597,Sky Italia
6264,Syzygy Productions
85596,CLOTH CAT ANIMATIONS
3076,Allagash Films
225,BIM Distribuzione
49020,Party Killer Films
72280,Telegael
44714,Saga-Productions
27734,Rainbow Shooting Star Pictures
87843,Saietta Film
74894,Estudios Darwin
92534,Zyzzyx LLC
83125,RTV Pink
72683,Phoenix Film Poland
809,Union Générale Cinématographique
89394,RadicalMedia
17406,Fernwood Productions Inc.
580,Leni Riefenstahl-Produktion
13427,Prism Entertainment Corporation
66146,Denis Friedman Productions
1263,Este Films
23895,Storm King Productions
47605,Steen Herdel Filmproduktion ApS
76067,Kontsept Film Company
807,The Harold Greenberg Fund
911,Roadside Attractions
17121,Tita Productions
3511,Her Best Move LLC
20589,Rada Film Group
67678,Ifitalia
34403,Produzioni Associate Delphos
84554,Kinodanz
14022,Omnia Pictures Ltd.
3154,Bronson Club
2150,Greenestreet Films
82035,Robert Laffont Productions
50093,Stunt Bros
83869,Raza Studio
15444,Soyuzdetfilm
4146,Richard Quine Productions
29076,Solipsist Film
23651,Grand Slam Productions
21189,Kanakna Productions
19970,Salon Productions
47335,Zee Talkies
34028,3:41am
461,Les Films Christian Fechner
4970,Coleytown
15157,Bloody Disgusting
85903,Nordic Factory Film
75290,ArtCam
86627,Shadowsnake Films
306,Twentieth Century Fox Film Corporation
8820,Prospect Pictures
53884,Rampage Entertainment Inc.
44556,One More Movie
12062,Rigas Kinostudija
26726,Concordia Compagnia Cinematografica
24019,Monoria Films
25819,Five Star Entertainment
52447,La Siala Entertainment
20669,Winking Productions
10482,Trio Films
21309,Tin Ping Film Company
78685,Cruel and Unusual Films
51152,Michael Thevis Enterprises Production
35794,Jerome Balsam Films
11412,Londra Films P&D
22041,Western Film Productions
3072,Princess Production Corporation
7250,Trinity Filmed Entertainment
47693,evergreen movies international
31075,Lion Pictures
11453,Prometheus Entertainment
4909,Alcina Pictures
89406,Playtime
22338,Jubilee Productions
57206,Xuxa Producciones S.L.
13973,Regal films
13613,Russ-Field Productions
8675,Walking The Dog
22630,Buenaventura Producciones
7159,Star-Film
18908,Central Cinema Company Film (CCC)
10506,Freeway Studios
15298,Malpaso Company
30655,Fallingcloud
81134,Atchity Entertainment International (AEI)
68001,Marauder Works
1080,Beta Film
3160,Brookstreet Pictures
72757,Rescued Media
20158,Select Pictures Corporation
13381,Loring Theatre Corporation
8300,Harmonius Claptrap
4167,Alexander Korda Films
86518,Travesia Productions
76149,Veit Heiduschka
94979,Iraq al-Rafidain
1223,Sino Filmes
44223,Panorama Studios
73129,Goliath Film and Media Holdings
23115,Les Trois Huit
592,Claudie Ossard Productions
69987,Uncork'd Entertainment
5124,New Artists Alliance
4475,Amuse Pictures
30584,Thinkfactory Media
15514,X Rojo Producciones
90509,Theodore Thomas Productions
3917,Combustion Studios
944,Le Film
13689,Mansfield Productions
14568,Sweetwall
35208,Royal American Pictures
10860,Academy of Television Arts & Sciences
14204,Avia Films
4593,Artists Alliance
15689,Amaze Film + Television
12458,TRANSFORMER
7227,ProSieben Television
6611,Nazira
728,Kalkaska Productions
12591,Angeles Entertainment Group
3557,Seraphim Films
918,Films 66
46117,dreamFly Productions
92458,"Kendeda Fund, The"
25639,Samsung Entertainment
3107,Boy Culture LLC
70446,Angel City
86060,SharpSword Films
27014,Scottish Arts Council Lottery Fund
22971,DDG
17647,Felicia Film
21025,Ten Deeds
40594,Great Earth Film Company
49478,Aldrich Group
11523,R.A. Abdoo & Co.
8987,Bayerischer Banken-Fonds
13603,Shomedia
14755,Sofinergie Films
4649,Sedic
34374,Optic Nerve Films
33299,Handle Productions
1459,Triton
18624,Hallam Productions
33808,SGF Entertainment
79556,Warner Premiere Digital
68518,Cofinergie 6
18621,Pierce/Williams Entertainment
74786,Argo Film
15800,Compound B
21744,Rus-Media
79275,Manish Realities
86188,Gafer Producciones
41046,Preferred Film & TV
965,TAFT Entertainment Pictures
18069,Ellanby Films
57751,Patalex Productions
5093,Cinema Group
13851,Soyuztelefilm
77718,The Cinemart
53972,White Horse Pictures
8142,Lane Street Pictures
8106,IJswater Films
78987,Region PACA
9220,Trébol Films C.C.
2264,Concert Promotion International
7270,Opus Pictures
54288,Philip-Gröning-Filmproduktion
58744,Schesch Filmkreation
5049,pixstar
23067,Blue Screen Productions
41629,Nitelite Entertainment
49825,Nicholas Sparks Productions
33271,AkamPuram
33540,Canada Limited
34103,Walter Wagner Productions
21444,MAPPA
516,Seven Arts Productions
2909,Accomplice Films
84610,Al Shorouk for Media Productions
50912,Pangaea Pictures
22691,Telekanal STS
37802,Films 59
8187,Limelight International Media Entertainment
10167,Gospel of John Ltd.
24727,La Noria Cine
4729,Q Productions
15056,Divine Light Pictures
29459,Verenigde Arbeiders Radio Amateurs (VARA)
66330,National Geographic Films
75556,Films Domireew
23186,Teton Films
12392,Région Rhône-Alpes
49255,Televizija Sarajevo
57268,Helfgott-Turner Productions
7359,Redhouse Productions
7,DreamWorks
11667,Northern Ireland Screen
307,IFC Films
8677,MGS Film
39335,Adelson Entertainment
89626,Twitching Image Studio
90076,"Writers Studio, The"
11002,Stoned Gremlin
31596,Anglo International Films
5937,Xebec
8692,Hannibal Pictures
12187,The Alamo Company
12663,Ente Nazionale Industrie Cinematografiche (ENIC)
54300,Station 8 Films
2691,Infinitum Nihil
407,Dreamland Productions
1084,Colonia Media
14556,JOLEFILM
29025,Sanjines
64810,Strange Friends
40652,CCC-Filmkunst
73927,"Hubert Bals Fund of the Rotterdam Festival, The"
12033,Regione Puglia
40945,Azucar Films
2212,Planman Motion Pictures
53634,InterTitle Films
47356,Sweetwater AB
40384,KOO-KI
9259,Ramsay Productions
7442,Where's Lunch
46296,Prisma Film
45783,Wiretap Films
8811,The Cat in the Hat Productions
27804,B.P.A. Productions
11230,Zeta Film
23272,See Me Louisiana
77104,Fortuna Film
21591,Beth Harrington Productions
1820,Corona Cinematografica
12350,Société des Auteurs et Compositeurs Dramatiques (SACD)
2490,LGM Productions
13778,Bluegrass Films
44717,PMS Filmworks
1920,Nuova Linea Cinematografica
83484,New Galactic
1070,Milagro Films
74742,Miramar Film
14527,Gemini Industries
25056,Pepito Produzioni
55947,NLT
67012,Match Factory Productions
3779,Stage 18 Pictures
75332,OPAP
6947,Serenity Entertainment
61619,Article 19 Films
58591,Fox Hill Productions
32652,Single Spark Pictures
3556,Orbit Productions
10504,Circus Film
41042,CityMation
73025,Kinoshita Group
69225,ExtraOrdinary Casting
25134,Lion Share Productions
32626,Lean-M
55575,Duckster Productions
63443,The Fyzz Facility
26374,Cannon Screen Entertainment
76144,Europäische Film-Allianz
4505,Reverse Angle Production
76343,Salazar Film
9160,Titus Productions
70634,PCT Cinéma & Télévision S.A.
10705,Lion International
57280,Katherine Company
13977,Donald J. Hansen Enterprises
28317,SRF zwei
18786,Ad Hoc Productions
79322,Barney Production
39829,S Films
75224,"Cabin Co., Ltd."
78070,Taormina Productions
14188,Conacite Uno
41653,INDI Film GmbH
1646,Trap-Two-Zero Productions
5174,Boom Pictures Inc.
96043,Humble Journey Films
5247,Possible Films
14127,Victor Hanbury Productions
29152,Exchange Peaks Film Capital
83838,Wanda Pictures
22868,Cuatro Plus Films
23225,Stark Raving Black Productions
3199,Rangeland Productions
21199,Brillstein Entertainment Partners
73782,Ten Forward Films
44783,Smart Entertainment
6657,Action concept &fims
19467,Sage Productions
72272,Périphéria
51151,The Business (New York)
19356,"PRF ""Zespol Filmowy"""
30400,Iron River Films
19138,At Productions
72942,Eivissa Productions
58253,Società Generale Cinematografica
19950,Slipstream
20742,RKO Pictures
22508,42 Films
93608,Kino Kombat
28275,The Ink Factory
1262,Film Trust S.A.
5801,The Film Department
50339,Filmlink International
35971,Graphinica
4762,BBC Wales
14932,R.A.P. Productions
17080,Mark Films Ltd.
7550,Protean Image Group
34485,Big Noise Films
22310,Atlantic Swiss Productions
4,Paramount Pictures
67656,Cero en conducta S.L.
5078,Danziger Productions Ltd.
50146,Canal Cat Films
2873,Echo Bridge Entertainment
9235,Prodimex Film
39708,Mirabelle Pictures
8751,512K Entertainment
4304,Hot Property Films
7661,Produzione Straordinaria
23868,Tiberius Film
16953,Norstar Entertainment
1275,Cinema Arts Productions
12203,Toon City
81695,Perception Media
13023,Studio Fantasia
22055,Salt Film
1303,Cadre Films
21159,Pacemaker
2928,Style Jam
29655,Investimage
31149,Provobis Film
17555,Film i Skåne
24363,Papazian-Hirsch Entertainment International
26199,Lido Films
22865,Morbido Films
6004,Need Productions
67007,Nova Film
16370,North Bank Entertainment
14191,Ice Films
27126,VEGA Film AG
21144,Movieco Australia
13121,Corporación Nacional Cinematográfica (CONACINE)
88812,High Road Productions
1925,Tomorrow Entertainment Inc.
738,Myriad Pictures
3070,Cinema Center Films
10838,The Shadow Factory Inc.
73537,Kvinde Films
7510,National Filmi Oy
76499,Trans Europe Film
19609,Rita Filmes
1109,koboiFILM
13375,Argonauts Productions S.A.
80971,Lost City
78806,Bill Graham Films
60990,MAMOKO Entertainment
85712,Time & Tide Productions
7976,CinemArt
74833,Agencja Filmowa Telewizji Polskiej (coprodukcja)
30187,Meteor Film GmbH
72131,Trilogy Films
73230,Only Hearts Company
19062,Moonstone
1602,Les Productions Fox Europa
68543,Cinefrance
22631,TMA-1 Productions
5712,Condor International Productions
27188,Full Stealth Films
4035,Skyline Film & Television
12910,Workin' Man Films
15165,Centar Film
11837,Frontier Pictures
24212,Media Cooperation One
17955,El Pico S.A.
2416,Tétra Média
20196,Australian Asset Securities Limited
1840,Elevation Filmworks
75713,Full Crew/Say Yea
2792,Aura Films
11735,Robert E. Kent Productions
81140,Two Girls Productions
85050,Bodymelt Pty. Ltd.
41045,Dark Factory Entertainment
17840,Ruthless Pictures
14440,Red Wagon Entertainment
18616,Tippett Studio
19818,Fadak Film
52360,Films Vérité Productions
16588,Bangor Films
7519,SK Films
20566,Reel Life Productions
11152,Radical Media
5030,Offside
25563,Indie Dandy Productions
1897,Kudos Pictures
36856,Compagnia Generale Finanziaria Cinematografica
51164,Whitaker Entertainment
30533,Flashback Films
10791,MBP (Germany)
31087,Runteam
19929,EMC Produktion
21086,General Media Entertainment
17958,Endeavour Productions
20147,Laurentic Film Productions
6908,Blender Foundation
67255,"Intellectual Reserve, Inc."
4707,Samouraï Films
54582,Sally Head Productions
14299,Tondero Films
13976,Joseph F. Robertson Productions
18810,Viada Producciones
18693,Turner films inc
14747,Zealous Creative
18,Gracie Films
57946,Arka Media Works
6098,Oil Factory
6591,Vela Producciones
79534,Flemington Pictures
19463,Magnum Films
4404,Camp / Thompson Pictures
25996,224 Entertainment
8926,Hoot Productions LLC
23680,Agnès b. Productions
67210,Fox Television Animation
34245,Avanton Productions
1443,Matchmaker Films
790,Samsa Film
23167,Dimeworth Films
51017,Film Entertainment Services
20004,"Zanuck Company, The"
42669,Somafis
1964,Oko-Film
3198,Fun and Happiness
22043,Caidin Film Co.
1215,Boogui Cinema
92233,Cinéforom
1053,Got Films
90602,Filmmuseum München
54502,Mel's Cite du Cinema
74494,Landafar
17171,Manifesto Films
22637,North Box Productions
18201,Talent Associates
9987,Lipsync Productions
23491,Tenerife Film Commission
2483,Laurel Entertainment
37163,Sandcastle 5 Productions
2776,MovieRoom Productions
5570,Allied Vision
2493,Tandem Communications
19412,NEW. All Rights Reserved.
73502,Myrrdin
14262,Templeheart Films
82227,Three Angels Productions
17758,A71 Productions
68108,Sogécinéma
2923,Edmonds Entertainment Group (EEG)
18740,Zadig Productions
15399,Cee Note
2659,Starz Media
4353,Warfield
50433,Conquistador Entertainment
10160,Illuminata Pictures
82791,Benatter/Thomas productions
5405,Roy Andersson Filmproduktion AB
7626,Trigger Street
29327,Space Films
50890,Entertainment Services International
50076,Side Street Post
91791,Braunstein and Hamady Productions
18641,Blum Group
3734,dick clark productions
1900,Anglo Allied
37457,The Open University
2701,Mes Films
4115,Monogram Pictures corporation
84327,Lola Entertainment
2406,Filmförderung Hamburg
50226,William Keighley Productions
4503,Neue Road Movies
35929,Thunderhead Productions
30647,Melson Productions
10420,Yalta-Film
1270,National Lottery
17365,Zhao Wei Films
3502,Alquimia Cinema
65125,Neophyte Productions
47261,Principle Entertainment
5240,Matila Röhr Productions (MRP)
47325,Blueprint Film
18867,Centro Português de Cinema (CPC)
20074,CJ 엔터테인먼트
24900,430 Productions
68047,Woodridge Productions
39955,Frankestein Entertainment
76724,21st Century 3D
32330,Nord-Ouest Productions
86894,ERTI
11285,Coopérative Générale du Cinéma Français
26064,BUF
22120,Fargo Films
20916,Kinorama
93132,Courage Mon Amour
52780,Black Sheep Films
35746,La Société des Films Sirius
220,Pathé Consortium Cinéma
16833,Marked Entertainment
19741,Plantagenet
32276,Comptoir Français de Productions Cinématographiques (CFPC)
5994,Over Easy Productions
1677,Mediaset
79086,THA Film Factory
6872,mk4 productions
6038,Ambra Produzioni
10329,Anglo-Amalgamated Film Distributors
26432,108 Media
64047,Bloodline Pictures
2387,sabotage film GmbH
86766,DMC Film
31133,Dogwood Pictures
72700,Metro Films
19636,Thirteen Productions
87181,"Secret Public Productions, Inc."
34259,Pampa Films
2125,Phoenix Film
59666,Robert Stillman Productions
94671,Kaliber Film
10844,Brookwood Entertainment
88526,NYRA Productions
87144,Jackpot Films Oy
70940,Departed Productions
22839,Village Roadshow Pictures Asia
77606,700 Pictures
15580,Galaxy Pictures Inc.
12128,Scarlett Pictures
53232,Interkerkelijke Omroep Nederland (IKON)
8475,Renegade Motion Picture Corporation
40700,Tigers Den Studios
33078,Télépresse Films
21170,"Lamp, The"
58773,Amazon Prime Instant Video
26957,Rosecalypse
22677,Bungakuza
13674,Working Dog
85529,Bawalco Picture Company
22018,Ben's Sister Productions
33841,Derio-International 13 Productions
93489,D'Pelicula
20449,Liaison Films
27484,Pureland Pictures
16016,Eurofilm Stúdió
79046,Golden Network Asia
22958,SC Entertainment International
90198,Kissaki Films
91437,Ring Film
12793,Topkapi Film
25179,Vuguru Studios
58263,Jackie Chan Films Limited
32540,Kihwik Cine
19528,ApolloProScreen Filmproduktion
75838,Goldcrest
72481,Wonder Room Productions
22463,Still Night Monster Movies
3485,Wildstorm Productions
24067,Hart Sharp Video
59023,Verdi Productions
15077,Small Form Films
12390,WDR / Arte
7772,47 Entertainment
22083,Nida Filma
6763,National Lampoon
3274,All the Way Round
3909,Fogbound Inc.
12475,Original Voices Inc.
69327,Ironic Films
20107,Drag City
80033,Bimal Roy Productions
45190,Tornasol Films S.A.
25755,Donau Filmproduktion
8855,Boy of the Year
92144,Beatnik Films
94819,Eskomfilm
14938,Zik Zak Kvikmyndir
13349,Zoetrope Studios
5824,Avantmark Picture
1203,The Ontario Film Development Corporation
29366,Channel 83 Films
25634,Mitsubishi Motors Corporation
28438,Riche-Ludwig Productions
10173,Exodus Productions
59374,Dead Wait Productons
1708,Starbucks Entertainment
12855,Mitar Group
27110,Beyond Productions
74778,Panda Film
37462,American Cinema Releasing
13662,Temple Film
63492,Side Tracked Pictures
6329,MTV Studios
328,TLA Releasing
64758,Pocket Change Films
74883,Slasher Films
31143,Gare Farrand Entertainment
12782,Rapid Film
92457,EarthSense Foundation
65387,Public Television Playhouse Inc.
89292,Carl Froelich-Film GmbH
5235,Hunt Stromberg Productions
30298,Cine Productions
157,SVT Drama
86504,Metropolitan Films International
4890,Aries Film International
7536,End Films
82963,Lorton Entertainment
12048,Kingsmead Productions
5499,Vietnam Veterans Against the War
2307,Hell's Kitchen Films
8655,Hypermarket Film
11644,TakaraTomy
79437,Cofimage 4
10919,TMS Entertainment
11300,Waterland Film & TV
2051,Kinowelt Filmproduktion
3140,Pacific Entertainment Group
81505,Stephen Vidano Films
36652,Beattie/Chesser
5326,Igloolik Isuma Productions Inc.
5106,Copperheart Entertainment
13705,Continental Films
35987,Federal Films (II)
38224,Filme de Papel
50496,Anthem Productions
81359,Rota Productions
14907,Optimus Films
4589,Tradewind Pictures
26775,Ministry of Culture of the Slovak Republic
77947,Pari Films
13938,Marilyn Monroe Productions
88602,Boom Boom Productions
1913,Leone International
15135,Fischer Film
977,Splendid Television
15635,Beyond Films
21966,Core Contents Media
37647,Suissimage
4557,Miggles Corporation
51920,Eterna Film
72441,TIK Films
19897,Woohoo Pictures
12719,Filmar Compagnia Cinematografica
6451,Bandai
76632,Primitive Entertainment
2554,Quincy Jones-David Salzman Entertainment
7232,Accent Entertainment Corporation
47092,Aida United
37811,Paradigm Hyde Films
5717,Electric Dynamite
18190,Fennica-filmi
88045,Fred Films
18477,Les Films de la Boétie
12889,Omega Pictures
13231,Head Games the Film
40065,GFT Paquin Entertainment
3630,Merlin Productions
2880,Charm City Productions
7726,Sahamongkolfilm International
10243,Hall Bartlett Productions
1787,Central Cinema Company Film
2163,Optimus Productions
94624,Serie 23 Productions
1453,Thalia Productions
57749,MGM Global Holdings
43882,Moon Water Productions
10726,Time-Life Video
19691,Exclusive Productions Inc.
18208,8:38 Productions
32827,Jacques à Bâle Pictures
85946,sexual desire
14122,Market Square Productions
1631,Raw Nerve
45092,Clemensen Capital
56832,Hands-on Producers
4760,Majestic Motion Picture Company
6691,10th Hole Productions
1161,Integrity Partners
23485,Joe's Daughter
84723,Ekstaza
11862,Lumiere Film Company
26987,hugofilm
13928,Steps International
36065,Labor 13 Films
96028,Produzione Esecutiva Cinematografica (PEC)
89194,Crew Neck Productions
80712,Action House
14577,Sony Pictures Worldwide Acquisitions (SPWA)
3237,Sahamongkol Film International Co. Ltd.
17697,Foe Killer Films
56392,Bender Brown Productions
3447,IMAX
4893,New Concorde
8888,The Samuel Goldwyn Company
57974,Map Films
14254,Harry Langdon Corporation
7087,Behind the wall Productions
4995,International Pictures (I)
54503,Blake and Associates
10789,Drotcroft Limited
52071,Sleeping Marmots Production
71114,Odra Film
49471,Zero Trans Fat Productions
2743,Astral Media
8373,"Kinokompaniya ""Kvadrat"""
60227,Two Oceans Production (TOP)
26776,Center for the Study of Filmed History
51615,Hawkeye Pictures Inc.
29008,Europool
935,Golden ParaShoot Entertainment
18378,Chronicle Pictures
16753,Gruskoff-Venture-Linson
24637,Eleven Arts
52855,Mad As Birds
2548,Tonylyn Productions
1874,Industrie Cinematografiche Italiane
40094,John Brister Productions
16413,G. V. Films
3625,Bwark Productions
434,3 Art Entertainment
82925,Nvizage
45094,Pixtation
52004,D.O.D. Productions
20421,Grand Allure Entertainment
21320,Byron A. Martin Productions
23748,Emrah Gamsızoğlu
74361,Pensylvania Academy of Fine Arts
5352,Ankatt Produktion
51862,Film Export A.G.
13786,Aquarius Films
10017,Cine Cartoon Filmproduktion
7832,CiBy 2000
24907,Saratov Films
30,Eddie Murphy Productions
11623,Electric Eye Entertainment Corporation
31785,Finite Films
2673,La Fabrique de Films
4535,Vista Organization
14889,88mm Productions
69791,P-R Productions Picture
7585,Delphi II Productions
86621,Wild Spark
25818,Ministère de la Culture et de la Communication
10621,Office de Radiodiffusion Télévision Française (ORTF)
80147,Green Fuse Films
82756,"HomeGreen Films Co., Ltd"
5603,Stockbridge-Hiller Productions
61307,Kibble Productions
83694,Clear Focus Movies
19760,Roberts Pictures Inc.
79184,Producciones Cinematográficas Centro S.A. (PROCENSA)
694,StudioCanal
31835,Sneak Preview Productions
79022,Sofica Poste Image
403,Bioskop-Film GmbH
90626,Cineverse
42347,Segal-Tokofsky Productions Inc.
2344,MA.JA.DE Fiction
55633,Ceskoslovenská Televize
6305,Argyle Enterprises
56375,K&K Selekt
13948,Delta film
12127,CAAMA Productions
2144,Nada Pictures Inc.
85466,Motion Picture Capital
1129,Cinetel
87844,Provincia di Lecce
34593,High Bar Productions
67887,St. Regis Films
71156,Hype Film
5426,Benedict Bogeaus Production
2223,Rheingold Films
10443,Synchronicity Films
23365,Vandalia Films
43995,Nancy Enterprises Inc. (I)
37106,Washo Brothers Entertainment
10939,Triad Productions
12234,Chambara Pictures
82843,Sam Taylor Productions
20555,Taurus Film
86871,frozen assets productions
481,La Nouvelle Edition Francaise
42686,Production Film 82
52591,Kaléo Films
1323,Florin Productions
17872,Sofitedip
12154,Fox Star Studios
5689,Neo Studios
2815,Head On Productions
89510,Renegade Women Co
5071,Culture Publishers (CP)
12138,Fierce Entertainment
11518,Levantine Entertainment
35812,Sunlion Films
16628,Julian Blaustein Productions Ltd.
15401,Bernsen-Ludwig-Bercovici Production
12549,Cinematografica Associati (CI.AS.)
11323,Linovo Productions GmbH & Co. KG
3757,Loisirs du Monde
22768,Kenavo
2219,Vision
3547,Mad Circus Films
55144,Wigwam Films
2218,Yleisradio
27482,Toe to Toe Film Productions
52057,Río Negro Producciones
16957,Channel 4 Britdoc Foundation
63893,Téléma
48334,Szygzy Productions
67994,Sarke Studio
32289,C.G. Cinema
11271,MVP Capital Culture Investment Fund
25986,Desert Wolf Productions
17748,Forward Films
11738,Mitsui Company Ltd.
52358,Titlecard Pictures
6984,Cinema Four
19866,Zeal Pictures
5306,Melnitsa Animation Studio
39904,GPS
80636,Mosfilm Children's Film Unit
30593,Atom Cinema
597,Irish Dreamtime
76905,Asia Culture Centre-Asian Arts Theatre
17538,MovieMakers
1020,Millenium Films
6689,Shaft
466,Avalon/NFU Studios
3317,Lunar Industries
93188,Condor Filmes
170,Eve Productions Inc.
31587,Megalovision
59367,Mike and Marty Productions
90627,Media Services
2518,Alan Shayne Productions
12564,Herald Productions (II)
6089,Golden Sun
54224,Nopal Army
76643,Paola Film S.r.l.
775,Korty Films
13624,La Lombard Filmes Cinematografica
5402,Easy Film
49973,Mother Production
15890,Teagarden Pictures Inc.
5403,Nordisk Film & TV Fond
8797,Storyline Entertainment
23694,Space Ace Media
67035,Kramer-Tornell Productions
6095,Subafilms
84939,Russian Golden Episodes
32580,Seven8 Media
7308,Reprisal Films
1465,Metheus Film
25160,Samson Productions II
53511,National Air and Space Museum
74363,British Empire Films Australia
2765,Blurco
11842,Company Pictures
64731,DEF Media
86352,Québec Production Services Tax Credit
12903,Three Dimension Pictures
73528,Dual Power Productions
4010,Caprino Filmcenter a/s
14718,Radar Pictures
67722,GDF Suez
18920,Salamander Pictures
29313,Pearl Street Films
1982,MBF Erste Filmproduktionsgesellschaft
13298,Oregon Film Factory
11668,Grove Media Finance
8093,Rouge Films
1605,CineRocket
14607,For-side.com
10520,Verona Produzione
11807,Film Export Group
8036,Crescent Film Enterprises
27849,Hollywood Vision
26002,Glass City Films
17793,Hostel LLC
55146,GoldApple Entertainment
87895,TVP1
5526,David Susskind Productions
16059,Les Films du Cyclope
21446,Film and Music Entertainment (F&ME)
80873,Kaleidoscope Entertainment Pvt. Ltd.
23014,The Liverpool Culture Company
1661,Les Films Molière
87145,Nummela Filmi Oy
13096,Neue Constantin Film
4203,Elton Productions
71885,Les Films de Batna
10153,Simian Films
73679,Swordspoint Productions
31786,Bright Pictures
64031,Trailer Park Productions
27593,Lenfilm Studio
49865,Hellbound Productions
90813,Muf Animat
13445,Tiger Television Productions
13877,Ortus Films
21349,Visual Capture
81982,CrossCut Films
13473,Michael Lobell Productions
42927,Zvezda Film
18047,Vox Video
64662,Ulterior Productions
84954,Sofica Sofinergie
65466,Troy Entertainment
94198,Pork Pie Productions
10353,GFT Beast Films Inc.
50797,Bondesen-Graup
43437,Savage Beast Film
80112,Sohail Khan Production
54647,Natixis Coficiné
10002,Filmscope Entertainment
12075,Silver Reel
86453,Patna Pictures
1659,Unión Industrial Cinematográfica
78765,Etablissement Sargon
3919,Earthbound Human Productions Inc.
12731,Sargon Film
82819,Skydance Media
22250,Deaf International
17484,Protelco
14967,Comedian International
177,Columbia TriStar
38245,Experience Media Studios
53105,Paris Filmes
62981,Cognetti Films
38160,Ministry Machine Productions
55590,SHOTS
14648,Bachrach/Gottlieb Productions
1021,Zeitsprung Entertainment
84865,Ad hoc Studios
6938,Iris productions
6129,Dualstar Entertainment Group
1981,Dauntless Productions
654,South Pacific Pictures
4829,Llama Films
12881,Twin Engine Films
3622,Ibrus
18066,Utopia
92138,Amblin Partners
11440,Ozumi Films
11663,Future Films Production Services
20192,Nippon Television Network (NTV)
660,British Lion Film Corporation
30268,Pain Unlimited GmbH Filmproduktion
11609,Camerimage Festival
21128,Red Turtle
51972,Deutsche Bioscop GmbH
49389,Broad Green Pictures
77827,Slightly Distorted Productions
20698,Catpics Coproductions
21239,Lolita Bravo
57023,Moon Shot Entertainment
8068,Mindfire Entertainment
51192,Black Light District
89897,Yuzu Productions
75408,Anima Istanbul
15923,Company of Artists
71748,Jerry Bick
5488,Fox Film Corporation
895,TFI Films Productions
22165,Cathala Productions
75412,Kulturelle Filmförderung Schleswig-Holstein
75969,Intimate Brands Inc.
16406,Virtual Audiovisuais
39211,Nepenthe Film
1187,Michael London Productions
53431,IFC International
19943,Synthesis Entertainment
87755,dixon's films
46454,Darkan Entertainment
32803,Wind Dancer Films
29851,Union Cinématographique Lyonnaise (UCIL)
66633,Cadrage
7262,Random Films
86750,Crouching Tiger Motion Pictures
27897,Filmstiftung Nordrhein-Westfalen
4699,Bizarre Productions
11577,Super Channel
12691,DMK Mediafonds International
90114,G.O. Films
6844,Thelma Films
3173,Chiodo Brothers Productions
14550,Productions Sigma
84215,Hok Foo Yau Haan Gung Shut
57317,Ventana Film- und Fernsehproduktion
9091,Nian Dai International
40955,Revere Entertainment
1108,Oliwood Productions
30987,QMedia
92484,CMC Pictures
19678,CB Films North
49480,Fido Features
77487,Big Picture Casting
87065,Switzer Entertainment Group
69010,Goldfinch Pictures
2804,7 Network
49775,Thalia AG
36853,Belbo Films
55072,Strong Heart/Demme Production
11802,Onda Entertainment
86895,Hat and Cat Productions
3473,William Goetz Productions
91303,Out of the Dark Productions
4129,ARS Film Production
5203,Day Dreamer Films
9261,Mercury Films
5706,Mythic International Entertainment
27913,Epic Match Media
57987,Pheasantry Films
77578,Sridevi Movies
87947,Goodmark Productions Inc.
90359,NT1
3051,Jenkins Entertainment
10580,Harry Sherman Productions
95344,Alberta Film Development Program of the Alberta Government
15395,Oz Productions Ltd.
25702,Cliffbrook Films
52489,Roxy-Film GmbH & Co. KG
16837,Street Trash Joint Venture
11530,Centrul de Productie Cinematografica Bucuresti
2381,Musée d'Orsay
9124,Praktika Pictures
74659,Flying Eye Productions
53284,Blackout Productions Inc.
33314,Studio Kino
16260,SHRINK Media Inc.
8549,Cinema Prime Film
2786,Warner Home Video
54699,Stormy Productions Inc.
4453,Great House Films
7062,Dynamo
78944,Soficinéma 10
7276,Screen East
6623,Caramel Films
28810,Libido Cine
94201,New Zealand Motor Corporation
82492,Big Ears Productions
12133,Scimitar Productions
11563,Little Brother Inc.
70143,Engine Film Group
40961,WNET Thirteen
37688,Leeden Media
26450,Arcani Pictures
22065,Bo-Town Films
23690,Coast Ridge
10250,UCLA School of Film and Television
22656,Don Carmody Productions
11083,Media Asia Group
91067,Animation DO
4669,Covers & Co.
67472,Tele München Group (TMG)
75,Medienfonds German Film Productions GmbH & Co. KG
11571,Samson Films
17593,Filmhuset AS
6565,Cinética Filmes e Produções
14430,Fulcrum Media Finance
47722,Screenland
50968,Berny Filmes
20476,Vengeance Productions Pty. Ltd.
10949,Memento Films International
6842,Fury Productions
25513,Sofinergie 1
90143,Contemporary Films
79270,Otomat
74174,Bob Productions
19324,Timpson Films
3901,Phoenician Films
42226,Palisades California Inc.
21882,Manis Film
6939,Bodega Films
93624,FFC Production
34313,Dominic Buchanan Productions
4916,Penn Station Entertainment
57719,Thunderbox Films
94244,Cinequity Corporation
22822,La Pistola
10157,Beacon Pictures
4507,Alpha Films
1370,Castel Film Romania
4774,Sci Fi Pictures
7531,abramoff Production
86569,Shanghai Bona
502,International Film Investors
3244,Media Pro Pictures
22213,TSG Entertainment
27459,Cold Arrow Productions
3441,Lamitas
87260,Soandbrad
26324,Next Entertainment World
47236,Beijing Shuijing Shenlan International Media Co.
2519,DeBart
6206,International Film Management
5434,Lul%C3%BA
53926,Fresh One Productions
44510,Eiffel Productions
61417,Medici Entertainment
17379,Coup d'Etat Films
23514,Sentient Entertainment
87009,Actionhouse Pictures
12119,Beacon Films Inc.
7782,Picture Palace
2546,Peirce Pictures
22164,Produzioni Artistiche Internazionali
51995,Snapper Films Oy
53362,Sister and Brother Mitevski
84748,Palo Alto Stock Farm
35404,Od Shots
76821,Two World Entertainment
21703,Top Line Production
20635,Defiance Productions
7309,Aegis Film Fund
11739,Tokyu Group
16468,BR Films
7885,Mei Ah Entertainment
43909,Groparu.ro
7824,1976 Productions
21205,Sub Pop Records
19414,Bleecker Street Films
95364,Electrascope
4236,Les Films Balenciaga
4826,Sunset Films International
12961,Lambart Productions
7415,Inferno International
77320,garner-Duchow Productions
83479,Ticket Productions
20459,Freeward Films
88016,Hurwitz Creative
4255,Kings Road Entertainment
52520,Michael Deeley-Peter Yates Films
89126,Greenlight Productions
1573,Le Film d'Art
15578,Thai Occidental Productions
3205,Surefire Film Productions
44222,Company Productions
10057,FilmHaven Entertainment
50103,Plitt Theaters
14365,Shiseido Co. Ltd.
49940,Rockfilm
24138,MP Film Management
74791,The Horrorworks
41077,A24
22817,Rex Entertainment
7089,France2 Cinéma
24561,Quick Six Entertainment
75555,Enaproc
51611,Audax Films
26147,Mobius International
10308,Dino De Laurentiis Company
68579,235 Films
2497,Black Balloon Productions
42841,Studio Filmowe Kalejdoskop
4835,Beatrice Film
23622,Iskremas Filmproduktion
45693,Cristaldifilm
5552,Media Asia Films
28520,B.R. Films
19033,Grupo de Estudos e Realizações (GER)
52184,Volcano Films
17432,KMH Film
7894,Arena Productions
6715,K5 International
86420,Considered Entertainment
8189,California Pictures
13905,Filmswell International Ltd.
5386,Black Marble Productions
45689,Native Pictures Productions
11037,EFVE
5448,New Yorker Films
28732,RatPac Entertainment
77337,Göteborg Film Festival
32246,Áurea Digital
6249,Studio dětského filmu Gottwaldov
72133,Cedar Creek Productions
1201,Naked Lunch Productions
6455,Edward R. Pressman Film
20853,Offhollywood Digital
7011,Planet Film
26212,Dong-a Exports Co. Ltd.
7173,Five Stars Production Company
66512,Amérique Film
21933,Dude Productions
17927,Turbulence Films
31267,Troy Films
40738,Allied Entertainment Group Inc.
54674,Kosmos Film
13992,Hemisphere Pictures
2763,Tonic Films
6178,Frontier Films
22296,Maltese productions
18272,Robert Alexander Productions
13914,Feature Productions
52436,Revólver Films
1560,Roth-Arnold Productions
3914,The Ultimate Gift LLC
80579,Lynch Entertainment
40806,Chartwell
36003,Beambright
1224,Intrepid Pictures
23630,Metro Tartan Distribution Ltd.
42804,Video Tape Corp.
20977,Williamson/Powell
3064,Shanghai Kid Films
8481,Jack Schwarz Productions
26029,Centauri Media
44259,Master Film
7983,Tonefilm
18903,Lighthouse Home Entertainment
62929,Zalman King Collection Inc.
28360,Paradise City
871,British Screen
5780,Producciones Cinematográficas Orfeo
3433,DMS Films Limited
4171,Playtone
17010,Squirrel Films
54537,Fábrica de Cine
33333,Paramount Famous Lasky Corporation
40148,Walt Disney Animation Japan
11502,Panico Films
15128,Gemini American
46722,Golden Effects Pictures
72497,Bruxelles Capitale
79080,World of Wonder Productions
51854,Spin Prods. LLC
61213,Luna Productions Inc.
36735,Tea Shop & Film Company
11733,Pariah
89304,Peter V. Miller Investment Corp.
13344,Media World
4941,A Erre Cinematografica
49123,Ringerike Erste Filmproduktion
3572,Indion Entertainment Group
1322,C.V. Whitney Pictures
64452,Binder Entertainment
49696,Post No Bills Films
93202,Inbracine Filmes
86902,Embankment Films
428,Talía Films
71398,Ventura Hi-Way Productions
30741,ShadowMachine Films
94218,Troll Court Entertainment
72472,Cinegrit
41001,Schattenkante
16522,Kinofabrika
36432,Thermidor Filmproduktion
46382,Essential Entertainment
16785,Croatia Film
8439,TeleImage
1354,Fénix Cooperativa Cinematográfica
3685,Toei Doga
14091,Arcola Pictures
14870,United Performers' Studio
5761,Cinema Group 75
78095,Iron sky universe
62091,Thatcher Productions
60762,Carlo Ponti Production
37084,Media Suits
49710,Mixer
17490,Cooperativa Cinematográfica
79987,Jash Pictures
40503,Class 5 Films
24931,Henson Associates (HA)
13370,Eden Productions Inc.
12867,Renato Aragão Produções Cinematográficas
22331,Tigon
78986,Fondation Groupama Gan pour le Cinéma
14820,Haut et Court
7413,3Foot7
16058,Da Ma Produzione
20591,POV
80461,Carolco International N.V.
6647,Tabasco films
78854,Side Gig Productions
7799,TF1 International
53583,Martin Chase Productions
37512,Green Tea Pictures
20772,The Cheerleaders Company
19543,HeLo
59427,Juli Entertainment Media
53637,Friendly Films
25226,Plays2place Productions
64785,Krsna Films Unit
20011,SprocketHeads
3697,Bernhard-Brandt Productions
1718,Odyssey
4587,Allied Stars
24493,Alligator Film
2828,Intrinsic Value Films
9066,Climax Films
10137,La Ferme! Productions
75890,Dreamsound (koprodukcja)
86358,Laurie International
30706,Prospekt
20798,Liger Films
2016,Interlight
48708,Lise Lense-Møller Film
21962,The Complex Studio
81364,Curious Film
22191,Les Films du Loup
5954,Waverly Productions
6223,Shanghai Animation Film Studio
5334,Faces Distribution
8945,Pi Film
82020,Final Frame
42670,Relevant Film
487,Czech Television
21012,Moving Pictures Media
7286,Epithète Films
94958,EMI Music Taiwan
7930,Olga Film GmbH
46065,Sandler/Emenegger Productions
13721,Winkast Film Productions
60605,Fine Lookin' Productions
16769,Cal Cine
18973,01 Distribution
62546,2.4.7. Films
70660,O&O Associates
2596,Jerry Weintraub Productions
1552,Berit Films
20356,Millar Gough Ink
61115,Unanimous Entertainment
10238,Les films de la butte
16051,Lüthje & Schneider Filmproduktion
7435,Phantom Films
23614,All Pictures Media
38677,Herzbergmedia
88978,Burnat Films
4799,Eurociné
7305,GNK Productions
10698,John Ford Productions
23484,Kominsk
11846,Hakuhodo DY Media Partners
79732,Talent International Media
81144,Twin Continental
323,"Diana Productions, Inc."
7984,"Zespól Filmowy ""Tor"""
14719,Baltimore Spring Creek Pictures
79871,Raving Cyclops Studios
47380,Rosebud Productions
1088,Alcon Entertainment
38037,Centre du Cinéma et de l'Audiovisuel de la Fédération Wallonie-Bruxelles
45528,McNaught Syndicate
19415,Chalmar Inc.
10908,Phoenix Film Partners
12536,Kurtzman/Orci
9209,MK2 Productions
7590,Veteran Pictures
7775,Independent Edge FIlms
22929,Miracle Communications Ltd.
2586,Caracol Televisión
59881,International Film Company
66903,Yellow Film & TV
85769,Mjölk Movies
16635,Red Shoes / Some Shoes
26424,Satyajit Ray Productions
11923,Inver Invest
19912,David A. Davies Productions
63178,Anugraha Cine Arts
8835,Skellington Productions Inc.
15347,Andy Sidaris Company
3870,Premiere Picture
3272,Aramid Entertainment Fund
34780,Chi-Fou-Mi Productions
8111,Apaches Entertainment
82959,Film Brokers International
81802,Buc-Film
60022,Aversano Films
93771,Qartuli Telepilmi
921,Next Wednesday Productions
22851,Out of Body Films
15308,Wild Bunch Distribution
82957,Hertlandy Productions
3215,Carsey-Werner Company
86357,MLR
25346,Central Motion Pictures Corporation
608,Dor Film Produktionsgesellschaft GmbH
3276,Elkins Entertainment
68602,P.D.C.
15461,HSX Films
28765,Cover-Up
66850,Space Films Polytechna
7929,National Broadcasting Company (NBC)
29603,Flan de Coco Films
4700,Linson Entertainment
26100,MJBC Foundation
20658,TinRes Entertainment
12899,American Lives Film Project
25203,Genera8Xion Entertainment
4713,CMC Entertainment
5340,Left Bank Pictures
43155,Buckeye Pictures
75439,Rockhaven Pictures
21460,May 13 Films
6748,Goalpost Pictures
22956,Deer Path Films
21327,TNVO
24259,Points North Film
36988,Big Book Media
5968,Ejve-Film
36118,ASA Productions and Enterprises Pvt. Ltd
36859,Capella Films
51851,Berrick Filmproduktion
21293,Quantum Films
10479,Sundial Pictures
86433,Legendary East
72693,Dago García Producciones
8323,Scorpion
44449,Kinema Sarajevo
7754,Lazennec Films
77883,Unit Four
450,Anarchos Productions
6408,International Traders
11629,Yoshimoto Kogyo Company
25522,Société Parisienne de Production
5418,Alligator Inc
2741,Falling Sky Entertainment
2921,Visualizer Film Productions
23510,Hollywood Films
12146,Palomar Pictures International
21202,Kid Love Incorporated
13338,Studio Kinema
66791,Reluctant Production
75341,Dizzy Giant
40418,Catalyst Entertainment Production
3425,Burrundi Productions
52161,Khartoum
26369,Calamity Films
4620,Evenstar Films
25947,Carr Miller Entertainment
22270,Defiant Empire
3463,Imagi Animation Studios
13551,Atlantic Pictures (II)
65507,Wes Craven Films
6825,Pratt FIlms
24576,Judica Productions
22499,Soho Screen Productions
19037,Umedia
12696,Regent Capital
22538,Elliott Kastner-Jay Kanter-Alan Ladd Jnr Productions
35445,Carol Baum Productions
36897,Jethro Films Production
5447,Laurel Films
22793,Event Film Distribution
569,Tokyo FM Broadcasting Company
1483,Redeemable Features
19245,Lago Film
16352,Mara Films
8878,MFF Feature Film Productions
23241,Wesley Clover Media
80896,Michael Fiore Films
21078,Interopa Film
7901,Harmony Gold
12012,Eyescreen S.r.l.
18820,Bakshi Animation
7018,Big City
7714,The New Zealand Film Commission
39526,Woodward Productions
55686,DH Films
72758,Shooting Star
10475,Cemo Film
66478,Artemis Rising Films
1180,La Générale d'Images
293,Avalon Studios
25372,Bandry
40294,Fourth Floor Productions
63809,Roxbury
86602,Filmstudio 1929
55167,One Canvas Productions
2526,Kickstart Productions
84368,Przedsiebiorstwo Realizacji Filmów (PRF)
6584,Gemini Films
17465,Pantaleon Entertainment GmbH
17183,Warren Miller Entertainment
63225,Finecine
60724,R & S Film Enterprises Inc.
7675,Luis Moro Productions
40670,Generation Films (I)
7906,Omega Film AB
1195,Omega Project
44263,Toei Central Films
5114,Beautiful Motion Pictures LLC
10610,Cofinova 7
19067,Nexus Productions
15384,B.I. & L. Releasing Corp.
8498,Carnaval Unifilm
53006,Motion Picture Production GmbH & Co. Erste KG
42423,Anonymous Films Ltd.
42003,Grovesnor Park Film
88102,Torino Film Lab
53667,Trust Film Svenska
19136,La Sept ARTE
1624,Deutsche Columbia TriStar Filmproduktion
34472,Tangram Film
29602,Hungry Eye Lowland Pictures B.V.
246,Film Council
6231,London-Cannon Films
1430,Tilma Films
7636,Nimar Studios
44598,108 Sound Studio
2208,RTL-TVi
4056,Hallmark Entertainment
73675,Black Diamond Pictures
2858,Aron Govil Productions
56041,"Zespół Filmowy ""Pryzmat"""
54275,Mirror Maze
44993,Barentsfilm
23927,Iconiq Group
24087,Cinipix
55405,Saw Productions Inc.
8792,Pan Arts
28760,Pendragon Film
14313,The Who Films
20823,Cicatrice Film inc
1841,Percept Picture Company
13088,Productions Enterprises Inc.
76211,Artoc Films
14286,Finecut
15160,Haxan Films
49626,Les Productions de la Géode
88418,AZ Films
90146,HB Filmrullen
3017,Present Pictures
4143,Eden Wurmfeld Films
53574,SLC Film
19649,Key Pix Productions
86861,GNUFilms Oy
76994,Cinémage 9
62258,Chicaray Films
75879,Dv8
1959,Jofa Atelier
19632,3311 Productions
65795,FunDeMental Studios
22733,Transinter Films
4927,Eagle-Lion Films
11041,Red Baron Films
1030,Magnolia Pictures
758,TV2 Danmark
10289,DMG Entertainment
7770,ApolloProMovie
11779,Page 114
57614,Unlimited
6364,Polar Music International
3735,Akkord Film Produktion GmbH
40413,World Entertainment
16820,PingPongFilm
48581,Hungarian National Film Fund
82678,Richard Films P.C.
79478,Saptrishi Cinevision
18088,H.L.S. Ltd.
93311,Aaargh! Animation
23924,Picture Tree
14409,R. D. Banshal & Co.
75476,M.B. Dudley Amusement Co.
2400,Unidis
20388,Regione Campania
36978,Winchester Multimedia PLC
75759,ROFLMAO Productions
34202,Woman Wanted Productions Ltd.
874,Cinéa
39024,Mm...Buttered Panini Productions
39711,Dalton Films
94959,Dama Orchestra Malaysia
12646,The Badham-Cohen Group
15878,Fondo de Inversión y Estímulos al Cine (FIDECINE)
20535,Jules Verne Films Ltd
10754,K.B.S. Productions Inc.
31473,Mob Scene Creative Productions
64122,Collingwood Management
22397,Wager-Film
86538,Chassy Media
73436,Shinework Media
26390,Rinkel Film & TV Productions BV
2098,Nova International Films
79700,Compagnia Cinematografica Montoro (CCM)
45486,ESMA
53922,Jiří Trnka Studio
11413,China Movie Channel
14109,TAT Communications Company
8090,BBC Earth
904,MFP Munich Film Partners
7970,Bord Cadre Films
14771,Robertson and Associates
13383,RD-DR Productions
55768,Künstlerische Arbeitsgruppe ''Futurum''
23856,Medien 5 Filmproduktion
7384,Hypnotic
76566,Regina Filmes
8765,Wildlife Films Peru
1394,Black Forest Films
8109,Zentropa
5355,Films 21
22926,Magnet Films
90897,Act III
3970,Handistom Investment
53879,Norsk TV2 AS
853,Respiro
9232,Tecisa
16136,Productora Mex. Desconcida
9325,Informant Media
80778,Mostly Ghostly 3 Productions
40988,Co Production
27450,The Combine
79931,Isis Cataegis
50453,Armored Productions
30692,Sony Pictures Imageworks (SPI)
95587,Dymphana
51092,Black Frame Cinema
20752,"BR-Alpha, Provobis Film"
1849,Gimages 204
10981,TVS Television
47706,Allison Shearmur Productions
13694,OLM
11449,Hedge Fund Film Partners
6419,Biograf Jan Svěrák
144,Fono Roma
30639,Roger Dodger LLC
2478,Manhattan Project
36991,Clarius Entertainment
10201,Interscope Communications
2375,Sputnik
72165,Perfect Nose Productions
2502,Ceskoslovenský Státní Film
21809,Mainostelevisio (MTV3)
26000,New Treatment
5561,Panorama Films
2113,Cinéfilm AG
3908,Melodrama Pictures
5531,Signboard Hill Productions
88298,Sortie 22
6259,New Horizon Picture Corp
12296,Sullivan Entertainment
77226,Turin Film
40107,Da Vinci Media Ventures
18605,Sur Films
47776,Arctic-Filmi
7828,Max Films Productions
19683,Charles Fries Productions
7122,Emotion
5116,Liebermania
57306,Wacky Doodle Productions
3002,Tristes Tropiques
20781,Notting Hill Films
11728,Camelot Pictures
42829,Captivity Productions
6669,Les Films de l’Après-Midi
88294,Andamar Entertainment
30534,DAVED Productions
7861,Granada
10188,Aleph Media
75121,Bardha Productions
53238,Ghost Ship Films Pty. Ltd.
23912,Antidote Films (I)
4672,Marble Hall
2634,Andertainment Group
6605,Oxymoron Films
51973,Flea Market
23227,Magnet Productions
21872,Treasure Entertainment
1061,Partner's Productions
76967,Stera Films
8760,AAR Films
30256,Stark Productions
22117,Mario e Vittorio Cecchi Gori - C.E.I.A.D.
13413,Hubert Bals Fund
53573,Rotor Film Babelsberg
29658,Sofiarp
31302,Van Hoy/Knudsen Productions
5251,Holowach Films
62081,Rank Organization
85164,"Magic Entertainment, Inc."
19637,Logie Pictures
43436,Solid Weld Production
79276,Kukunoor Movies
22836,SVS Films
28431,TCF Vancouver Productions
63716,Álvaro Agustín
4112,American Cinema Productions
864,No Dream Cinema
29552,Plenilunio Film & Arts
77791,Falcon Pictures
19572,Diadem Films
76219,InterMedia Entertainment Company
5704,Little Wave Productions
80247,Toei Tokyo Movie Studios
37988,Cinema Ventures
3924,Bert Marcus Productions
23097,Super Ecran
86019,The Harlem Film Company
20980,France 2 (FR2)
33680,Blue Sky Films
2366,Virtual Films
39524,Shoals Creek
21535,Ithaka Entertainment
29064,Novaya Zemlya
38284,Bifrost Pictures
6953,IMJ Entertainment
64128,Itami Productions
7743,Mercurybar Productions
57208,3 Generations
20453,Wicker Man Productions
90055,Fifteen
16633,GLADYS GLOVER
22071,Mollywood
1431,Playboy Enterprises
15000,Hope & Glory Pictures
17225,Paribas Film Corparation
11937,Banque Populaire Images 7
93216,BR3 Produções Artisticas
95290,Academy Film
11787,Po' Boy Productions
118,Det Danske Filminstitut
3688,Kennedy Miller
11525,Showtime Arabia
37726,"AV Club, The"
18314,The Culzean Corporation
5515,Louisiana Media Productions
67780,GGR
75518,Midas
18880,Showtime Networks
13193,WeiT Media
7864,Amiguetes Entertainment
75806,Euclid 431 Pictures
54050,Linson Films
1766,Dieter Geissler Filmproduktion
5380,Desert Flower
57624,Olsen Levy
12569,White Fox
19615,Camera
7263,FilmDistrict
2953,New Wave Entertainment
71510,JD Prod
73926,Televiziunea Romana (TVR1)
9331,Rob Houwer Productions
77343,Al Jazeera Documentary Channel
73625,BH Tilt
17165,Docksur Producciones
63964,Afghan Luke Productions
93178,Caos Produções Cinematográficas
1818,Tritone Cinematografica
45786,BBC Natural History
6615,Yesbox Productions
2142,Trial by Fire Films
86918,Flick Flingr
23290,Prodyuserskaya Firma Igorya Tolstunova
70196,Frenzy Films
24535,Golden Eagle
1470,Wild Bear Films
1181,Telespan 2000
37657,Aura Entertainment
3668,ABC Productions
87839,Reversal Films Inc.
546,Monsoon Pictures
5763,RBG Films
57283,Major International Pictures
34588,Flying Box Productions
866,Pathé Renn Productions
40125,The Government of Canada Income Tax Credit Program
5646,Walt deFaria
8874,N1 European Film Produktions GmbH & Co. KG
58325,Nigel Productions
6484,Lyara Films
11953,Traveling Film Productions
35859,Société Générale des Industries Culturelles du Québec (SOGIC)
19107,Helena Productions
10978,Motto Pictures
3726,Vijayta Films Pvt. Ltd.
18876,Maglan
8921,United Plankton Pictures
13028,Next Wave Films
14672,Une Hirondelle Productions
613,Hecht-Hill-Lancaster Productions
4617,Beijing Ciwen Digital Oriental Film & TV Production Co.
10357,Madragoa Films
8979,Illustrated Films LLC
26777,Before Stonewall Inc.
4202,Hotspur Film Productions Ltd.
11775,La Sofica Cofinova 4
16322,Itaca Films
20528,Talking Monkey
852,mementoFilm
58262,Birnbaum / Barber Productions
7514,Galaxy Pictures Limited
54687,High Top Releasing
37265,Fron Film Production
68413,Acacia Filmed Entertainment
44989,Phantom Film
68455,Like Fire Productions
1179,Ciné Cinq
12502,Bandai Entertainment Inc.
14374,David V. Picker Productions
5398,Excell Film Agentur
5676,Omnia-Film
1877,Café Film
3338,Ringleader Studios
24884,AE Electra Productions
4865,Tyburn Film Productions Limited
28555,Fondo de Fomento a la Calidad Cinematográfica
61741,Cinemagic
22135,Prana Animation Studios
24245,Twentieth Century Fox Television
12989,Sancro Film
42321,Black Entertainment Television (BET)
1672,Sancrosiap
86532,Blockbuster Films
10847,Chromosom Filmproduktion
5042,Kastner/Ladd/Kanter
6622,BRITISH BROADCASTING CORPORATION
46939,Nashe Kino
4189,Scala Films
13837,K.G Productions
57275,Children's Label
49229,Reel Deal Entertainment
93932,Fantosfreak
5336,Pageant Productions
6860,Nickel Odeon Dos
21180,Cinema Corporation of America
92392,606 Films
53236,Francia-Túnez; Dovidis / Satpec
1763,Europa Film
8298,Leon Schlesinger Studios
25381,ActorieDeFilm
44406,Rai 1
88113,M.B. Film
46293,Dream Factory Macedonia
78109,Norstar Entertainment Inc.
11452,Walwa Films S.A.
33245,Keshet Broadcasting
94312,Elara Pictures
345,O2 Filmes
20360,Internationale Filmproduktion Blackbird Erste
18582,Bert I. Gordon Productions
51764,The Pitt Group
83107,S.N.E.T.C.
52065,Fuego Films
987,USA Films
31660,Okko Productions
39626,N279 Entertainment
5371,Nickelodeon Network
12292,Temple Hill Entertainment
25125,Ministerstvo kultury Rossiyskoy Federatsii
4687,Tempe Video
6770,Veradia Film
10567,Mutant Enemy Productions
5264,American Entertainment Partners L.P.
11740,Society Entertainment
66615,MGM Home Video
22566,Harvest Filmworks
49760,Escapology
3088,Delphi III Productions
77645,The Lego Group
88715,Pyramania
13737,Z-M Productions
26950,Fried Alligator Films
19326,Spelling-Goldberg Productions
73343,Kovno Communications
48571,Pieter Van Huystee Film and Television
14662,Кинокомпания CTB
4352,Dramatic Features
11840,Film Victoria
4345,Taurus 7 Film Corporation
13796,Hong Kong Alpha Motion Pictures Co.
91005,Lyrick Studios
562,Appian Way
55133,Monfort Producciones
75575,David Paradine Television
40695,AG Productions
1867,Golden Mean
86274,Ring Cine
11327,Shirogumi
3033,Asmik Ace Entertainment
66266,Camaleo
10532,World Productions
10285,LD Entertainment
60037,Verdict Productions Inc.
73694,Last Cab Productions
2565,La Parti Production
46654,Filmstudio
2727,Global Entertainment Group
1550,Evamere Entertainment
2038,Solimane Productions
3414,Banger Productions
7290,Filmworks
25022,Union Générale Cinématographique (UGC)
4546,Superstitious Entertainment (II)
34627,Burning Ships Productions
1141,Engine Films
47093,TAT Film
29506,Matchbox Pictures
8461,•Athénaïse
76109,Mincult
5012,Aro Productions Inc.
2970,More Entertainment
33243,Totally
52017,Nowhere Films Louisiana Productions
93347,Wingarano Productions
269,Filmboard Berlin-Brandenburg (FBB)
20235,New Horizons Picture
399,Show East
83763,Office Henmi
7923,CAMERON MACKINTOSH
46875,Nitrogen Studios Canada
7987,"Last Rites of Joe May, The"
31064,Surreal Films
46405,Poznan Film Group
68155,The Talking Pictures Company LLC
7093,Hokkaido Broadcasting Co.
45787,Greenlight Media AG
5376,Studio Interzona
43376,Entertainment One
9345,Lynn-Romero Productions
73337,Aloha Pictures
16977,Allied Films
38870,Craig Anderson Productions
7735,Subterranean Productions UK Ltd.
21742,Haunted Movies
17068,MG Entertainment
46455,Vincenzo Productions
441,Columbia Pictures Corporation
74390,Stigma Films
51772,Nine Yards Productions
19196,Blackmaria
12609,Banque Populaire Images 10
23011,TDMP
5435,Titan Talent & Entertainment
8508,Labo Cine do Brasil Ltda.
10859,Wang Film Productions
9020,O Som e a Fúria
54377,Makhmalbaf Productions
15045,Suffolk Productions
14620,Gosteleradio
23486,Sienna Films
22483,Fondo Ibermedia
56807,Haslund / Dencik Entertainment
18309,Institut Valenciã de Cinematografia (IVAC)
58894,Zoo Pictures
79552,NFP
30817,Tramp LTD
21114,Evescreen
43640,Zéno Films
1145,Belga Films
4541,Raybert Productions
7500,Sneaky Pete Productions
60000,Pakhshiran
25583,Strand Home Video
57720,Jinx Media
17281,Aparte Film
93897,Entendre Films
67153,Nora Ephron Productions
33149,Havas Images
46563,Haos Film
33891,Forbidden Films
18675,Cheung Ming Film
76912,Département de la Charente
17893,F.D. Cinematografica
4632,Freeride Entertainment
50109,Blink Industries
52003,Elite-Tonfilm-Produktion GmbH
49194,Madame Films
73469,NAIA Productions
3195,Beco Films
8558,Iris Films
40590,Flamarion Ferreira Films
36863,Maverick Picture Company
22545,Magnet Media Productions
12984,Norsk Film
8499,Stagereel
53464,Asis Productions
10936,Hydraulx
28221,Beograd Film
2588,Ministère des Affaires Étrangères
23890,Hal Lieberman Company
4289,Bee Train
14028,Gabriel Pascal Productions
6897,Filma Pictures
191,Senator Film Produktion
18993,Les Films de l'Atalante
14088,Roped In Productions
20034,Illusion Entertainment
4800,Gatlin Pictures
22506,Most Films
14531,Pop Films
12372,Universum Film (UFA)
22290,Bergman Lustig Productions
24108,Eve Productions
4386,Falcon Productions
1314,Hammer Film Productions
22477,Zootrope Films
37740,Varahonar Company
14959,Acre Enterprises
19034,Dezenove Som e Imagem
87664,New Lavender Panthers
77762,Beth Grossbard Productions
23497,Pulsar Productions
18620,Artists Production Group (APG)
77482,Mostpoint
1615,Fortissimo Films
5945,Beijing New Picture Film Co.
4172,CinéGroupe
21640,Produzioni De Laurentiis International Manufacturing Company
75076,FognDesire Films (koprodukcja)
125,Danish Film Institute
68730,Opix Films
76444,Evo Films A.I.E.
82348,New Gold Entertainment
83092,Bach Productions
5641,Bee Holder Productions
4781,Ciné-Alliance
511,Ultramar Films
24307,UFA Fiction
82618,Ilag-Film
5685,Les Films du Diamant
7766,Chaocorp
38786,Celeste Films
59423,"The Straight Story, Inc"
8101,Omega Entertainment
11253,N.E.F. Filmproduktion und Vertriebs (I)
54851,New World Entertainment Films
24311,M.T.G.
51134,Marion's Films
10445,Nihon Eiga Shinsha
75580,Faith Street Film Partners
963,Destiny
55979,Bionic Boy Productions
2104,Tangled Web Productions
24930,Alvernia Studios
64910,Filmarpa
34350,Cine 3 S.r.l.
5470,Adivina Producciones S.L.
83960,ChevalDeuxTrois
15547,Intial Productions
85889,C.H.U.D. Productions
31922,Double Negative
1593,Laura Films
23138,Woodline Productions
77393,Sensi Contemporanei Cinema e Audiovisivo
10071,Bausan Films
74623,Star World Productions
13523,Peoples Productions
2441,Fandango
73681,Project X
2752,DENTSU Music And Entertainment
7164,TMS
26362,Silver Lining Entertainment (II)
11055,Broken Sky Films
47813,Falcon Media Limited
43944,Pioneer Films
68264,Oriah Entertainment
38356,Signboard Films Production Inc.
73142,Country Club
8176,Fama Film
59770,Bima
69777,Projector Films
6142,Nimbus Film
11777,Cofinova 4
59891,Land Associates
6159,Helsinki Filmi Oy
76619,Heads Up Film
73235,P. C. Arturo Feliú
15553,Chrysalide Film
33135,Minotaur
4356,Centerpoint
7272,Micro scope
6327,MangoFilm
41258,Région Aquitaine
67993,Dorchester
196,Filmstudio Berlin
46337,G Village
19841,Drife Productions
6779,Cromosoma TV produccion
87396,Laguna Ridge Pictures
2132,Veit Helmer-Filmproduktion
30666,RT Features
45826,Marshak / Zachary
24365,Michele Brustin Productions
21414,Feelgood Fiction
979,Woods Entertainment
39046,Essen Communications
13932,Luiz Carlos Barreto Produções Cinematográficas
21975,Joseph Nittolo Entertainment
4740,Gary Sanchez Productions
23564,Jeff Franklin Productions
31279,Potemkino
72810,Paradox Studios
29248,Ópalo Films
23082,Weber Investissements
11848,KDDI Corporation
2632,Cinephil
10343,Pandora Filmverleih
8570,Cine Works
18240,Henceforth Pictures
13769,Lynda Obst Productions
24144,Kaissar Film
48081,Ministry of Culture of the Russian Federation
25033,The National Film and Video Foundation of SA
40673,Film Austalia
75424,Les Films du Scarabée
3403,The CKK Corporation
14634,Sailor Bear
20018,Darbor Films
1561,Pegasus Film Partners
62407,Bavaria Film Partners
73820,Frontera Films S.A.
29153,Film Invaders
14572,Golden State Productions
2833,Independent Pictures (II)
84353,Belfagor Cinematografica
25487,ContentFilm International
11638,D.C. 7 Produzione
45782,Burn Hand Film Productions
93165,Productions Corniglion-Molinier
34041,Georgian Film
39483,Hart-Lunsford Pictures
18142,Dragonfly Entertainment
22953,Down Home Entertainment
24041,Origin Systems Inc.
6720,Krátký film Praha
9387,Cineriz
65769,Phantasmes Video
24358,Fortune Cookie Filmproduktion
12474,J&M Entertainment
8763,Inside Track 1
46,WDR
5164,Sigmund Neufeld Productions
75483,S.M. Films
12986,Fennada-Film
1916,Claraflora
17395,OB Productions
773,Film Afrika
31107,K&Entertainment
22610,Hollywood Studios International
16568,Mulmur Feed Co. Production
6934,Deuce of Spades Productions
23732,Cineroma SRL
45809,Tortured Productions
31015,Keystone Family Pictures
46506,Rena Film
18587,Max Productions
10316,British Columbia Film
4286,Juno Pix
75673,Atacama Productions
54608,Promofilms S. A.
19814,Zucker Productions
45755,High Window Films
15925,Pfeiffer/Blocker Production
37336,Down Productions
26717,Jan Chapman Pictures
84188,ZAD Communication & Production
51399,MPM Film
74926,HBO Polska (koprodukcja)
6464,Limerent Pictures
3496,Aaron Russo Productions
48752,Bella Productions
2664,Non Linear Films
37230,Lianhua Film Company
75014,Sedis
74214,Telekomunikacja Polska (koprodukcja)
7275,Trailblazer Films
93549,Dove International
3148,Kendon Films Ltd.
2340,Napoleon Pictures Limited
5187,Lee Lee Films
361,Blue Parrot Productions
22564,Solar Filmworks
33794,Três Mundos Produções
19616,L&P Productions
22089,"Zespól Filmowy ""Oko"""
88881,"Indefatigable, Inc."
73140,Sputnik Film
14557,Foundation for Filmakers
4147,George Axelrod Productions
64423,Tohokushinsha Film Corporation (TFC)
4745,Produzioni Atlas Consorziate (P.A.C.)
30037,Blueprint Pictures
16779,Georgetown Productions Inc.
3853,Stampede Entertainment
11519,Eagle Vision Media Group
1601,Maven Entertainment
83453,Fedora Films
13720,Andergraun Films
34217,Jeonju International Film Festival
2789,Cable Stuff Productions
86932,Sophie Film
60963,Ira Steiner Productions
75449,A.N.P.A. (Agence Nationale de Promotion de l'Audiovisuel)
1264,Alexander Salkind
1663,Naga Films
15149,SinCap Productions
88548,Story Ink
10459,Méditerranée Cinéma
56347,Alexandersson & De Geer Bildproduktion
11546,Bombshell Pictures
61901,The Film Arcade
7162,Neue Sentimental Film
27936,Coote Hayes Productions
68112,Studio 100 Media
22436,Pronto Film
69423,Konken Studios
33250,Ministère du Développement Durable et de la Mer
8600,Electric City Entertainment
9335,Canal+ España
34397,Origo Film Group
24420,Twilight Production & Entertainment
12413,NWR Film Productions
40543,Posthorn Pictures
48465,Promico Imagen
58423,Hulu
16028,Blizzard Entertainment
47460,Mini Studios
5311,Intermedia Network
41675,Sinegraf
5724,Zagreb Film
38767,Dark Dunes Productions
61298,Albemarle Films
7897,Collina Film
12501,Green Room Films
1627,Maran Film
4235,R%26C Produzioni
22490,Cote Blanche Productions
14528,Imaging
964,Keith Barish Productions
76166,Wizan Productions
16119,J.E. Films (Julian Esteban Films)
26638,TMP Films
84204,"Seeso, LLC"
12973,Projektions A-G Union (PAGU)
27383,Prasa i Film
86421,Robson Orr Entertainment
75055,Eurospace
14723,Carolco Pictures
4880,chateau productions
12600,Intertel
12014,TWS Productions II
1928,"ZDF ""Das Kleine Fernsehspiel"""
80968,Invicta Filmes
7465,Novak Production
14186,Geordie Sabbagh Productions
3194,Bernard Gayle Productions
4307,Rifkin-Eberts
31826,Taleswapper
3351,Reinventing the Wheel
29060,Process Media
41531,Atrium Producciones
6212,Maipo
3230,J & M
5314,Gavin McKinney Underwater Productions
3857,Fireworks Pictures
2283,Sunnyland
65553,UFO Pictures [ph]
40697,Total Film Group
8350,TF1 Droits Audiovisuels
5904,Sochiku
16906,Arizona Films
21772,Castle Films
925,Nu Image Films
11745,Office national du film du Canada (ONF)
12701,Incognito Pictures
78656,Sato Atsushi
38568,Mistress Inc.
541,Famous Players Ltd
25126,Studiya dokumental'nykh fil'mov Sankt-Peterburga
56221,Itchy Fish Film
534,Filmsonor
5961,Elizabeth Films
29026,Cinecom Production
27155,Malay Film Productions Ltd.
27189,Forgetting the Girl
93214,Toscana Audiovisual
3906,American Playhouse
34495,Sampek Productions
7269,Poison L.P.
5906,Shochiku
3935,Trust the Man LLC
5745,Park Cinema Production
23234,ISIS
1151,Diorama Films
20341,On My Own
64974,Imprint Pictures
22006,Cinema Holdings
25591,Federighi Films
71900,Patchwork Productions
33151,Studio 217
73728,Sextant Entertainment Group
33380,Tuffi Films
77468,Cine-Source
67334,Stuber/Parent
26710,Eminence Productions
59996,Filmituotanto Spede Pasanen
4988,Frank Yablans Presentations
21238,Daisy Lu Productions
11851,Anima Vitae
23338,Kvartal 95 Studio
24352,Kiki Goshay Productions
21026,Bill Civitella/Todd Zeile Production
1802,Lowndes Productions Limited
1493,Graffiti Productions
13816,Hyde Park Entertainment
7610,Eén
12196,Medienproduktion Prometheus Filmgesellschaft
10163,Working Title Films
82361,Selvaggia Film
14680,Parc Film
25491,Edith Film Oy
13565,Cooperativa Jean Vigò
5156,Together Brothers Productions
36114,Amro Productions
4913,Independent Artists
62016,Illiz
16874,Laugh-O-Gram Films
3327,Proline Film
74997,Hersua Interfilms
26174,Avalon P.C.
64777,Film Vision Productions
6874,grindstone
22454,Olimp Produkcija
25318,Fourth Culture Films
82620,Wood Entertainment
54280,Infinity Media
51526,Hassell Free Production
19926,Skate Away Productions
41147,Forum Distribution
19014,Triangle Production
73969,Autumn Entertainment
50915,Motorino Amaranto
8458,Return to Sleepaway corp.
15102,Filmtech
11576,Ontario Media Development Corporation (OMDC)
6488,Bishop Studios LLC
16461,JADE FILMS
67261,Wüste Film
78950,K Pictures Co.
1742,Les Films 13
60305,Hollywood Star Pictures
15540,Singing Trees Entertainment
54041,Ito Productions
57712,D'Angelo-Bullock-Allen Productions
14075,NF Geria II Filmgesellschaft m.b.H.
15117,New Visions Pictures
64598,Duke Studios
23815,8th In Line
54299,Optimism Entertainment
74683,Rüssel Video & Audio
12023,Nederlandse Programma Stichting (NPS)
14691,Instituto de la Cinematografía y de las Artes Audiovisuales (ICAA)
4259,Ultimate Pictures
25673,Cinema Vehicle Services
10387,Woodhaven Production Company
23431,Hold It Now Films
15874,W. Lee Wilder Productions
35076,Footprint Features
21110,Merchant Films
58606,Capital Film s.p.a.
17355,Phanta Vision Film International B.V.
10158,First Knight Productions
75747,Polski Instytut Sztuki Filmowej (finansowanie)
23956,Rogue Films
20543,Universe Entertainment
26085,Silverstein / Barder Company
29118,Lovćen Film
12469,Higashinippon Broadcasting Co.
14975,Ariel Film
5127,P.C. Ales
84804,Cinevista
70175,Picture Factory
10643,Ogden Entertainment Company
13350,Big Farm
20745,Quicksilver Films
18875,Leland Hayward Productions
19289,Les Productions JMH
60684,Kenbiroli Films
7049,Enigma Productions
90228,Oscar Gold Productions
12655,Shogakukan-Shueisha Productions
23559,Magna Films
6964,ShowTime
908,Mystery Clock Cinema
7915,Voice & Heart
7663,BEC-TERO Entertainment
95187,Pure Entertainment
278,Propaganda Films
25286,Red Film
72112,Godspeed Pictures
10622,Public Broadcasting Service (PBS)
75452,Emergence
11175,Benderspink
37350,"Jackson/McHenry Company,The"
89439,Friendly Productions
16126,David Gerber Productions
4348,R%C3%A9zo Productions
29922,iProductions
20767,Cineuropa 92
20348,Cinémage 5
14252,ANOC Productions
66913,Daiei Tokyo Daini
90095,Larkspur Films
13498,Margate House Films
73538,ReVision Pictures
77594,Vserossiyskaya Gosudarstvennaya Televizionnaya i Radioveshchatelnaya Kompaniya (VGTRK)
536,The Coppola Company
60229,Prima TV
21111,Cartel Films
61922,Bankside Films
82645,T42 Entertainment
54225,Tortilla Flats Productions
8311,Atlanta Productions
59558,Low Sky Productions
3759,Producers Releasing Corporation
18093,Tiger Productions
93181,Branca Filmes
47416,Sovereign Films
5353,Fastnet Films
14002,Glendale
44225,Construction Film
69576,Addict Films
47479,Ground Control
5723,Pitchblack Pictures Inc.
20569,Michael Phillips Productions
77849,SofiTVciné 2
10928,Trigon Films
72339,Dreampixies
12201,Pathé-America Distributing Company
66930,Brothers Dowdle Productions
4758,Box Office Spectaculars
1460,Loew's
6170,Vitamin K Film
6155,Faama Film
23495,titania produzioni
99,Olga-Film GmbH (München)
12800,Ego Film Arts
18870,Academy Productions
36299,Agresywna Banda
60676,East of L.A. Productions
69401,Celestial Production
1785,Likely Story
36958,Sparkle Roll Media
7616,Moonbeam Entertainment
15152,Geoffrey Productions
34733,Una Noche Films
90792,Mare Nostrum Productions
52932,Scallie Filmworks
3545,Big Screen Entertainment Group
16742,Telefónica Producciones
78851,United Entertainment
16932,Camp Video
85942,New Wave Productions
11725,VAP
20446,Randy Murray Productions
6766,Tom Cat Films
19385,R&C Produzioni
1574,Les Films Modernes
56975,Betsy's Wedding
1665,New Horizon Corporation
11431,DCG Plus
21303,Telewizja Polsat
22037,7th Sense Films
3993,Red Hen Productions
110,Impéria
14585,Leucadia Film Corporation
7803,Mordicus Productions
21,Metro-Goldwyn-Mayer
22207,Cube Libre
12927,Canal+ Television AB
1096,Rich Pickings
58323,C.O.R.E. Feature Animation
16968,Vera Films S.p.a.
78091,Kinberg Genre
23256,Légende Productions
7110,Les Films Ariane
24264,Georgia International Films
76329,American Releasing Corporation (ARC) (II)
3548,Big Picture Media Corporation
4185,Oceanic Preservation Society
4005,Skirball Productions
10290,BCDF Pictures
95289,Cherry Road Films
1939,FFD
8849,Intermittent Productions
5028,CanWest Global Communications Corporationt
22852,Anime International Company (AIC)
6078,Z Films Inc.
8595,ZDF Productions
34284,C.G.K. Productions
3339,League of Noble Peers
12648,Labyrinthe Films
2287,Unity Productions
42000,Peg-Films
10559,Koch Media
79575,Quasars Film Company
22702,Sonar Entertainment
66910,Omega Film & Television
5871,Pioneer Entertainment
39924,Barenholtz Production
64927,Shango Films
26189,GRB Entertainment
11652,Warner Bros. Pictures de España
3332,Wiseau-Films
17392,Showgate
1972,X-Filme Creative Pool
12836,East Asia Film Company
81550,Waken Productions
10026,Baleuko S.L.
6949,Mandarin Films Distribution Co
59119,Licri
88762,White Noise Factory
76305,Open Doors Films
15012,Film Cellar
18170,Sagittarius Productions
54036,Tiny Dancer Films
1361,Compton Films
52954,Silver Vision
25827,Antenne-2 France
19010,Emu Creek Pictures
10699,Mahin-Rackin
17516,Nordisk Film
50995,TC Filmes
67523,Sholay Media & Entertainment
78936,Cinémage 10
14683,Ciné Tamaris
46059,Italo/Judeo Productions
82687,Sandcastle Pictures
28708,Lime Orchard Productions
14838,Madera Productions
14248,Baroda
5490,CBS Films
24422,Prescience Media
79479,Dore Films
41681,Red Carpet
56004,Morlaw Films
53063,Yannix Technology Corporation
1980,Woodfall Film Productions
26009,Delta Images
23655,Artifact Films
12619,Sangeori Pictures
11116,The Bryna Company
74029,Böcek Film
3350,Urban Way Productions
16951,Fundación Villa del Cine
18003,Babaloo Studios
36870,Symbolic Entertainment
4796,Plata Films S.A.
18329,Media Home Entertainment
10101,cattleya
81607,Goriz Films
15973,Globus Film Studio
47154,Kroyer Films
48617,Taylor-Wigutow Productions
47112,kickstarter
13210,ntc
5397,Group TAC
21254,Strand Productions
41506,Draw and Shoot Flims
13553,75 Films
7855,B.R.C. Produzione S.r.l.
4836,Metaxa Corporation
55893,Studios Africa
605,Rampart Productions
4533,Rajshri Productions Pvt Ltd
13432,Luminous Film & Video Works
6033,Paramount
78994,Ministère Libanais de la Culture
732,Mate Producciones S.A.
95081,Balaka Movies
89089,Broadvision Entertainment
90734,Bunkhouse Films
34249,Kingdom of Light Entertainment
48785,Matinee Pictures
19130,Houston Museum of Natural Science
23792,Scary Stuff
3359,Eastern Productions
21916,Dark Morgue Pictures
34509,Gee Films International
92086,Vangard Productions
4828,Film Columbus
46222,Hey Eddie
32622,Beard Collins Shores Productions
32999,D8
711,Fox 2000 Pictures
31259,Alchemy Television
7902,TMG
27063,Russian Film Committee
79620,Catalina Cinema
21599,Shona Productions
72384,M3 Entertainment
62763,Stargazer Films
77536,DPI
12781,Cedic
312,Soficinéma
1063,Brightlight Pictures
5227,Cinema Gypsy Productions
19653,Sine Olivia
19047,Fortress Films
22196,Lunatic Speed
53152,Creative Wealth Media Finance
14344,GIA Società Cinematografica
85510,FilmWave
33365,Mattel Playground Productions
56289,Headliner Productions
73734,Marshall Law Entertainment
40114,Goldwyn Entertainment Company
7296,K/O Paper Products
71959,TDJ Enterprises / New Dimensions Entertainment
36228,Candlewood Entertainment
12730,Top-Film
2161,CBS Productions
11683,NFP Marketing & Distribution
13220,Seesaw Productions
3823,TF1 Films Production
44614,Cinétel
15231,Muse Productions
18956,Samaritan Entertainment
71091,Cuban State Film
5546,Stonehaven Media
81051,Running Reel Films
58849,Bago Pictures
11107,Brio Films
23920,LightWorkers Media
10107,Trackform Film Productions
13501,Leonard Goldstein
49092,Redrum Films
22997,Légende Films
5507,SE8 Group
19511,Outlaw Victoria Productions Inc.
13419,SKA Films
62170,Castelao Pictures
22532,Tree Tree Tree Productions
5455,Numero Films Ltd
1546,Universal Pictures France
30290,Adolfo Aristarain
19959,A Plus Image
25567,Quite Quick Productions
15407,Arlington International Pictures
11233,The Big Gun Project
10307,Virgil Films
18292,Dream Team Productions
78958,Farrell Paura Productions
34772,Fernando Colomo Producciones Cinematográficas S.L.
7163,Nihon TV
28222,Aria Films
3281,GK Films
26149,Kumar Mobiliengesellschaft mbH & Co. Projekt Nr. 3 KG
6730,Individual Pictures
95595,CCLA Productions
512,Cocinor
11895,Artificial Eye
431,Donners' Company
13967,Passaro Films
62483,Starfire Movies
11362,Mark Gordon Productions
56575,Mandrake Films
26591,Snd Films
11359,France 2 (FR2)
42620,Walt Disney Studios Motion Pictures AB
7142,Eros Entertainment
78970,Two Sticks Productions
8610,Sarlui / Diamant Production
5268,Power Pictures
57188,IME Motion Pictures
23199,Maraci/Edelstein Films
4387,Renfield Productions
12541,Q-Tec
18942,Ingenious Broadcasting
846,2929 Productions
38076,Summerwood Media
32731,Weekend Blockbusters
15057,3rd Vision Films
37860,Applecreek Productions
35604,Lennexe Films
8622,Charter Film Productions
33306,Nicolas Entertainment
73895,Zentropa International Norway
5965,Korea Films
8079,Mozark Productions
28453,Wallpaper Productions
13800,Gaumont Distribution
29049,Spark Script Workshop
11870,Anurag Kashyap Films
625,Devon
39735,Impact Film & TV
9384,Les Films ABC
71489,First Line Entertainment
4268,Les Films du Griffon
51670,Roddenberry Entertainment
16867,Ymagis
73925,McCann-Erickson
5645,Talkback Thames
489,Dutch Oven
12325,OLC / Rights Entertainment
10056,Cunningham & Maybach Films
71894,Bank Street Films
84638,Lol Productions
10058,BorderLine Films
9055,Les Films Raoul Ploquin
54757,One Horse Shy Productions
755,Alexandra Films
20668,New Zealand Post Digital and Visual Effects Grant
14315,Section Eight Productions
93665,Despoina Skalotheou & Sia
82700,GoingLong Productions
51385,Les Films de l'Alma
3875,Bipolar Films
55649,Studio Filmowe Zodiak
12695,Sixteen Films
34450,Cartel Productions
44296,Hermic Films
25713,Ghost VFX
20792,Zebra Film Studio
13854,Baby Cow Films
12109,Films EGE
67835,Kayan Productions
93659,The Pawnbroker Co.
60995,"Seafarers International Union, Atlantic & Gulf Coast District, American Federation of Labor"
13045,Fork Films
66929,Sandrew Metronome International
34982,Mythology Entertainment (II)
55248,Tchin Tchin Productions
38661,Balatbat Productions
74701,BNT
38086,Ballpark Productions Partnership
45966,Cinelamda Internationale Filmproduktionsgesellschaft
4872,Kinoshita Management
11144,Bobby Jones Films LLC
3984,Entre Chien et Loup
3144,Prima Linéa Productions
84947,D. M. S. Films
67360,Special Broadcasting Service (SBS)
27334,Laïla Films
7534,R&D TV
23291,Vendôme Production
1113,Les Films 21
25899,Artédis
18284,Sam Wiesenthal Productions
37246,Films de la Demoiselle
11483,George Albert Smith Films
10715,Alfred J. Hitchcock Productions
77176,CEPA Audiovisual
19024,Stella Studio
2357,Chaya Films
91698,Filmi Domireew
19918,Stargara
18929,Rough Riders Studios
12276,CIPI Cinematografica S.A
57752,Nord-Ouest Films
41968,Sakonnet Capital Partners
22505,Tesela Producciones Cinematográficas
25077,Nama Film
8930,Euro International Film (EIA)
10226,Smartest Man Productions
53196,Eter Pictures
40938,AlphaVille Pictures Copenhagen
50921,White Bucket Productions
25765,International Cinema Corporation (ICC)
43092,pinball london
9382,Lester Cowan Productions
46417,American National Enterprises
73485,Lord Film Produktion
93530,Noel Pearson
18064,Rekun Cinema
12584,Rhino Home Video
80,The Zanuck Company
22596,Aja / Levasseur Productions
55060,Troop 41 Productions
11420,Showbox Entertainment
44622,Orphan Eyes
49793,Liberty Road Entertainment
10119,Digital Dreams Films
37682,El Caiman
14385,Compagnie Internationale de Productions
77105,Silencio Cine
14177,Chuck Barris Productions
9194,Cannell Studios
266,Agencja Produkcji Filmowej
91298,Dial Films
5104,José Frade Producciones Cinematográficas S.A.
42096,Кинокомпания «Lunapark»
12173,NBI Productions
74213,Agora Films S.A. (koprodukcja)
48577,Sparks
72244,Hyogensha-Mako International
68453,Black Sheep Film Productions
3251,Pelican Productions LLC
36854,Lee Rich Productions
52059,Rocket Science Inc.
437,Heyday films
93741,Regenerate Films
89311,"Ruddy Morgan Organization, The"
58444,Baboushka Film
59213,Reckareckafilms
8876,Eurotrustees
59824,Wing and a Prayer Pictures
39822,CLV-Filmproduktions
11505,The Königsberg Company
13921,Launchpad Productions
63629,Gobsmack
90725,Parade Pictures
4606,Zweites Deutsches Fernsehen (ZDF)
12280,Cairo Films
5870,Studio Canal
739,Anomaly Entertainment
4328,MK Film Productions S.r.l.
8282,Idyll
30804,Hitman's Run Productions
93182,Geração Conteúdo
3942,Hari Om Entertainment Co.
51436,Hahnscape
71037,Tathagat Films
72061,A Ticklish Tale
16004,Blood Money Partners LP
94708,Right Thinking
64027,Werkaround
53282,Harlequin Pictures
71703,Nieuw Nederlands Film Platform
72414,Deez Nutz Entertainment
10913,Fido Film AB
76292,Spot Pictures
93184,Damasco Filmes
23301,Catchlight Films
51748,FilmBros
74429,Ralph Minden Film
14802,Njutafilms
55535,Magyar Mozgókép Alapítvány
93047,Pauly Jr. Pictures
42273,Fightin' Family Productions
44460,Underdog Productions
5897,Toho
18828,Das Kollektiv für audiovisuelle Werke
60877,Altar Identity Studios
5069,Mainichi Shinbunsha
4380,Suntaur Entertainment Company
86893,Th. Angelopoulos Productions
1795,Corona Filmproduktion
60609,Buster Productions
89602,Roberto Me Dejó Films
11549,Cinema Investment
6510,Defender Films
48144,ST Renegades
2516,Kuzui Enterprises
24457,Easy Company
20898,Cinémage 4
86054,Cory Film Corporation
53155,Tiny Giant Entertainment
85627,Visible Pictures
7302,Filmax Entertainment
55805,Asia-Do
11865,Twentieth Century-Fox Productions
4342,Bird and a Bear Entertainment
54931,Gail Katz Productions
71890,Space Rock Studios
54874,Umbrella Entertainment
408,Avenue Entertainment
7852,Dreamworks Pictures
11249,Farah Films & Management
25345,Central Motion Pictures
30792,Remochoso
10937,Grey Matter Entertainment
1875,Produzioni De Sica
38592,UniCredit Group
54131,Weston Pictures
7010,Société Générale de Production
46798,RMV Film
21163,Profit
51023,E2B Capital
63565,Twopoundbad
71543,ITV Productions
15446,Produções Cunha Telles
7482,Freyda Rothstein Productions
79548,STANDOFF Pictures
17668,Par-Par Productions
33439,True Crime Australia
13660,Cinema City
39906,Mexiko Media
15756,Larry White Productions
2494,Sofar-Film
81594,Michigan Venture Capital
35916,Raffaella Productions
4017,Hakalax Productions
84251,Ghana National Commission on Culture
28206,Prairie Oyster Productions
10133,Perro Verde Films
2651,Fragile Films
14998,Hope & Glory Film Productions GmbH
7056,Red Horse Films
92878,Oy Art Film
50457,Undisputed 3 Productions
12548,Ufland
75493,Prima Cinematografica
59354,KB Erik the Viking
34725,Moho Film
18940,Tinamus Productions
11942,Sofica Valor 7
3182,Iyara Films
55257,Maple Leaf Films
5011,Becker & Häberle Filmproduktion GmbH
53622,Red Wire Blue Wire
39224,Imageworks Entertainment International
29314,Acaba Produzioni
51866,Federation Entertainment
3877,Morbid Mind Productions
21597,High Treason Productions
84230,Grey Films
5229,Bryan Foy Productions
16498,WAY CREATIVE FILMS
29185,BUFO
92014,Ginny Mule Pictures
669,Reposado Producciones
12110,Hemdale Group
15266,BBS Productions
31715,Gramercy Pictures (I)
26875,Xiao Xiang Film Group
7438,Culver Entertainment
14217,Odyssee Pictures
4715,Factory 2000
19231,Patalex III Productions Limited
5863,Beast Productions
88719,Latex Lair Productions
1206,Entertainment Manufacturing Company
79563,Go Insane Films
5846,Thames Television
14542,Diabolo Films
5258,Filmgraphics Entertainment
2067,RBB
16185,PDP Productions
12036,La Banque Postale Image 3
82573,Killa Films
46299,Tycor International Film Company
64379,Babylone Films
7650,Avalanche Films
89871,Publikampas
87846,Comune di Cisternino
29524,Inecom Entertainment Company
89813,Refresh
43487,Emcee Films
15320,R.D.Banshal & Co.
37663,E & R Productions Corp.
2094,Majestic Filmproduktion
4964,Star Films S.A.
9149,Shogakukan
86706,이디오플랜
1783,Jaret Entertainment
11234,Little Wolf Entertainment
46429,Amazing Film Productions
85983,LEGO System A/S
20227,Power Productions
54376,T-Mark
1300,Carlo Ponti Cinematografica
64751,Newfoundland and Labrador Film Development
42345,Mount Film Group
19089,Playground Entertainment
24175,Cott Productions
22514,Samuelson Productions
8261,One Of Those Productions
3595,Magnet Releasing
52472,Kinodel
23468,Fallen Films
88840,Coproducción Uruguay-Argentina
1679,Lux Film
92957,Netflix Studios
14532,Filmadora Nacional
93678,Producciones Olmeca
81825,One Alliance SRL
33934,Petersham Pictures
47561,Dolger Films
14030,The Beckworth Corporation
36837,Fatal Glimpse Inc.
85121,Lindemann Entertainment Group
10943,ITVS
11736,El Deseo S.A.
7674,PasoFino Entertainment
38598,Freshwater Pictures
79435,Mott Street Pictures
2439,Bee Vine Pictures
89447,"Legend of Ben Hall Movie, The"
3477,Star Overseas
1237,Société générale des films
1345,Frisco Productions Limited
84422,Double Down Entertainment
20659,Cinedigm
21279,Wise Vision
21656,Verso Entertainment
41112,VEB DEFA-Studio für Spielfilme
22385,Cine Nomine
893,Stanley Kramer Productions
26032,Cineblue Internationale Filmproduktionsgesellschaft
162,Bayerischer Rundfunk
4357,The Guber-Peters Company
56509,Viacom18 Motion Picturesn
28763,EBC Films
65847,Fiesta Productions
3397,Tommy
23807,ZenHQ Films
64784,Coalitions Films
39704,Yeniceri Produksiyon A.S.
24306,Rinkel Film
26422,Elephant Eye Films
58137,Mirumir
39077,Honora Productions
52707,Our Time Projects
18691,Integrada
21150,Raymond Katz Production
842,GreeneStreet/SKE Films
3296,Magna Corporation
48669,Pannónia Filmstúdió
91781,Spicer and Moore
8263,EMI Films
14778,Cinemasound
68141,Les Films de l'Astre
65,Ulysse Production
43239,Nourtaban Film Industry
53051,New Moon Pictures
45191,Rainy Day Films
4184,Fish Films
21212,Italian Tax Credit
66335,Hannover House
79193,Les films de l’autre
16918,Cinequanon
36830,Michael R. Joyce Productions
83604,Rather Good Films
19349,Green Fish Pictures
57402,Coco Television
15,Lama Films
53935,Indochina Peace Committee (IPC) Films
2200,Liveplanet
65192,Posa Films
16839,Anchor Bay Entertainment
40260,RatPac Documentary Films
75985,A Plus Image 6
24294,Kuryer
14935,IsFilm
10636,Artco-Film
74064,Westminster Films
53824,Co-Productiefonds Binnenlandse Omroep
59348,Plywood Productions
9995,Cruel & Unusual Films
91394,Kinosto Oy
2811,Neo Art & Logic
17519,Selkirk Films
40668,Studio Adam&Eve
8424,Fides Films
5474,Danish Filminstitute
7381,Alberto Grimaldi Productions
1987,Hanns Eckelkamp Filmproduktion
93177,Watchmen Productions
87857,Abu Dhabi Film Commission
2297,Class 5 Films
6820,Angry Monkey Entertainment
67592,Chris Kasick Company
37352,Oscar Kramer S.A.
61336,T.E.M. Productores S.A.
19688,Five Ocean Films Ltd.
42479,Marshall Raboy Productions
3409,Korsala Productions
26855,Bunbury Films
10700,American Cinema International
40870,Embassy Films
67504,Savage Productions
39825,Cine Styria
1496,Clesi Cinematografica
426,First National Bank of Chicago (London Branch)
14912,Unbound Feet Productions
25760,Liffey Films
63961,Pueblo Film Group
78083,Club 55 Productions
7508,Produzioni Europee Associati (PEA)
4291,Movie%26Art
68273,Jessie Films
29241,2/35
23913,Artist International Management
3381,Wayne-Fellows Productions
6366,Younggu-Art Movies
21901,Ledge Productions
882,Toho Company
35553,Trigger Street Independent
1035,Cine Electra
19640,Maven Pictures
55392,Marko Röhr Productions
23761,Synthetic Cinema International
5830,Cheetah Vision
1578,Prospectacle
25706,Sandia Media
21259,Gervais Ink
28152,Principalities Of Darkness
2613,Futurikon
93400,Sohbi Kikaku
18938,Eclectic Films
50508,EE Doc Smith MK Company
4469,BAV Film
19222,Optimum Productions
2809,Silverscreen Films
2753,MacGillivray Freeman Films
47043,Posto 9
85676,Cinematografica RI.RE
7194,Rigolo Film 2000
36326,VIP 2 Medienfonds
38618,MovieBank
14031,Ladd Enterprises
78106,Stewart Pictures
79860,Sprint Mobile TV
78262,Clyde TV
77939,BlackBird
94278,Hunters Prayer Production Spain
33991,Entertainment Pyramid Inc.
36108,Ruckus Films
90891,Skhole Co.
19765,Admire Productions Ltd.
40822,Fipex Holding
11879,Photon Kathaas
87880,accent productions
5267,Irish Film Board
10902,Spanish Ministry of Culture
1668,Riff Raff Film Productions
57187,Virtue Entertainment
3202,Walt Disney Studios Home Entertainment
45959,Boondock Films
71372,Sidney J. Furie Productions
2426,Les Films du Poisson
21925,REI Capital
12050,Paprika Film Partners
35777,Presidio
84544,MR Films
33664,Rillington Production
27722,TOV Project
32444,Faction Film
3374,Eclair num%C3%A9rique
17884,Sculptures of Dazzling Complexity
78597,Hope Productions
87318,Arco Libre
57778,Starcrossed Films
18176,Ansor International
13479,Edward Small Productions
1010,Marimark Productions
51863,Studio 100 Animation
79268,HiFilm
20993,Antidote Films
1625,Fugitive Features
25101,Studio 27
63067,Squaredsquare Films
83036,Joint Effort
86906,NEO Motion Pictures
1653,Film House Bas Celik
90983,Ramo Law
19483,Calle Cruzada
65446,The Chess Club
4365,Cut Glass Productions LLC
3155,Burgundy Films
664,City Film
13438,Tiny Goat
1101,Bésame Mucho Pictures
72240,Les Films Terre Africaine
14788,Capcom Company
85641,Stick! Pictures
76888,Heretic
40890,China Film Co.
58864,Leslie Iwerks Productions
87847,Coco
95306,Damage Case Films & Distribution
87986,rusty bear entertainment
24650,Slaughter FX
38111,Proteus Films
58445,IamOTHER Entertainment
52606,Alta Definicion
18205,Richard Pryor Productions
65737,Thinking Man Films
80454,Lutz Dammbeck Filmproduktion
1319,Beaver Films
76360,Purple Films
10885,Equity Pictures Medienfonds GmbH & Co. KG III
56630,Faliro House Productions S.A.
9284,Shout! Factory
65389,BT Sport Films
52621,JAP Films
54279,Northwest Productions
25822,Via Appia Communications
1175,Frostbacks
52221,Coproducción España-USA
85163,Powers That Be Pictures
23633,Studio West Productions(VCC)
25660,Huaxia Film Distribution Company
1931,Filmové Studio Barrandov
4269,Nuova Dania Cinematografica
64393,JA Digital
5705,CinemaNX
86331,Grasswood Media
4719,Sotsu Agency
31726,Full Moon Studios
48126,Film Depot Pty. Ltd.
21569,Content Media Corp.
34836,Rhino Entertainment
11273,Circle Films
10940,Mardi Gras Productions Inc.
36209,OddLot Entertainment
39647,Movie Partners
80578,Dan Lupovitz Productions
14092,Sol C. Siegel Productions
43244,Stemal Entertainment
44829,Bespoke Productions
2092,Mike Zoss Productions
207,Agat Films
1426,Towers of London Productions
80325,Glaz Entretenimento
4226,Atmo Media Network
3445,Kudos Productions Ltd.
27428,Spiritus Vult
13118,LC Barreto Productions
41571,Pendulum Productions
23705,Eastern Films
1017,Hairy Productions
11555,Cinesoul
14578,HitRecord Films
2735,Mid Atlantic Films
55537,Goëss Film
3481,Sai Enterprise
13649,Chockstone Pictures
10069,"Afrodita Audiovisual, A.I.E."
67719,Banco da Amazônia
12315,James Productions
38056,Amitabh Bachchan Corporation Limited
11521,Maximum Film International
78082,"Tarnished Angel, Inc"
73069,Filmivabrik
12432,Eesti Joonisfilm
86116,Undisputed Cinema
5253,NBC Productions
371,Cecchi Gori Group Tiger Cinematografica
13630,Darryl F. Zanuck Productions
27088,Caro-Line Production
11722,Hiroshima Telecasting (HTV)
30098,Les Films Paul Grimault
10427,Open Road Films
870,Tapestry Films
77286,Pont Neuf Productions
58079,Mont Blanc Entertainment GmbH
74118,Artna Films Ltd.
75017,LBI Productions
4409,Anxiety Island Entertainment
54840,Gibraltar Films
1880,Zentropa Productions
86423,Windsor Media
2464,Parnasse Production
2454,Goldsmith-Thomas Productions
23716,Harbor Picture Company
31588,Cinegate
54850,Bulletproof Cupid
6535,Narrow Bridge Films
20420,Biscottificio Verona
51354,Mushi
19182,Hawthorne Productions
84668,Rastar/Leider-Shapiro
49928,Putrefactory Limited
21706,FokusFilm
87980,Holiday Cinematografica
1274,Clinica Estetico
41642,KNM Home Entertainment GmbH
53283,Intertainment AG
7784,The Harvey Boys
27721,Bandai Channel
7683,GTH
21468,1818
52775,Cineropa-Film
4282,Nexus 6 Films
13614,Murray-Wood Productions
94766,Shok Films Argentina
19651,Blue Sky Films
23641,Dan Garcia Productions
77787,Jolyon Symonds Productions Ltd.
80481,Made in Munich Filmproduktion
44603,Kisi Production
25619,Gala Film Distribution
42681,Exxodus Pictures
18617,Energy Entertainment
45861,Unit Ten Productions
2585,ICE3
23555,Indigo Pictures
24728,North CKY
7671,Amblin Television
94042,Skyline Productions
62774,Seoul Films
5236,Mars Film Corporation
73273,Alexis Films
83638,Tramal Films
35142,CMN Investment
35711,HFD Productions
58749,Pyramide Productions
11912,Mikado Film
24421,Omni Films
66350,Wellfleet Phantasy Productions
21357,Lion Share
49691,Alert Film
6757,Frame Of Mind Entertainment
7218,platinum studios
26267,Bent Christensen Filmproduktion
83744,Camp Grey
12250,Scott Hamilton Public Relations
8953,Miroir Magique
51979,Reality Pictures
2,Walt Disney Pictures
10911,Lester Film
714,3L Filmverleih
639,DR TV
2221,Erfttal Film
12653,Pikachu Project
37051,cine-partners
79894,Integrated Films
18054,Continental Motion Pictures
6863,Affinity Entertainment
11996,Andreevsky Flag Film Company
95163,Behnegar
35673,Sveriges Radio
1164,City Heat Productions
13808,Grand Army Entertainment
10000,Compagnia Cinematografica Champion
7651,Compass Productions
2499,The Kushner-Locke Company
45300,Moviecorp VI
10278,MGM/UA Television
35831,Shaboo Arts
4749,Kadokawa Haruki Jimusho
72951,Woodshed Films Inc.
25072,Mount Olympus Productions
13985,Lurco Films
53061,Jessie Nelson Productions
575,Bergen Film
21682,Fake Mustache Studios
18065,20th Century Fox Russia
74215,Le Musée d'Orsay
37010,Triton Film Group
19909,Westward Productions
21075,Sinkhole Productions Inc.
5635,China Film Group
57495,Spotted Cow Productions
10348,Republic Pictures (II)
3624,True Story Production
28223,Filmska Radna Zajednica
94941,Sinomovie
77501,Mirovision Inc.
45215,Onceonce Films
49124,Metronome Studios AB
22062,Yellow Brick Films
30023,Court Five
5494,Zero Sum Productions
8211,Vivendi
15189,Chai Productions
28598,Zodiak
15092,Les Films à Un Dollar
30388,Attica Art Productions
16305,Premier Productions
9974,Instituto de la Cinematografía y de las Artes Audiovisuales (ICAA)
291,Perdido Prod.
70659,Davis Equities Corporation Investment Partnerships
10143,Productora Ocio
24242,YBW-Group
25994,Spinning Owls Productions
53672,Green/Renzi
6076,Finish Films
27124,Pierre Grise Productions
86834,Rocking Films
93638,2 Smooth Film Productions
15495,Revolt Films
928,Catalyst Films International
28476,Studio Images 7
13751,Los Altos Productions
37780,Amanecer Films
60077,Dermet
6365,Jack Giarraputo Productions
10228,Toonacious Family Entertainment
6320,Hwy61
32997,Monica Corp.
84888,Gakken Co. Ltd.
5775,Federiz
80261,Leone Film (Roma)
24385,Harris / Fox Production
14684,Neunte Babelsberg Film
14962,Italia Film
59196,Duck Farm Films
10339,WWE Studios
39401,"Fever Lake, L.L.C."
17606,Sam
7032,GBA
10886,16 Block Productions
75190,ALEF Film & Media Group
5404,Norsk Rikskringkasting (NRK)
4907,Saigon1515 Productions
19116,IMF Internationale Medien und Film GmbH & Co. 3. Produktions KG
14284,Bae Yong-kyun Productions
2734,Paragon Films Ltd
66961,Bonneville Producers Group
8085,Picture Machine
5687,Beijing EE-Media Co.
31833,Valentina Films
11585,Harold Hecht Productions
19904,Kenio Films
71249,Cinema and Theatre Seating Limited
7787,Snowfort Pictures
51848,Entertainment One Television
3047,Dead Gentlemen Productions
12682,UBU Film
94914,Water in Tree Pictures
14970,Kick Ass Pictures
16854,Orion Films
75411,BKM
76100,Wildkite
704,Initial Entertainment Group
981,Televisión Española
14897,Melvin Frank Production
11570,Foundry Films
53339,Amer
20390,Comune di Castellabate
23034,El Dorado Pictures
11078,Cineric
17824,Larry Franco Productions
916,The Charlie Mopic Company
9137,Moonlighting Films
94813,United Welco
24075,Pierre David
94411,Vonnie Von Helmolt Film
1870,Alhena Films
7788,Gunny Entertainment
93143,Societa Investimenti Milanese (S.I.M.)
78093,Paradox Film 3
33838,Shaderville
66038,Mint AB
34449,Chemin Vert
55643,Saga Productions Inc.
25224,Les Aventuriers de l'Image
7472,Radiotelevisione Italiana (RAI)
38735,Starr
49153,Remark Films
1821,Opera Film
17636,Studio 24
13148,Silver Lining Film Group
94028,Howard R. Schuster
46507,Peach Trees
8006,Chez Wam
21632,Mediaset España
59341,Silver Sphere Corporation
20777,British Screen Productions
85804,Cantinflas Films
16558,Stoney Lake Entertainment
4434,Green Moon Productions
10848,Katonah Pictures
1423,Escape Artists
44517,Power
17620,Svenska Biografteatern AB
2265,Shangri-La Entertainment
4947,Picture Music International
59568,Perspective Productions
164,Rhombus Media
68380,Den Danske Filmskole
7083,KAFA Films
93204,Bonfilm
14737,Grey Water Park Productions
1467,Metro-Goldwyn Pictures Corporation
93240,Tietê Produções Cinematográficas
47169,Le Grisbi Productions
89156,Sardinian Film Commission
33467,Cinema Seven Film
24459,Fabula
19791,Staralis Film Company
4154,Colombia Pictures
62284,Scissors Stone Productions Ltd.
66465,Lone Star Productions
30300,Tiggy Films
36604,Studio Entertainment
83024,Levantine Films
38069,Legion Entertainment
84721,2D Celluloid
76467,GAME FREAK
8078,El Terrat
35216,Monte dei Paschi di Siena
84957,Triple Peak Productions
46160,Mustard & Co
5260,Puja Entertainment (India)
33818,Prometheus Enterprises Inc.
80275,Avila Entertainment
81886,Gorad
38017,End Productions
84848,Yes Productions
40892,Boneyard Entertainment China
89638,Marine 2 Productions
78691,Kross Pictures
85680,Rioma Films
47822,Esse Ci Cinematografica
10817,Giraff Film AB
73524,Bedard/Lalonde Amusements
10472,Cruella Productions
39004,Subotica Entertainment
24416,Fact Not Fiction Films
8793,Lawrence Turman
26783,Taeoo Entertainment
27929,Broadway Pictures
38175,ZBROS
3840,Numb Gums Production Inc.
972,Current Entertainment
56518,Butterfly Valley N.Y.
10421,Innocent Pictures
22875,Denjin Zaborger Film Partners
10287,Barbara Lieberman Productions
62337,Camp Kellner Media
4456,Ruff Nation Films
90980,China Film (Shanghai) International Media Co.
20154,Mad Hatter Entertainment
15605,Quartet
16337,Cannon Pictures
3681,Gorky Film Studio
72049,Wladyslaw Starewicz Production
7064,Cinemasia
35713,Left/Right
27693,Ciné France
10047,CCFBR Produções
79219,Creative Films Siam Ltd.
21723,Tin House Productions
4358,Brandes Films International
26711,Bethesda Films
29481,Gemini-American Productions
10670,Supernova Group
2552,Studio Filmowe Perspektywa
50989,R.O.C.
3852,MCA/Universal Pictures
4807,Cinevisión
327,Columbia TriStar Nordisk Film Distributors A/S
3615,BIG Pictures
69348,B and G Derivatives Holdings
58443,B-Tween
19944,"Carousel Picture Company, The"
7574,Karedas
3578,UGC Distribution
15123,Breakheart Films
1391,Anglia Television
73661,JO Entertainment
322,Sigma Films Ltd.
51525,Saeculum Productions
77110,Sree Gokulam Movies
27717,Ahiru to Kamo no Koin rokkâ Seisaku Iinkai
268,FilmFernsehFonds Bayern
70579,Artomas Communications
79986,Pure Flix Productions
95296,Three Wolves Productions
67,Unitec Films
51696,CG Cinéma
7910,Yunnan Film Group
15673,World Amusement Partnership #106
14048,Geoffrey-Kate Productions
3606,Telecom Entertainment Inc.
33596,FND Films
87850,MFF (Sound of Thunder)
5528,Ang Lee Productions
95445,Taïga
23335,Lucent Pictures Entertainment
16354,Wolper Pictures
60755,Karmic Productions
11662,Handmade International
41517,Crab Apple Films
86264,National Audiovisual Institute
4452,Amicus Entertainment
34758,Viceroy Films Ltd.
54184,Société Française de Cinématographie (SFC)
15352,Full Moon Features
24350,Mano Films
88564,Water's End Productions
23701,Starstream Entertainment
56696,Parkside Pictures
16218,Domino productions
513,Cosmo-Films
6824,Village Roadshow
23638,Les Films Esplanade
8004,Cinema Three
52242,Mandalay Sports Media (MSM)
39043,Traveling Picture Show Company (TPSC)
32598,Tango Films
42421,Rocklin / Faust
988,Kojo Pictures
80492,Vijayam Cine Combines
16880,Shine Pictures
19654,Foggy Bottom Pictures
47184,Universidad Nacional de Colombia
69142,Manhattan Productions
3786,Baweja Movies
1085,FilmInterest
69888,The Jozak Company
22715,Quaras
5344,MD Pictures
19175,greenskyFILMS
72598,Ministère des Affaires étrangères et du Développement International
6639,Televisión Española (TVE)
16397,E4 Entertainments
55424,Irish Film Industry
15848,Grenadier Films
69620,JWright Productions
15265,Anabel Films S.A.
6555,Polish Film Institute
18338,The Lankershim Company
15338,Cinemarque Entertainment BV
75875,Allegra Pictures
22049,"Fay, Richwite"
53870,Family Films
29021,RFF International
14794,Südwestfunk (SWF)
7450,KPI Productions
73552,Jour2Fête
10273,Filmfonds Wien
31084,Th. Damaskinos & V. Michaelides
37455,Legend3D
91935,Hot Donut Productions
67264,SK Enlightenment
8588,Nightstar Productions
23336,Korsa Film
42466,Steelyard Pictures
51860,AI-Film
566,National Film & Video Foundation of South Africa
6519,Agat Films & Cie
11260,Babylon Films Limited
63967,Fairplay Pictures
10617,Bosna Film
8185,Submarine Entertainment Distributors
38395,ARM Entertainment
72690,Charlie Productions
19059,Royal Air Force Film Production Unit
19342,Parallel Entertainment
20111,Olfactory Productions
75978,Spread Entertainment
54778,Viacom18 Motion Pictures
8628,Vale Film Productions
51929,Nvizible
51316,Hypnopolis
16479,Potemkin Productions
15197,Loin Derrière L'Oural
771,Mandate Pictures
20740,Merchant Ivory Productions
57628,Babcock & Brown
1519,A&B Producoes
8389,Slow Learner
44113,Beta Cinema
11301,Max TV
85732,Devil's Harvest Production
20024,Polygon Pictures
3263,Odd Lot Entertainment
73137,Luso-France
8432,Picturemedia
11635,"Movie Network, The (TMN)"
62281,Diroriro
38018,Veit Helmer Filmproduktion
71887,Heretical Reason Productions
40071,Lorrimer Films
47124,Blum Hanson Allen Films
22527,Inter Planetary
68260,Tapped Pictures
68261,Meems
13485,Compagnie Cinématographique Européenne
10663,Flashback Entertainment
20559,Moonbot Studios
27208,Polyface Entertainment
363,Excelsior Films
45750,BOND360
16864,Dribbling Pictures
18144,Vertebra Films
16798,Discovery Productions
7131,France Television
27259,Hill's Production Services
86566,Village Roadshow Films North America
16278,Fusion Films
57028,MJ Films
79858,Special Affects films
4750,Three Michaels Film Productions
92607,Czech TV Brno
19249,Class of 85
25762,Selta Films
393,MACT Productions
6242,Barrandov Studios
4237,Magnum Motion Pictures Inc..
29072,Cineventa
61374,Management Production Entertainment (MPE)
29849,Showtime/The Movie Channel
64359,Zeta Zinema
26593,Metaluna Productions
44522,Producciones Enríquez S.A.
9206,Zero Fiction Film
69462,Centrul National al Cinematografiei (CNC)
16645,Santa Fe Institute for Regional Education
23916,A Don Boyd Production
18362,David Blair Productions
14346,Japan Video Distribution (JVD) Co. Ltd.
4061,Evolution Pictures
12235,IFP Westcoast Erste
86002,El Calvo Films
21937,Eigerwand Pictures
65938,Blue Creek Pictures
46012,Zeitman-Landers-Roberts Productions
13300,Stage III Productions
11593,Deliverance Productions
73571,Victor & Edward Halperin Productions
21347,Peter Shaw Productions
58224,ITI Film Studio
10346,Bullet Films
10382,Swan Song
90751,Everything Is Everything
617,Brooksfilms Ltd.
5556,Universal Animation Studios
74856,Lithuanian Film Center
17097,Four Leaf Productions
43910,South Side Amusement Company
20562,Mercury Film International
3670,KLM Royal Dutch Airlines
22494,Club Investissement Média
61375,Mangrove Media
18610,Southern Fried Films
1500,"Copercines, Cooperativa Cinematográfica"
12421,Northern
25080,AFS Film
84105,Vanguardia Films
3536,Beam Entertainment
76574,Wondros
80523,Mauser Productions
28163,Automatik Entertainment
16836,Venus Productions
127,"Screen Gems, Inc."
5614,Envision Films
6758,Graviton Entertainment
59214,Down Here Productions
61371,Mirror Cube Films
32301,Causeway Films
21865,Nightshade Productions
1124,P.A.C.
73091,YouTube Red
21649,Sky Cinema
6861,Lolafilms
9155,Tokyo Movie Shinsha (TMS)
12539,GNDHDDT
70410,MVA-1
2602,Two Oceans Production
88608,SITE Productions
19639,Film House Germany
50147,Roberi Media
7440,Full on Service
84091,Jugular
82844,Richard A. Rowland Productions
19223,Escotilla Films
87665,Gaytown Pictures
25566,Seabourne Pictures
27460,Petri Entertainment
30600,Agile fims
55629,RGM Entertainment
50835,DMS Films
37065,Bojon Films Company Ltd.
16946,Weinstock Productions
8707,MFG Filmförderung Baden-Württemberg
18121,Clownfish Productions
37509,Luminair Film Productions
4076,Associated Dragon
48812,Scandica Film
93591,Mirco & Slavco - First Partizan Production
9037,Yari Film Group Releasing
21728,Hyôgen-sha
20375,Hammerhead Productions
76875,Top Cut
7184,3B Productions
290,Ingenious Media
2843,Spinster
87067,Taylor & Dodge
510,Lunaris Film
90187,Artear
13537,Geißendörfer Film- und Fernsehproduktion (GFF)
13158,Punch 21 Productions
13678,Vishal Bhardwaj Pictures
32393,KBS Films
2203,Onyx Films
16933,Savage Cinema
12601,FM Productions
6300,Septembre Productions
7439,Full On Service
74199,Electric Rainbow
1557,The Mark Gordon Company
7801,Herold and Family
87810,Amber Entertainment / Drive Thru Pictures
41425,Precept Productions
28811,Aquafilms
10154,Cartier Productions
1377,Ízaro Films
336,Wiedemann & Berg Filmproduktion
35999,Zard Productions
14600,Career & Bridge
63642,Inaudible Films
60360,FallsApart Productions
52691,Godwin-Willis
1754,Tekli British Productions
78049,Allied Entertainments Group PLC
3412,Line by Line Productions
34396,Giant Pictures
34000,Domino Films
28761,Pfilmco
10171,PVM Entertainment
59955,Burro Productions
80514,Friday Filmworks
36389,Orbis Film
19161,Films Albatros
45531,SBS TV
25147,MTL Maxfilm
8683,Cinemate
33792,Primo Filmes
90093,Winslow Partners Ltd.
8371,Sudestada Cine
6747,Essential Media & Entertainment
55395,Poncher-Rosen-Beckman Productions
83765,Origin Films
4570,4Kids Entertainment
52620,Aconit Pictures
600,Mehboob Productions
33352,Trio Film
13436,Global Empire Studios
63505,Bauman Entertainment
29177,Beyond C.
4809,Dister Group
79028,X3 Canada Productions
1960,Prana-Film GmbH
23893,Film Office
12795,Sofracima
66897,International Pictures Two
21118,Shelburne Associates
36237,Screencraft Productions
2954,Sky TV
51763,Living Pictures
122,Coop 99
3009,MacGowan Films
77451,Samba P.C.
3221,Sveriges Television (SVT)
83357,Deathbeast Productions
3797,Apple Corps
14253,Valve
1879,White Mountain Films
30883,Cavídeo Produções
17685,Sky Movies
58837,Lorette Production
27564,Instituto de la Cinematografía y de las Artes Audiovisuales (ICAA)
458,Douglas/Reuther Productions
3728,Mangusta Productions
24845,Topkapi Films
12874,Pranakorn Films
9023,Pro 7
7796,United Filmmakers Organization (UFO)
40788,Wiedemann & Berg Television
3861,Paramount Film Service
6181,Svensk Filmindustri (SF)
54803,7Heaven Productions
89989,Del Rey Films
21566,Rodent Films
47680,Bseenmedia
7692,World 2000 Entertainment
14534,Stromboli Films
13755,Gross-Krasne Productions
51022,CALUV Films
75521,Elatos
17731,Freestyle Picture Company
91522,Ed Ancoats Inc.
15844,Thomson Productions
21549,Notorious Films
12219,Cinereach
2227,True Grit Productions
14665,Sequoia Productions
67851,Lavorágine Films
43595,Black Wing Digital
7134,Metaphor Films
4149,Noise & Light
71497,DRAX audio
5858,Red Sparrow
21871,Park Films
3829,WarpX
15275,Fine Take Productions
83498,Code 39 Films
83696,CCTV
12242,Urania Film
90624,VER
11463,Edge City
12522,Mimi wo Sumaseba Production Committee
1479,teamWorx Produktion für Kino und Fernsehen GmbH
66161,Cine de Garage
14862,Washington Square Films
40383,Mont Blanc Pictures
23919,Sechzehnte Babelsberg Film
14275,Raymond Productions
32784,Contrast Film
86117,Producciones Isla S.A.
15835,Chill
5886,Liberty Artists
6428,Loma Vista Productions
65383,Equity Pictures Medienfonds GmbH & Co. KG
10437,Lisa-Film
82345,Panama Grand Prix
92312,Jack Wiener Production
45984,Smoking Gun Pictures
14271,Les Films du Requin
21684,LOLflix
5220,Pasidg Productions Inc.
83090,Raffy Manoukian Charity
23949,RAW
21763,Coldwood Productions
63640,Edmondo Amati presents
74188,8750 Films
38957,4 1/2 Film
20240,MNP Entreprise
17835,Vagabondages Co.
75523,Vituhmin Productions
13673,Blue + Green Communication
8452,Metro Filmes
2394,Artina Films
39778,Bearfruit Films
93115,Bejing New Picture Distribution Company
25884,Raven Banner Entertainment
21627,Film London
7219,Long Distance Films
85212,SeriousFilm
6339,Solar Films inc.
15463,Emergency Films
3134,A Private View
8928,fiftyfilms
35439,"Samico Films Production Co., Ltd."
20288,IP-Verity
16805,Universal Home Entertainment Productions
795,Vans Off the Wall
417,Australian Film Commission
4118,Television Production Company (TPC)
62765,Fries Film Company
73507,U-Film Malta
65906,End Cue
364,The Rank Organisation
36893,Civite Casa Films
93200,Zola Filmes
39803,Grasshoppa
11992,Surreel
17518,Auto Images
84637,PIC Agency
34887,Amok II Productions
89613,Monami Agency
53027,Roadshow Attractions
7715,Pandora
6180,Filmteknik
15707,Fetch Boy Films Ltd.
49868,Second Slate Films
21830,MTV Produktion
79792,Misty Mountains
2948,Showtime Australia
73741,La Caméra Deluxe
2906,Anarchist's Convention Films
87928,Tarwathie Films
48117,Globomedia / Antena 3 Films / Cangrejo Films
60714,Mili Pictures
13759,Univista Productions
63364,Inicia Films
89405,Ace Editing
90714,Münchhausen Productions
10222,Reserve Room
1618,Komplizen Film
69128,Ezeqial Productions
26082,Dead Crow Productions
86273,Rappaport Productions
94829,Gesellschaft für bildende Filme
17544,Drakfilm Produktion
10694,MetraFilms
5061,Children's Television Workshop
63074,Moon Productions
18091,Jayne Productions Inc
15302,Santa Cruz Productions Inc.
3851,No Frills Film Production
93116,Film Productions Asia
21848,Knock Films A.V.V.
10500,Rovi
74897,Editorial Capayán
1706,Seven Pictures Film
41359,M7 Filmproduktion
2635,Crescent City Pictures
23682,FilmCamp
63634,KZ Productions
35781,Cinexus Capital Corporation
17587,Lasse Forsberg Produktion AB
55269,ScreenProjex
18698,Festina Lente Productions
50499,B Story
48941,Paradine Co-Productions
8690,Rollercoaster Entertainment
7678,Astrid Lindgrens Värld
4232,menuet
172,NPV Entertainment
91542,Aver Media
14692,Intervenciones Novo Film 2006 Aie
38178,Newcomm
12194,Zucker/Netter Productions
49628,Third Floor Productions
90636,Nextainment Pictures (Wuxi)
2507,"Todman, Simon, LeMasters Productions"
67805,Vilm Production
15380,Proudweeks
4690,Anime International Company
78161,K2 Films
34197,Rover Film
27128,The Bubble Factory
46695,Artists Independent Network
25320,Content International
13041,Makuhari Media
4178,Famous Studios
65546,Sinister Siblings Films
30931,Gray-Film
22153,Trademark Films
16079,Star Media
91797,Hutch Parker Entertainment
6392,Alexandra Film
22706,Vision Entertainment Group
83494,Ste. Me. Production du Senegal
80699,Firm Studio
2940,Condemned Productions
72638,Agora Films S.A.
18758,Edison Manufacturing Company
75330,INTERFILM
7038,Quad Productions
304,Artcam y Fonds Sud Cinéma
11921,Le Tax Shelter du Gouvernement Fédéral de Belgique
5581,4 Film
1445,Golan-Globus
7324,Underground Films\
41735,Buffalo 8 Productions
2342,Cino del Duca
1704,Bavaria Film
65300,Fraiha Produções
22529,New Town Films Pty. Ltd.
21792,Sunset Pictures
84943,Robert P. Marcucci Productions
60546,RCS
69701,India Talkies
75486,Selim Picture Associates
89704,Piller2
3112,Rodeo Drive
8380,PFH Entertainment
4157,Arcturus Motion Pictures
38995,Beijing Starlit Movie and TV Culture
4950,Antares Produzione Cinematografica
1686,Indelible Pictures
25034,Wonderful Works
18844,Indusfilms
53043,Brown Sauce Film Productions
5045,TBN Films
88,Hawk Films
37304,Supino Pictures
65429,Pecado Films
55969,OneBigAgency
3055,Paragon Films Ltd.
15048,Riviera Films
34951,Stardust Pictures
64,Les Productions Artistes Associés
52715,Actionhouse
46048,D&R
51560,Waterhorse Productions
40798,Post Empire Films
3550,Electronic Arts (EA)
5770,IMS 3 LLP
44612,Cinégraphic
13367,CDI
54301,Canned Pictures Inc
424,Babelsberg Film GmbH
2165,Balcor Film Investors
21995,Fonds Regio Films
10399,Cinetel Films
20389,Campania Film Commission
13371,Ginso Investment Corp
40789,ONO
20068,Hideaway Pictures
13507,Pie Films Inc.
53504,Nihon Ad Systems
12112,Figaro
8691,Vortex Words Pictures
20759,Purple Cow Studio
21518,Simon Fields Productions
72811,Music Box Films
15194,Pantaleon Films
45864,Matchbox Pictures Inc.
87851,Matrix Film Finance
743,Europa Corp.
56290,Persistence of Vision Productions
53221,Filmorsa
12885,Reality Entertainment (RE)
89895,Limbo Productions
58324,Hoytyboy Pictures
33836,Steeltown Entertainment
80770,swan films
11165,Deep Blue Pictures
7375,Dark Lot Entertainment
21503,Project Eva
20269,Pilot Season Productions
28607,Cameroons Development
81903,Mirage Atlantic
11618,Producciones Cinematográficas Cine XX
11920,Région Wallone
42209,Peter Frankfurt Productions
57409,22 & Indiana Pictures
7962,Gutenberghus
21702,Film Master
13757,Cinemagic Inc.
74592,Novosad
28336,Bande a Part Films
10690,Executive Cine TV
12966,Perdido Productions
33781,Black Lion Films
14513,Cinema Organization
73008,Mediabrigade
40423,Sunday Productions
53060,David Dobkin Productions
44323,Mr. X
17260,Theatre Junkies
2835,Jafar Panahi Film Productions
50630,La Classe Américaine
7673,Hérodiade
26084,Caro-McLeod
13313,Go Films
25575,Iron Bull Films
59305,Evershine Release
21258,North American Pictures
73218,Palm Beach Pictures
28699,Cinemaundici
11636,Braindogs Entertainment
3662,How To Be Films
636,Babbo Inc.
29011,Goldport Productions
23516,Rich Vein Productions
49204,Cinematic
6280,Producciones
6425,The Hallmark Channel
52514,Worrell
26444,Ministry of Education and Culture
16046,Associated Talking Pictures (ATP)
8486,Sanrio Communications
90557,DoubleSee Productions
76207,Cappricielli
73526,TruthWillOut Films
64233,Spheeris Films Inc.
7931,FilmTeknik
4939,Rodiacines
33227,Winger
59005,John Schneider's Fairlight Films
59484,Chaillot Films
32665,Nightwatch Films
40336,Chinese Bookie Pictures
8056,Eclectic pictures
5885,5 States
24048,Prototype
73400,Aloris Entertainment
19045,Picnic Basket
79324,No Remake Pictures
84838,Joyoung Films
84397,Hong Kong Pineast Pictures
87826,Sawhorse Productions
20303,Suplex
3714,Here Films
992,ApolloProScreen
86833,Dana Lustig Productions
23954,Leomax Productions
78321,Playcraft Film Unit
8617,Elite Films
82027,Umbria Film
64042,G.V. Cinematografica
34260,Benteveo Producciones
51207,Sullivan Street Productions
1340,New Star Entertainment
25679,Independent Pictures
20518,Warnr Bros.
54734,Lightcraft
33398,First Floor Productions
30389,Intermédias
5841,Castleberg Productions
12422,Walker Films Limited
10773,Evil Media Empire
14477,EFLATUN FILM
3236,Bavaria Film and Television Fund
18826,Screen Enterprise
4227,Bulbul Films
24133,Night and Day Pictures
4555,Interstate 5 Productions
38736,Arena
46010,Ralph M. Like Productions
68562,Sofac
30226,European Co-production Fund
22351,The Canton Company
16553,Benagoss Productions
10347,Lakeview Productions
19788,Regal Films
54684,101st Street Films
61260,Les Films H. Roussillon
2793,Naya Films SA
85975,parallax projekt (innocence) ltd.
5609,3b productions
16204,Crown Film Unit
92838,Gloria Productions
79553,NFP media rights
11399,Первый Канал
86181,Raw Siena
34237,Mayfair Entertainment International
85768,Jackie Productions (II)
5362,Next Generation TV & Film
12399,Conseil Régional de Provence-Alpes Côte d'Azur
19570,Henry Halstead Productions
3046,Spacegate Productions
13884,Produzione Dario Sabatello
86782,Filmuniversität Babelsberg Konrad Wolf
60032,Listed Picture
49778,Moon Lake
67718,"ANCINE/Ministério da Cultura, Fundo Setorial do Audiovisual"
8182,Studio DEEN
67254,Kaap Holland Film
14594,Gávea Filmes
37897,Kino Link Company
8842,All Night Productions
13723,Bruce Brown Films
83868,Racova
44710,4k Films
53822,Lathe Productions
59387,Hengdian Chinese Film Production Co.
8556,Zentropa International
3169,Zide-Perry Productions
83194,GRAiNEY Pictures
5711,Joseph M. Schenck Production
10631,River One Films
15324,Primex Italiana
71751,J. Barry Kulick Production
19036,Ioiô Filmes
94362,Nu Image Bulgaria
5284,Omega Micott Inc.
3324,British Broadcasting Corporation (BBC)
23390,Moviehead Pictures
12913,Lafayette Films
24037,Tressock Films
87400,Zoo Creatives
11874,Sascha-Film
10298,Orange Dot Entertainment
29312,Sunday Night
602,DEFA
23525,Centre Street Productions
85770,Farmhouse Film & TV
2879,Exodus Film Group
73870,Celsius Entertainment
84281,Laffilmes
656,Metropolitan Filmexport
53493,Topps Chewing Gum
58227,Kinetikon Pictures
91380,Picture Securities
21041,Annuit Coeptis Entertainment Inc.
75615,"Fonds d'Action de la Sacem, Le"
2232,Cherry Alley Productions
83224,SOC Films
64860,Grand Bay Films International Pty.
28707,McLaughlin Films
5367,Gaylord Films
2615,Diablo Films
73494,Myriapod Productions
41050,Compagnie Est-Ouest
3315,Origen Producciones Cinematograficas S.A.
32545,Twenty Twenty Vision Filmproduktion GmbH
86852,Cave Painting Pictures
19260,Klein Lewis Productions
15674,Hickmar Productions
1121,Price
94976,Human Film
31793,Paris Hilton Entertainment
17951,Paragon Arts International
12124,J.K. Livin Productions
10792,Weintraub/Kuhn Productions
10168,Toronto Film Studios
46235,Caboose Productions
75348,Nunez-Gowan
75866,S.E.C.A.
7800,Compagnie Commerciale Française Cinématographique (CCFC)
21859,Varius Entertainment Trading A.G.
20976,Such Good Productions
43789,Grupo Ukamau
22275,S.N.E. Gaumont
2991,TGL Inc.
19982,Grand Pictures
22797,Konami Digital Entertainment
3123,Freshwater Films
3604,Grindstone Entertainment Group
2206,Polar Films
68340,ABC Pictures International
4514,Romax Productions
30816,O' Groove
62009,Viennale
8268,Seven Arts
22358,Les Films Gibé
34756,Brent Walker Pictures
35561,Vintage Pictures
10492,WNET Channel 13 New York
11067,Lionceau Films
4377,Associated General Films
645,"Imar Film Co., Ltd."
69240,Soon Lee Films
35180,Stubborn Heart Films
86256,Reiner / Greisman Productions
11913,Telepiù
33263,M-80 Films
4463,Talent House
6727,Palace Films
3323,Land Films Inc.
11489,HBO/Cinemax Documentary
30667,Tipping Point Productions
39443,Jolie Pas
70937,Wardour Media Group
13946,Charlemagne Productions
52241,AdScott Pictures
79545,Conduit
90896,The Body
4240,Edgar J. Scherick Associates
20396,Kernos Filmproduktionsgesellschaft & Company
3089,Paper Clip Productions
42139,Pacific West Entertainment Group
4624,Immortal Thoughts
3918,The Goatsingers
7399,Sodaperaga Productions
43456,CTM LEV Pictures
49055,WSB
47451,La Ducha Fria Producciones
38348,III Lions
1064,Herold Productions
38982,Tantallon
23596,Paul Schiff Productions
89545,SquareOne Entertainment
14760,Drop of Water Productions
80889,Fouad Nahas
72694,MC Producciones
19509,Mindhunters Productie BV
46760,Stadenn Productions
16011,La Casa de Cine
53785,Brooks Ltd.
4273,Four Act Films
40301,Pebblehut Productions
29406,Roxanne Company
21445,The Icelandic Filmcompany
474,Yanco
95253,Digimage
388,Horizon Pictures
88024,Motion 58 Entertainment
8933,Sweetpea Entertainment
7446,Svenska Filminstitutet (SFI)
25515,Compagnie Generale d'Images
179,The Magnolia Project
11811,Dentsu Tec
82674,Post Haste Digital
1436,Ugly Duckling Films
68431,Capital
16151,Starkid Productions
73860,Okocimskie Zaklady Piwowarskie S.A.
21838,Distant Corners Entertainment Group Inc.
29266,Pensa & Rocca Producciones
18385,Kinoglaz
12440,Bernard Smith Productions
35482,Desert Productions
14512,L.O.P.
2124,Melvin Simon Productions
7640,Cité-Amérique
80062,More Films
14571,Balboa Productions
8858,NetFlix
21248,Goldkind Filmproduktion
5280,Oak Pictures
1565,Avery Pix
75862,The Mingei Theatre Company
48176,Roswell Films
19718,Battlefield Productions
8583,Minds Eye Entertainment
1943,Films Pacifica Inc.
46261,Faro Film
55973,KF Praha – Studio kresleného a loutkového filmu
60981,Perlberg-Seaton Productions
5316,Fanfare Films
6996,Apostle
79623,2 Die 4 Films
7416,Film & Entertainment VIP Medienfonds 4 GmbH & Co. KG (I)
93633,Mike Tollin Productions
898,Lorimar Productions
10884,The Department of Trade and Industry of South Africa
23915,R.V.P. Productions
67781,Zupnik Cinema Group II
11133,Animal Film LLC
45431,Hidden Empire Film
9182,Sozosha
78482,Ruby Film and Television
52885,La Mirada Oblicua
16014,F.O.D. Productions
8935,Zinc Entertainment Inc.
45988,Helma Sanders-Brahms Filmproduktion
46026,Easy Tiger
52138,Coproducción USA-Islandia
6003,Box Productions
1052,Darkfibre Entertainment Ltd.
76642,Primeridian Entertainment
31343,Producciones Prisma
39699,Bharath Pictures
3854,Universal Family and Home Entertainment
15292,Quintet Productions
7825,Les Films en Hiver
1542,Como Film
23724,Instituto Português de Cinema (IPC)
574,Lightstorm Entertainment
52015,Echo Productions
2139,Kulture Machine
58219,From Out of Nowhere Productions
21726,Fuel Entertainment
22240,Initial Groupe
5767,Cine Ojo
11651,Rodar y Rodar Cine y Televisión
5401,Wasted Pictures
41536,Tesela P.C.
7611,Bridge Entertainment Group
69093,Splendida
67116,Clownery Productions
37672,Harris-Woods Productions
2274,Element Films
6736,Imagenation Abu Dhabi FZ
21379,Duo Art Productions
14686,Vista
26457,Compagnie Française Cinématographique (CFC)
14644,Aozora Investments
81801,BKP Film
29365,Ambrosino / Delmenico
58997,Lex Filmed Entertainment
80156,Filmquadrat
65517,La Chouve
36886,Credo Group Limited
18765,Mages
5170,Emergent Films Ltd.
4298,Remstar Productions
72988,Shumway Studios
20770,Filmicon
70746,Threshold Corporation
6164,Exeter Associates
79903,Ignite Channel
78265,Laylow Films
19730,Paul Hough Entertainment
30302,Cheri Productions
7907,Dingsheng Cultural Industry Investment
44600,Swedish Television
43386,Imagos Films
75079,Sokol Kollár (koprodukcja)
64195,National Black Programming Consortium
79368,Ciné +
64709,Lisberger Studios
26043,Daiichi Eiga
21506,Sofica Investimage
52209,CFQ Films
76890,L&G Hungary
5542,Toei Animation
6478,EU Media Plus Polska
62702,Whyaduck Productions
46667,American Twist
10882,Francinex
24513,Pimienta
10023,Dezenove Som e Imagens Produções
10917,Jerry Wald Productions
17056,Vindicated Pictures
40759,Filmline International
8869,The Last Picture Company
4108,Rich Animation Studios
1755,Allied Filmmakers
37046,Georges Méliès
21048,Cinak Compagnie Cinématographique
2931,Tube Entertainment
45548,Ravens Nest Entertainment
3691,Encanto Enterprises
670,Walt Disney Television
15566,Heat GBR
3318,Xingu Films
22366,Natexis Banques Populaires Images 2
2241,Vendex
7361,Chop Shop Entertainment
80293,Blackmrkt
16947,KODA Entertainment
13240,Bron Studios
52845,Foqus Arte Digital
53445,Big Stone Pictures
21143,Lolita Productions
968,B.O.B. and Partners
247,Granada Film Productions
39022,O'Hara-Horowitz Productions
49619,Estrella Productions
89159,Traziende Producciones / TRZ
7730,Scotia International
15710,Best Medicine Productions
37673,Alianza Cinematográfica Española
4997,Dimension Pictures
36904,Patricia Clifford Productions
12608,Hybrid Productions Inc.
8232,Angelus Productions
38619,Galaxy Productions
49867,Gettin It The Movie LLC
79546,Circle 18
7312,Carousel Productions (II)
37354,Mojame S.A.
15319,Trans America Films
1342,Société des Etablissements L. Gaumont
31077,MTV Italia
10706,Unitel Classics
76733,M.F.P.
16630,BBC Four
87978,a la carte entertainment
79533,Bad Clams Productions
23447,Studio Images 5
25845,Exposure
88099,Casa Kafka Pictures Movie Tax Shelter Empowered by Belfius
34705,Super Cassettes Industries Limited (T-Series)
80815,iQIYI Motion Pictures
4897,Code Productions
9964,Illusion Studios
13160,Severe Features
26854,Spellbound Films
78578,Monterey Media
21805,Bandidos Films
6877,Grive Productions
2000,New Horizons
84993,Septième Production
35447,Green Tulip Productions
2564,Ciné@
37006,One Chance Productions Inc.
2872,KGB Films
21338,Schesch Filmproduktion
17216,Imperial PolyFarm Productions
37015,Ben-Ami/Leeds Productions
71621,Republic of EPIC
6421,Disney
13682,Fulvia Film
18715,MPN Cologne Film 3
961,Roger Birnbaum Productions
78941,Arte / Cofinova 9
74000,Preta Portê Filmes
45852,Comedy Partners
55545,Have another Cherry
13586,Vertigo Films
2831,InVenture Entertainment
14833,Toiion
438,Mercury
14552,Al!ve AG
71947,Harrell
19320,Road Movies Filmproduktion
19148,A Lucky Old Sun Production
47330,Dot Dot Dot Productions
4311,Sri Surya Movies
74524,Dating Game Productions
25188,Rattlesnake Productions
73798,Ruut Pictures
33027,House of Spirits Film
91636,White Orchid Films
71818,Amka Films Productions
68231,Consórcio Paulista de Co-Produção
51566,KGB Media
18436,Russo Productions
9381,United States Navy
3521,First Independent Pictures
349,Cruise-Wagner Productions
3766,iDeal Partners Film Fund
51312,Animationwerks
80448,Together Films
71711,Terra Incognita Films
13400,Artcraft Pictures Corporation
73893,Cofimage 25
16528,Sumar Productions
22743,Seven Productions
12381,Visions Sud Est
9207,RaiTrade
23772,Curtis Productions
7148,Sara films
6659,Action Concept cinema & company
2076,Gloria-Film GmbH
26015,Santa Fe Productions
2712,Kali Films
10900,Cyrkfilms
58590,Hollywood Studios
4497,Janus Film und Fernsehen
32291,Six Island Productions
1315,Charles Chaplin Productions
17158,Nunsuch Pictures
11465,Noram Entertainment
41956,Two Arts Ltd.
33383,Jabfilm
21375,Quadrant Entertainment
20346,Région Bretagne
77970,OOO-Films
35317,Finola Dwyer Productions
19813,Flower Films (II)
10310,Dynamic
3247,Taking a Line for a Walk Productions
75458,SFP Cinema
15344,Cold Day Ltd.
47396,Mantle Clinic II
10473,National Film Board of Canada
1188,William Dozier Productions
13622,Producers-Actors Corporation
999,Belstar Productions
6423,Troma
90401,Berton Films
573,Blixa Film Productktion
22507,Extravaganza Entertainment
86901,Ingenious Senior Film Fund
87458,Salem Street Entertainment
52909,Bloodline Productions
89637,Potomac Pictures
53243,WeatherVane Productions
84883,Elokuvayhtiö Oy Aamu
3671,Michael Jaffe Films
90850,Nimbus iceland
11494,Curzon Film Distributors
11905,Digit Anima
2224,Plum Pictures
3431,Lifetime
15669,D.R. Comunicazioni di massa
13351,Melusine Productions
38797,Circle Productions Inc.
9350,Indian Paintbrush
5847,venezia 64
15847,MTM Enterprises
16849,Extreme Productions
1069,GFT Entertainment
6350,Toshiba Entertainment
11348,Motion Picture BETA Produktionsgesellschaft
17067,CineTel Pictures
36149,Långfilm Productions Finland Oy
60650,A-Film Distribution
24557,Tailor Made
1902,NBC Universal Television
2935,Odyssey Entertainmant
1468,Ferndale Films
3460,Blue Eyes Fiction
44532,WNET/Thriteen
91425,Sun-Telegram Pictures
11355,Jurow-Shepherd
5807,Visual Art's/Key
11225,DAP Italy
51570,KrautPack Entertainment
11665,SBK Pictures
71087,Films de l'Archer
2643,Maïa Films
93209,Superfilmes
21035,Susie Q Productions
3007,Bam-Ram-Ewe
94734,Blackfern
10288,Don Simpson/Jerry Bruckheimer Films
1547,Uranus Productions
63979,Media Nation
23246,RCS Video
8802,Longfellow Pictures
82222,RCI
94859,Milkwood
78752,North Hollywood Films
85850,Double Secret Productions
1692,Centurion Investment
75350,Back East Money
12363,Taihe Film Investment Co. Ltd.
11566,Dark Trick Films
1549,Opera Film Produzione
5553,Shadowlands Productions
73525,Space: The Imagination Station
2941,Sidestreet Entertainment
5650,Central Park Media
75163,Bungalow Town Productions
48566,National Science Foundation
12914,Nomad Films
20150,Variety Clubs International
43711,Dean Film
22650,Film Group
8918,Photoplay Productions
46104,Intrepid Films
25901,Cinescape Productions
52859,Production One
2888,SF Norge
38118,Cinemanovel Films
52921,Slotint
37870,Gold Lion Films
2839,El Camino Pictures
53477,Telefilm Canada - Equity Investment Program
65328,Religiosa Primitiva
56889,Tandem Enterprises Inc.
3067,Memorial Enterprises
50800,Pentagrama Films
6230,Cabal Film
15922,Pennebaker-Baroda Productions
2147,Echo Lake Productions
19660,Starlet HK International Media
78414,Swabie Production
4121,Giraldi-Suarez-DiGiaimo Productions
17073,Edward Janis
7899,Cartoon Network Studios
16887,Cinekap
44806,BizAsset
8145,Artists Public Domain
8386,Japan Sky Way
32474,Epidemic
757,Embassy Film Associates
85681,Distant Horizon
52255,SC International Pictures
44672,Picture Players Productions
14439,Arad Productions
60283,Take 3 Partnership
3762,Fireside Film
15558,Kennesset Productions
13286,Kamel Films
42044,Ministère de la Culture Française de Belgique
62730,Grovas-Oro Films
15700,Chickie The Cop Production
61366,Sofima
11496,Jalem Productions
87920,Sylabik Films
7588,World Wrestling Entertainment (WWE)
5725,One World Films
1205,Endgame Entertainment
77854,Eenie Ienie Over Productions
78505,Fonds Culturel de Suissimage
75952,Canadian Heritage
60282,Suomi-Filmi
420,Marvel Studios
20719,Manifest Film Company
45898,Sixth Street Films
95039,Unit 3 mm
76900,Reame Productions
6762,Decla-Bioscop AG
34145,Middle Child Productions
20803,Arca-Filmproduktion GmbH
15988,Première
13709,Albert Zugsmith Productions
234,CoBo Fund
59031,Minutehand Pictures
6658,Action Concept cinema
18742,ABC Entertainment
28670,Sofinergie 4
16286,2 Man Production
4629,Sequoia Pictures
78782,Direktsiya Kino
22411,Lambor Films
23502,Karbo Vantas Entertainment
22150,imX Communications
90634,Mango Entertainment
39527,Weiny Bro Prods.
82598,Shenghua Entertainment
10947,ARD Degeto Film
95648,Hannibal Films
77552,Curiosa Films
83644,Sneaky Shark
10497,Jaguar Films
14238,Cinemation Industries
44822,Bel Age Distribution
44280,Shadow Films
95337,New Pictures Group
23,Imagine Entertainment
4861,Curb Entertainment International
38205,4Cows
21544,Alce Producciones LTDA.
8276,Philippe Dussart
1556,20th Century Fox Television
1727,Movision
74884,Prime Focus Ltd.
80088,Carousel Films
5360,CR Enterprises
36847,Spargel Productions
4899,Allegro Films
12801,Sperl Productions
1816,Grandview Pictures
25669,ZAP Zoetrope Aubry Productions
23032,Bartlett Films
52117,Quizzical Pictures
77291,Carboandes
5081,Primex
8067,Patagonik Film Group (co-production)
38206,Cherub Films
12654,The Pokémon Company
6789,Mulmur Feed Company
10529,Notorious Pictures
73767,International Film Ventures
73371,Media
50242,Dark Portal LLC
20729,Candleridge Entertainment
7357,Jerkschool Productions
12426,Oleandor Productions
64232,Cinema Brasil Digitital
84799,MPA APSA Academy Film Fund
2572,Cobra Film
77920,Rebel Films
14712,Occupant Films
10768,Cinaps TV
16624,Film Regions International
50669,UK Gloucester Place Films
17806,LB Film & Video
20834,Berkeley Productions
59188,G4 Productions
37732,Wytwórnia Filmów Dokumentalnych i Fabularnych (WFDiF)
1660,Fígaro Films
88979,Cronomedia
7197,Rai Fiction
15462,Troika Pictures
87391,Alexandra
51190,Internationale Filmproduktion Blackswan
3167,World Film Services
3826,Graveyard Productions
73866,Penta Entertainment
9083,Staragara
15516,Épica Producciones
9076,Seed Productions
66479,Showtime Documentary Films
60064,Atenea Films
74857,Netherlands Fund for Film
65561,Forensic/291 Films
382,Newman-Foreman Productions
60748,Tulsea Pictures
6427,Pure Flix Entertainment
872,George Street Pictures
38215,Cannon Productions
5285,Greater China Media Entertainment
94935,Shin Kankaku-ha Eiga Renmei Productions
40996,CLT
12069,Girl & Chocolate Skateboards
45439,Ipotesi Cinema
15055,Big Easy Pictures
17405,Dreamland Studios
6183,AM/PM Entertainment
1994,Tri Pictures
79222,Kanoon Iran Novin
12611,Academy Pictures Corporation
34620,Four by Two Films
19535,Spectrum Cinema Productions
58108,Double R Films
5873,Spleis AS
89251,Whiskers Post Production
3787,Dolores Pictures S.L.
316,Wildwood Enterprises
2289,Abandon Pictures
7720,NAZZ Productions
62196,Worldwide Media Conspiracy
62015,Wanted Worldwide
30233,Cinémage
28334,MUVI Films
74197,Kettledrum Productions
15044,Poppoli Pictures
69756,Lightstream Entertainment
65621,YTV
13947,Benmar Productions
18189,Spelling Films International
80513,Orange Creations
25894,Studio 100
45963,Black & Blue Films
46339,Beagle Pug Films
3724,Bhandarkar Entertainment
20276,Tellux Film München
13190,Lemon Sky Productions
3563,Beat Pirate Films
29272,Jones Entertainment Group
27497,Star Thrower Entertainment
75037,Challenge Film Corporation
1586,Sascha-Verleih
86093,RE STUDIO Renata Czarnkowska-Listos
1830,Ross Hunter Productions Inc.
22954,Cabin Pictures
6741,New Romero
14925,Howard Productions
8844,Artista Management
22458,BoZ Productions
49199,K2K Pictures
11711,New Mexico Media Partners
15997,Mabel Normand Feature Film Company
12529,Film One Productions
32770,Bossa Nova Films
7494,Echo Lake Productions (I)
6552,Storm Studio
24687,Sancro International Film
35401,TV1000 AB
63596,Nutmeg Movies
3098,Sanford%2FPillsbury Productions
13131,American Mutoscope & Biograph
93217,Capri Produções
3344,Night Light Films
65191,Chhibber Mann Productions
3077,Melville Productions
20537,Jimmy Lee
18086,Jed Harris
22624,Iké Asistencia
59,A Band Apart
49777,John Heyman Productions
7084,Travieso Productions
80970,MXN Entertainment
19144,Rising Sun Films
16244,Chaos Theory Entertainment
100,Avon Production
18902,The Teen Angst Movie Company
64694,Atlantic Picture Company
3667,Sandrew Metronome Norge
6001,Twinkle Cash Company
26497,TsOKS
38128,Tasara Films
17652,Région Midi-Pyrénnées
14638,Forest Whitaker's Significant Productions
7843,4 1/2
5946,Film Partner International
18481,Nicolás Astiarraga P.C.
1583,RAI
69766,Element Twenty Two
87780,Mattel Creations
74472,Ball & Chain Productions
76954,CineCentrum Deutsche Gesellschaft für Film- und Fernsehproduktion GmbH
2447,Pictorion Pictures
68956,Bundesministerium des Inneren (BMI)
58951,Thomas Koerfer Film
13346,Fandor
5145,Creavidi
64913,Amboto Producciones Cinematográficas
15472,Entre Chien et Loup
26107,Networxx - Film Management
32311,Soular Entertainment
23012,Northwest Vision and Media
69581,Tremendum Pictures
14372,FN Crazy Film LLC
29749,Jesse L. Lasky Feature Play Company
28472,Gloria Swanson Pictures
7288,Battle Mountain Films
1490,Kintop Pictures
375,Heineken Branded Entertainment
10363,Albatros C.P.C.
803,Alliance Atlantis Communications
36029,MCG
915,Hollywood Pictures
80026,Wilmor Entertainment
5890,Black Monday Film Services
16340,Lee Mendelson Film Productions
24257,Amalgamated Film Enterprises
3249,Fritz Lang Productions
4024,Pacific Film and Television Commission
68466,Drishyam Films
8748,Authorized Pictures
64857,Caruso / Mendelsohn Productions
12556,Ripped Productions Inc.
82852,Kandoo Films
4529,Alba Cinematografica
22770,Studio 37
3957,Gener8Xion Entertainment
93697,AJBA Productions
48781,Blueprint Entertainment
7744,NCS Productions
165,Steen Herdel Filmproduktion
75373,Imaj Entertainment
31047,Tigerfish
84408,Star Film
80294,Green-Light International
22539,Tooley Productions
36321,Avenue B Productions
90901,Honey Films
78747,Shadowland
76082,IMG Films
39126,Producciones Fenix
24934,Parlay Films
49712,Dead Rising Productions
5128,San Francisco Film
4515,Wescom
49,El Deseo
11441,Propeler
82475,Meridian Content
23191,Freeform Spain
32485,Pokeepsie Films
5186,The Australian Film Commission
3980,Wonderworld Studios
17385,Lars International Pictures
18930,Waltertainment
54606,Ontario Film and Television Tax Credit (OFTTC)
3571,Prodigy Pictures
3531,Existential Films
76953,Racing Snake Films
4278,Tempean Films
93382,Government of Canada - Canadian Film or Video Production Tax Credit Program
22206,Palatine Étoile 10
36783,Chloë Productions
36241,Mithya Talkies
32328,Saint Sébastien Froissart
94932,Filmimperiet Sverige
59030,Kotva Films
10572,Ce Qui Me Meut Motion Pictures
76917,Maymon Film Inc.
69840,Jump the Fence Productions
3161,Odessa Filmworks
14392,Armor Entertainment
28671,Lindsay Shonteff Film Productions Limited
31394,Sunnymede Film Productions
8216,Menuet
74635,Estonian Film Foundation
70935,C.I.C.
7403,First Thought Films
66326,Dharma Productions Dillywood
5368,Samson Productions
80468,Xeitgeist Entertainment Group
5410,Maxim Productions
49396,Greaser's Palace Ltd.
79056,Calanda Pictures
69195,Vértigo Films
88158,Le-joy Animation Studio
67717,Tetra Pak
18188,Magnolia Mae Films
20813,Nu World Services
6438,Muse Entertainment Enterprises
15060,Prom Night Productions
84988,42
84398,Tomson Films
81694,Filmförderung Baden-Württemberg (MFG)
39772,Candy Heart Productions
86000,stella street ltd.
93754,Severny Fond
59033,Samosa Stories Private Limited
24374,Zone Productions
10651,Productions Emile Natan
533,Janus Films
23683,Aurora Productions LLC
31824,Malavita
18718,Atlântida Cinematográfica
3750,Balaji Motion Pictures
537,Universal TV
89103,Aristar Entertainment
67992,Cornelius Productions
4675,Duty Productions
48001,Summit Film
54016,Rotholz Pictures
11469,Howco International Pictures
16510,Filmways Television
460,Horse Film
46402,Feelin' Guilty
38909,Cinecrest
65449,Prosperity Electric
12977,Black Camel Pictures
76878,Lamisalia
3176,Campfire LLC
68743,Bela Negi Films
87970,"Gruppe ""Johannisthal"""
4738,Crux Pictures
54512,Tiara Blu Films
90100,Kan Zamia-a
42263,Marianna Films
93666,Casa de Filme Cinci
67082,RTL2
33769,Freedom Media
52107,ICF
85559,Nightwatcher Films
6858,Universal Studios Home Entertainment
10268,Telecable Benelux B.V.
93210,Cinemate Material Cinematográfico
77518,Sleepy Whippet
61550,Prspctvs Productions
58225,Studio Filmowe Zebra
4270,Cinémation
19498,Ocean Films
20377,Unfinished Films
32536,Looks Filmproduktionen GmbH
36353,E Stars Films
5896,Cine Bazar
79811,Oy Bufo Ab
12028,Sassy Girl Productions
89137,Second Street Films
21741,Kinétique Inc.
5449,Dischord
10757,Christmas Tree Films
80504,Nonetheless Productions
22292,Keystone Studios
1211,Junior Film
28439,Groucho III Film Partnership
75872,Free Dream Pictures
3936,Williamsburg Media Cult
14401,New Star Media Inc.
2273,Eden Rock Media
82105,Belma Cinematografica
4199,Monument Pictures
9080,WildRice Productions
2155,Norris Brothers Entertainment
45091,Pumpkin Studio
53498,BBC Earth MD (WWD)
31145,Skipping Stone Entertainment
25586,Baltic Film Services
333,Original Film
82235,Skywalker Sound
15378,Starlight Film
90975,Alton Road Productions
4934,Fidelity Pictures Corporation
79560,NatWest Ventures
1890,Jazz Pictures
85817,Harwood Hunt Productions
630,IPC Films
76206,Holiday Film Productions Ltd.
93385,CFS Avala Film
32838,Andor Films
15065,Movie Ventures
38162,Max Linder Productions
5547,Woestijnvis
11524,Rotana Studios
29962,Project Team Argos
65701,Humankind Production
258,Scott Rudin Productions
16916,Victor Saville Productions
80158,Storyhill
69192,Mélusine Productions
8485,Ultra Film - Sicila Cinematografica
923,Legendary Pictures
26194,FR3 Films Production
4641,Shochiku Company
91672,Angels Productions
31787,Creativity Capital
1954,Loma Nasha Films
986,Degeto Film
62611,Les Petites Lumieres
3657,Sidus
61791,Feigco Entertainment
4808,In-Cine Compania Industrial Cinematografica
26338,Atrium Productions
11402,Conseil Régional de Franche-Comté
10561,Chretien
72130,Les Films Fauves
4350,Atlantis Films
83979,Office Saku
53273,Cine-Funds Limited
2199,Horsepower Films
3193,Jean Vigo Italia
228,Filmpool Nord
4246,Atom Films
11480,Montoro Productions Ltd.
88607,Union Investment Partners
29031,Kite Runner Holdings
38426,CMP Entertainment
81604,USofAnderson I
87358,Fantasiafilmi Oy
24899,Twisted Twins Productions
1078,Shanghai Film Studios
38255,Ministero del Turismo e dello Spettacolo
7538,Brux International Pictures
2987,September Dawn
44923,Lux Compagnie Cinématographique de France
11141,Pluck Productions
3186,CINEFACTO
39849,Cepa Audiosivual
46792,Capglobe
94200,New Zealand Railways
37572,Keystone Film Company (II)
50449,Lucky Bird Pictures
22815,Barry Films
6140,Riverside Pictures
11208,Fobic Films
22675,Arion Communications Ltd.
6898,Tori Pictures
57851,Farmhouse Film
9026,Bayonne Entertainment
2106,Saban Entertainment
25711,Worldwide Media Group
30231,Rézo Productions
19940,Kairos
51099,Abraxas Film
64448,Image Forum
3520,Tube Pictures
21140,424 Post
75891,Petit Film
7278,creative differences
80975,Produziones DC 7
7327,Pandora Filmproduktion (
17270,Royal Avenue Chelsea
6005,Hacker Productions
35162,Walt Disney Studios HE
46625,Newbridge Film Capital
12240,Galatea Film
87845,Provincia di Brindisi
1306,Flame TV
53459,Madhouse Productions
11676,Mainstream
71840,Pro Artis Ibérica
57740,Semtex Films
55960,Live Wire Films
10016,Brandstorm Entertainment
21040,ITV Studios America
52795,Harris-Kubrick Productions
398,Egg Films
9233,Woolner Brothers Pictures Inc.
8907,Banque Postale Image 4
42040,Airone Productions
19368,George Minter Productions
6026,5060 Productions
13281,Dino Publishing JW
3080,Midfield Films
39240,A Farewell to Kings Entertainment Company
6644,Lions Gate
20419,Lazio Film Commission
29436,Jorilie
41310,Won World
7079,Oktober oy
10806,NBV Productions
22800,Maxam
56337,Sky 1
36079,France 3 (FR3)
51063,Middle Link
31296,Spy Global Media
3034,TV Tokyo
6997,Bibi Film
10369,Break Thru Films
1375,Jupiter Generale Cinematografica
34204,Phoenician Entertainment
8527,Eôs Films
77961,Prophet Screen Partners
35206,Living Stone
5582,Priya Films
95919,Plura Service Company
10187,Costa Films
17304,Neon Productions
11860,Barnholtz Entertainment
96035,Hawk's Nest Productions
32400,Guerilla Films
20127,Contest LLC
90835,Uncharted
22611,Spikings Entertainment
491,Summit Entertainment
50501,Sunstar Entertainment
16331,Nat Holt Productions
77890,Bernard Woolner Productions
12607,Grandon Productions Ltd.
78248,Inzert44
48911,Euskal Média S.A.
60644,Mountainbridge Films
4332,Vanadas Productions
5019,Wagons East N.V.
15163,Algemene Vereniging Radio Omroep (AVRO)
14958,Winter Gold Productions
26514,Pervoe Kinopartnerstvo
5408,Planet Grande Pictures
5887,ufotable
27558,Augustus Color
30764,Tusitala Producciones Cinematográficas S.L.
21000,Rizzoli Editore
23993,Point Blank Productions
31035,Identical Production Company
78800,tony montana films
72281,Assemblage Entertainment
5746,Yellow Bird Films
66992,Sunny Field Entertainment
3647,The Mob Film Company
18683,Bright Ideas Pictures
37578,Minerva Productions
75609,Empire Ward
54779,Filmsmakers / Entertainment
151,Marquis Film
396,SLM Production Group
58589,Ghost Limb Films
67032,TV Sarajevo
16053,Das Kleine Fernsehspiel (ZDF)
27099,Ministry of Culture and Tourism
60065,Unió Film
20464,Rose Films
20374,Earth Canada Productions
52595,Dévelopimage 2
11321,Imaginary Forces
10746,Josef Aichholzer Filmproduktion
7583,Lunaflux Productions
3865,York Pictures Corporation
12229,Danika LLC
87852,Scenario Lane Productions
5563,Koncern TV- og Filmproduktion
24952,Tondero Producciones
22866,Geronimo Films
1612,Ciné Vog Films
6476,Canal+ Polska
7566,Silencio Rodamos Producciones
47757,Aden Film
73342,Return to Mississippi Productions
12689,Radar Films
5364,Wadi Rum Productions
5529,Heavy Productions
80879,Clean Slate Films
2799,Filmkameratene AS
48873,Le Vision Pictures
38666,Frederick Zollo Productions
37292,Banque Paribas
12767,PAC
57510,Masterskaya Seance
46570,Como Films
8476,Lakeside Productions
16310,amber entertainment
76056,Mediterranean Film Production Co. Ltd.
6654,mark edwards robert production
251,Avenue Pictures Productions
74192,Eketahuna LLC
77154,KNM
66002,Loud Films
22792,Fida Cinematografica
70098,Klas Film
13916,Banana-Moon Sky Films
48774,Envie de tempête Productions
44438,Viking Film
5776,Capital Productions
9286,The Orchard
24769,Departures Film
29485,Top n°1
89903,Urich Productions
2878,Bangkok Dangerous
53656,Old Bull Pictures
37971,Adelante Films
69281,e-m-s GmbH
28758,Beat LLC
29474,Silver Lining Entertainment
22289,Moonstone Entertainment
5406,Good Film Company
21612,Black Snake
16385,Trident Films Ltd.
5862,Made in Productions
10284,Edko Films
8832,Noelle Entertainment Limited
38514,Saban International N.V.
38799,Def Pictures
63821,National Bank of Canada
506,Newmarket Capital Group
7376,Continental Entertainment Group (CEG)
5669,Crawford Productions
72730,Guy in the Sky Pictures
798,Samuel Goldwyn Company
16661,arte Geie
8009,Belgacom
2262,Silver Nitrate Films
72831,Spence-Thomas Audio
35933,Silverman Entertainment
79032,Movie Reinhold Elschot
7942,Cabin Creek Films
1170,Turkhoise
9211,Albert Band International Productions Inc.
19538,Les Productions Audiovisuelles
42503,Casting House
1392,National Broadcasting Company
65393,Cecchi Gori Pictures
3045,Sony Pictures Releasing
53787,TYPE-MOON
18166,Lemon Films Studio
7237,Tele München Fernseh Produktionsgesellschaft (TMG)
15270,Asahi Shimbun Newspaper
1619,El Norte Productions
8344,Gruppo Minerva International
92872,Interplanetary Pictures Productions
79280,Andrzej Łudziński Productions (koprodukcja)
1648,Gladden Entertainment
4814,Munidal Film
7702,Ultimate Productions
8948,Societé Cinématographique Lyre
1776,Neue Delta Filmproduktion
68079,Morocco Junction Pictures
13612,National Film Organization
18336,Harvest Pictures
24379,International Cine Film Corp.
28486,Yugoslavia Film
2886,Cineguild
72489,Blue Ribbon Digital Media
75625,Sogexportfilm
28373,Gemini Film
75054,"Siglo, Ltd."
2320,UTV Motion Pictures
183,Le Studio Canal+
30299,MMC Studios
40309,Fear of God Films
48383,Red Reel
84889,Michael Alden Productions
30432,Blue Monday Productions
29285,FRAME100R
65909,Television Corporation of America
10891,KL Productions
95358,Cinema Associates (III)
14143,Grass Root Film Company
82848,Mephisto Film
90625,Legends of Sport
69463,NEP
9110,The Noel Gay Motion Picture Company
46353,Agent Two
72745,Mutual General Corp.
46719,Magirus Film
8488,Ameran Films
12626,Boxing Cat Films
3876,Entropy Entertainment
20590,American Documentary
10230,Blue Wolf
8992,Scanbox
78186,AMJ Productions
2816,Axiom Films
50340,Taryn Prov
29062,Final Cut for Real
94395,Kshitij Production Combines
95534,Le Studio de Creation Cinematographique du Ministere de la Culture
49228,MFV Productions
518,Transworld Pictures
34414,Biloba
27319,Jagged Films
115,AB Film-Teknik
10179,Trinity Works Entertainment
74432,Cruze & Company
5200,"Motion Picture Group, The"
19331,Kiddinx Filmproduktion
25024,Investimage 2
71862,Fitzroy Films Ltd.
1798,Oceania Produzioni Internazionali Cinematografiche
88955,Dansk Biograf Compagni
88992,Black Flint Productions
2902,SND
95580,Bossa Nova Productions
12020,Superfinger Entertainment
7057,Aviator Films
37104,Conseil Régional des Pays de la Loire
42843,World Amusement Company
49723,Strange Days Production
74690,Orange (koprodukcja)
11343,Fried Films
27016,Kestrel Films Ltd.
23922,Forest Park Pictures
48596,XX Film Aps
17135,Magic Violet
92187,Proximus
17218,Gramercy Pictures (II)
21835,Mountain Dew Green Label Studios
63047,Boya Films
71684,Post Factory NY
81962,Youth House Productions
20576,Cinémax
13924,Dreaming Tree Productions
4991,Lotar Film Productions
5993,Curb Entertainment
70420,Nevermore Films
3306,Filbox Producoes
57609,Princessa Productions
40765,Miss Q
2313,Andrea Sperling Productions
50942,Pukka Films
33402,Criminal Films Inc.
3145,CN Film
15108,Hallmark
37694,PPV Networks
22036,185 Trax
51086,Goldeco Pictures
81528,CN4 Productions
16110,Südwestrundfunk (SWR)
29229,Pégase Films
18630,Predestinate Productions
20695,iLoveCinema
4293,Cambridge Productions
41048,Elysian Dreams
78846,Polyvinyl Records
52846,Metropolis Films
12856,1.85 Films
1427,Commonwealth United Entertainment
72383,Silent Helicopter
285,Live Entertainment
44722,Compagnia Cinematografica
28766,Production Marcel Dassault
2757,Holedigger Films
1587,P.P. Film Polski
51523,Voltage Films
39817,Solventdreams
41792,Herman Wobber
87558,Les Films du Saphir
19523,AFG Talons Productions
51980,Princes Films
73988,Morein Group
23060,Company Television Productions
74445,Unikki Production
38657,David Wickes TV
21727,Lost Junction Films
89797,Bo Widerberg Film
48420,Sound Venture Productions
5309,Forgan-Smith Entertainment
46354,Brandt/Haas Productions
41052,Edenstreet Productions
22209,Odeon Films
12909,The Booking Office
66454,Twenty Eighteen Seventy-Six
88914,Bereg Productions
91835,No Problem Cine
93093,20 Steps Productions
54849,Societa Cooperativa Alfa Cinematografica
23116,Poo Poo Pictures
5296,Hugo Haas Productions
22315,S.D.P. Films
90902,Look Film
20312,Three Point Capital
1003,Filmkameratene A/S
80024,CB Productions
21864,Cine Mosaic
7311,Kerner Entertainment Company
89309,Digital Anvil
39340,Kamoli Films
12950,Projektions-AG Union (PAGU)
1097,Sky Pictures
12157,Sideways Productions Inc.
7740,UW4 Productions
18768,Willow Tree
77448,Jules Verne Aventures Expeditions
14916,Brynaprod S.A.
1721,Iberville Productions
48129,Twirly Films Limited
80310,Home Box Office Home Video (HBO)
6859,Acuarius Films
15465,Amasia Entertainment
1023,Nelvana Limited
72027,KnJ Entertainment
48747,Star Films
12393,Cinémage 5
10040,Level 1 Entertainment
86119,Cine II CV
31292,TV Nova
1918,NorthSee
8848,MHF Zweite Academy Film
58750,BSB
5486,Darius Films
2482,Dead Films
55244,Fundamental Films
34505,Kindred Limited Partnership
28872,Climax Fables
3570,Seda Spettacoli
6744,Magyar Televízió Müvelödési Föszerkesztöség (MTV) (I)
449,Virtual Studios
61413,Government of Saudi Arabia
19650,Spooky Buddies Productions
72952,S2BN Films
25729,Walking West Entertainment
46421,Revolver Amsterdam
40639,Jam Handy Organization (JHO)
7434,Favourite Films NV
62055,EMA Films
4437,'A' Production Committee
4506,Kasander & Wigman Productions
18039,Scimitar Films
5305,Sunshine
13472,Crime Scene Pictures
20807,Sense and Sensibility Ventures
71910,Revelstoke Productions
68591,Vansan Movies
41397,Dewey Decimal Productions
77440,Film i Västerbotten
7484,First Cut Studios Inc.
38147,Red-horse Native
12044,Fonda Films
8254,Mouthwatering Productions
1202,Nippon Film Development and Finance Inc.
40757,Rain film
51899,Chiwake Films
23778,Trapped Ashes
41823,Flickerpix Animations
21718,Amerinda Est
38783,Ink Slinger Productions
47030,Koppelmann/Bandier-Carnegie Pictures
629,Peppercorn-Wormser Inc
1267,Ecosse Films
32194,Highway Productions
53335,Gamenet
35304,Blue Tulip Productions
55571,Zipper Bros Films
7771,Co. 1. Filmproduktion
21668,Ergis Filmproduction
4579,Tigon British Film Productions
93094,Brummer & Herzog Filmproduktion
8099,Hungaro
75857,Kohlmar-Sidney Productions
2550,Teitler Film
11819,MediaPro Pictures
76907,Atomic Monster
60967,Bear Island Films (U.K.) Limited
78255,Nomad Productions PLC
91613,Doomed Pictures
23419,MavroCine Pictures GmbH & Co. KG
12725,Italfrance Films
14148,Saber Productions
5959,Citizen Films
24903,PCH Film
95002,Solo Films
56303,Hustler White Productions
62472,Hock Films
22785,Valladares Films
28040,Iberoamericana Films Produccion
13027,Radio Televizija Srbije
22322,RDT Productions
4087,Titanus Produzione
84087,Joseph Cates Productions
17168,Subterranean Films
503,National Film Development Corporation of India
38077,Gaia Media
60018,Rice Films
89774,Advanced Music
72999,EGBA Entertainment
40349,Glazier
41115,British Film Company
22284,CAT Films
5511,SEGA
23720,E.P. Production
88331,Renardes Productions
86434,Kava Productions
12926,Hustruskolan AB
7725,Brain Farm Digital Cinema
2184,Tollin/Robbins Productions
5411,Floodland Pictures
50484,Philipp Filmproduction
32168,Waterfall Media
77671,CINEMA 6K
81128,Dirty Hands Productions
1805,Francos Films
886,Kinokompaniya CTB
7076,Chernin Entertainment
9145,Euro Space
92474,Oldgarth Media
70884,Yang & His Gang Filmmakers
55808,Liberation Company
8059,Kinosmith
41354,Radiotelevizija Crne Gore
25756,Blazer Films
6028,Kenwood Productions
21789,Tarnol Group Pictures
16551,Norsk Filminstitutt
7144,Vivo Film
15106,Riding the Bullet Production
2100,Andrew Stevens Entertainment
50089,Create Entertainment
43807,Mad Samurai Productions
21348,China Film Media Asia Audio Video Distribution Co.
47002,Little Crew Studios
79791,Nice Guys
7554,Les films singuliers
23839,Creative Entertainment Group
14910,New Israeli Foundation for Cinema and Television
34281,Santa Clara Productions
52005,Picturehouse
95351,D.D.L.
66894,"Kraken Films, The"
6068,HBO
1790,Euro Space Inc.
5639,Alter Ego Cinema
16770,Dobil Productions
4721,civilhand
2226,Media 8 Entertainment
551,Mandalay Pictures
58045,BSDS Productions
21243,Kurier
7670,True Fiction Filmz
15007,Limelite Studios
82298,Halomedia Oy
14221,White Lair
27543,JW Films
89719,Culver Studios
37449,Winston
4990,Ital-Noleggio Cinematografico
4650,Marubeni
86410,DDP Studios
3484,Apollo Pictures
10449,Protor Film S.r.l.
90020,ITM Productions
32954,Omid Film
75860,Hochschule für Gestaltung Karlsruhe
44425,ML Delphi Premier Productions
12391,Jouror Productions
68360,Action 5
5283,KoBura Film
15733,TicTock Studios
2488,SC Entertainment
12018,Limelight Fund
6162,Taska Film
24972,Vocal Yokels
490,New Regency Productions
6724,Upload Films
2471,National Geographic Society
8456,Mainline Releasing
3576,EFTI
5029,Onegin Productions
15094,Lasky-Monka
6590,Obregon Cinematografica
13134,Gatacine
73461,Common People Productions
4692,Instinct Entertainment
8794,Refugee Films
3922,A. Film
3791,Cabezahueca
75712,Ruby in Paradise
10426,Panay Films
47281,Stourwater Pictures
12193,Left Tackle Pictures
18177,CountessFilms
13306,Gouvernement du Québec
1401,Sonocam
91787,Handbook Productions
79293,Holdean
15933,Союзмультфильм
76358,Three Pictures
15984,Gower Street Pictures
1301,Joseph M. Singer Entertainment
18656,Breaking Glass Pictures
15196,Animation Picture Company
95356,Stax Records
5452,Hartbreak Films
5199,H5
3660,Hanmac Films
6492,Weggee Productions
64377,Granada Television International
75492,Communion Music
31599,Film & Entertainment VIP Medienfonds 2 GmbH & Co. KG
5950,MB Productions
4021,The Halcyon Company
29652,Lucky Coffee Productions
23852,Aquila Cinematografica
4183,Diamond Docs
43907,IT Media Films
6399,RPA Rizzoli Film
17105,Someone At The Door Productions
25467,Lucky Country Productions
6775,B.R.C Produzione S.r.l
22891,Brillstein Entertainment Partners
95368,Infinite Enterprises
34038,Productions Simone Allouche
50082,Cuba Pictures
821,The Greenlight Fund
73059,Ten in a Car Productions
4415,Corn Cobb Productions
3763,Independent Digital Entertainment
25716,Captivate Entertainment
13247,Wakamatsu Production
72408,Kaos Entertainment
16469,Filminoir
16726,logan films
18167,Focus Plus Cinema
64335,Cinema Brasil Digital
41967,Sherwood Pictures
66034,VHShitfest
3,Pixar Animation Studios
769,Destination Films
6252,Shaftesbury Films
15509,Art Port
4038,Marshville Productions
18663,Zeppotron
20491,Paradise Group
84789,Rotana Film Production
56584,Eurimages Council of Europe
38518,Paraíso
90196,Takoma Entertainment
74120,Impuls Pictures
74534,Instinctual VFX
6520,Factor RH Producciones
1746,Mouflet et Cie
42342,John Lamond Motion Picture Enterprises
2172,Busy Bee Productions
25701,Onset Films
92234,CN5 Productions
5633,One Hundred Years of Film Company
21329,ERA International
20162,Lyla Films
41527,9ers Entertainment
82784,Vixen Films
52925,Matt Baer Films
13739,Film Venturers
90752,Spede-Tuotanto Oy
93144,Vides Produzione
5094,Merton Park Studios
2522,Mediastream Dritte Film
57485,Azor Films
80180,Neptun-Film
86083,Virgin Benelux
354,Orly Films
19993,Quorum Entertainment
13204,Fake Empire
11567,Province of British Columbia Film Incentive BC
24463,Siam Movies
18484,Disney Television Animation
4574,Dark Horse Indie
955,Nikkatsu
13950,Foxton Entertainment
9292,Hessischer Rundfunk (HR)
82513,USS Indianapolis Production
17038,Hutson Ranch Media
14037,Dreambridge Films
95406,In The Groove
23410,Middle Pictures
46446,Screen Corporation
40766,Isn't It Romantic
242,GF Studios AB
19431,Modern Screen Play
6283,Agua Films
38298,Hallelujah-Film GmbH
94769,Caradecão Filmes
72823,Technical Black
28694,T&A Productions
4098,Carnaby International
22220,Clarke-King Enterprises
15830,Iced Tea Productions
95674,binary light
11203,Centauro Films
81862,Heron Television
1474,Desperate Pictures
65806,Produttori Associati
69232,Light Night
5935,Trimark
15752,Aries Productions
5740,Metromedia Producers Corporation
18978,Walt Disney Television Animation
27279,Zaza Entertainment
6372,Godfather Entertainment
18024,Karat Film International
1461,Pressman-Williams
26883,Capri Films
21480,Victor Company of Japan (JVC)
5228,Polar Film   Medien GmbH
5163,Laura Bickford Productions
8123,Origen P.C.
11844,Kaplan/Perrone Entertainment
131,Bender-Spink Inc.
3513,Big Screen Entertainment
5057,Seville Productions
62709,Concourse Media
23991,Seven Cities Media
3106,Bo Ho Film Company Ltd.
66078,Gang of Two Productions
1522,Neal Street Productions
7847,Escándalo Films
94763,Transmundo Films
12667,Yoram Gross Films
14652,Baumgarten Merims Productions
11246,Région Ile-de-France
30253,Saltire Entertainment
22158,James Cruze Productions
51301,Overseas Film Company
18215,Abtcon Pictures
12214,Munich Film Partners New Century & Company (MFP) Core Productions
13508,Wingman Pictures
73952,Bullwinkle Studios
48211,Hajdu Film
19906,Internacional Cinematográfica
79448,Balero Films
79562,Eggplant Pictures
84911,Freibeuter Films
94147,Aurica Finance Company
577,NPS Televisie
11845,Wintergreen Productions
2162,Baum/Dantine Productions
2869,Big West
3348,Face Films
44279,Popfilm
7169,Park Ex Pictures
71899,Bright Cold Day Films
21608,Enderby Entertainment
47603,Island Alive
76035,Film It
11709,Major League Baseball Productions
53404,Chainsaw Productions LLC
7117,Les Films velvet
455,Permut Presentations
67110,Neptune-Film A.G.
49674,5 Continents
21482,Mission Films
74941,Metro Pictures Productions
21580,Directions
15187,Sigma Film Productions
25670,Blowback Pictures
41128,Larcas Productions
6732,Runteam III Ltd.
11423,Estudio Mariscal
8319,Michelangelo
77717,No Weather Productions
547,Open City Films
93466,Weying Galaxy Entertainment
6523,Hit the Ground Running Films
53937,Free Theater Associates
78636,Zygote Films
55665,Big Island Productions
11552,SAJ
16193,Damberger Film & Cattle Co
4369,Legacy Filmworks
3699,Cinelaw
29493,Daniel L. Paulson Productions
3469,Big Blast Productions
18297,Styx Films
2397,Cohen/Pearl Productions
15024,Rich-Heape Films
77316,Four Star Excelsior
8988,Duea Film
3352,Big Fish Films
6717,David Gundlach Productions
77167,Salto Films
4292,Lereby
44628,Filmatics
18677,Arco Films
6686,Snap Sound
7385,Kalima Productions GmbH & Co. KG
6587,Astron-6 Video International
27105,Frontera Productions
22056,Midnight Picture Show
60515,Maple Leaf Finance Primeredian Entertainment
75390,I/O Post
89167,CRML Productions
32630,Hitching Road Productions
30270,Coram Deo Studios
8212,Folimage
34036,JHF Productions
11943,Filmanía S.L.
22133,JEMPSA
20634,"Bedford Falls Company, The"
12266,Norlan Productions
10077,Cromosoma TV produccions
21534,Kairos-Film
10935,Death Awaits Cinema
6318,Brut Productions
11085,Grand Highway Productions
38355,Eyeworks Egmond
31144,Flying Pig Productions
15507,Detalle Films
93504,Bus Films
1694,Darren Star Productions
13187,JDI productions
23417,Perathon Film-und Fernsehproduktions
12425,Filmtribe
84133,Jacques Le Glou Audiovisuel
11893,San Marco S.P.A./Crono S.P.A
3510,Summertime Films
2905,Bonne Pioche Productions
37637,Run Rampant
80835,Route One Entertainment
87605,Avi Arad & Associates
38793,Pan Latina Films
11063,WestPark Productions
6191,Falcon
38172,Helgeland Film
78135,Shanghai Media Group
80656,LC Pictures
94930,Majid Majidi Film Production
22423,IDI Cinematografica
25684,ED Productions Sprl
374,Lost Highway Productions
5117,Bad Monkey Productions
12650,Dogfish Pictures
63064,Digital District
17957,Bannon Glen
17611,Sean S. Cunningham Films
53901,SF Norge Filmparken
2242,Everyman Pictures
68385,Leiknar Myndir
93247,Code 7 Entertainment
81132,Grand March Productions
14636,Evolution Independent
7320,Telefilm Canada
60843,Transfilm International
73837,Sponge Films
9070,NTT Docomo
6016,403 Productions
19917,Transmedia
14650,Роскинопрокат
7127,Andrea Leone Films
75081,Image Engine Design
358,Noel Gay Motion Picture Company
15709,Keystone Pictures
12476,Yorkshire Television
1462,Dimitri De Grunwald Production
21098,Voices of America
1110,Euro International Films
15104,Foundation Entertainment
65927,Yoruba Saxon Productions
81732,Angry Adam Productions
10281,Kent Productions
3384,Halt Productions
4053,Enlight Pictures
21813,Oy Filmkompaniet Alpha Ab
8668,New Century Productions
76038,Costa Films Barter
16076,Newgrange Pictures
1487,Filmation Productions
8246,Friland Produksjon
34589,Getaway Pictures
8624,Mediapro Studios
7340,C-2 Pictures
13412,Imagica
68229,Couch Potatoe Productions
7698,National General Pictures
1388,Centro Nacional Autónomo de Cinematografía
40774,Viking Productions
4436,Disneynature
19510,Tonna Oy
14832,Longfellow Productions
1419,Virgin
23906,Petrobrás
6583,Reliance Big Pictures
49939,Laïth Média
87287,Emergent Behavior
35396,Status Media & Entertainment
65015,Edyson Entertainment
3465,ADV Films
3631,Filmax
23921,Circle of Confusion
42097,Инвада фильм
75835,BigBen Films
4302,Dog Pond Productions
9307,Film 70
21745,Kirlian Pictures
1997,Banques Populaire Image 7
19219,Producciones Internacionales Cinematográficas Asociadas (PICASA)
26260,Ministero per i Beni e le Attività Culturali
25434,Harris Company
42203,New Films International
73368,100% Synthetic Films
35990,Ansark-Sidney
3175,Anasazi Productions
13701,Katzman Corporation
4128,Dog Lamp Films
12936,GreenStreet Films
11922,Taxshelter. be
2528,Top Cow Productions
46499,Atalanta
57065,Geller/Goldfine Productions
5995,Oriental International Films
19679,Sacred Bull Media
55870,60/80 Productions
78362,Scentext
6261,Aries Films International
91253,TBS Radio & Communications
25807,Les Films Georges de Beauregard
7768,Arcade Films
13094,Crystal Film Productions
1991,Motion Investment Group
50490,NeeNee Productions
24021,Jax Media
32555,Netter Productions
23022,Close Call Films
13549,Golan-Globus Productions
92232,Diligence Films
80149,Bron Capital Partners
93212,Lusa Filmes
19558,Jack Dietz Productions
3149,Matrixbest
43670,British American Entertainment
43651,Skoche Films
52134,Coproducción Hong Kong-Tailandia-Singapur
39832,Alka-Film Zagreb
23970,Twickenham Studios
57661,Filmex
21384,KinoAtis
17223,Direct Cinéma
43265,Harun Farocki Filmproduktion
45785,Northmen Productions
6020,Harbor Light Entertainment
93470,Cady Films
10001,Andy Warhol Productions
618,Deutsche Filmvertriebs GmbH
10696,Malabar
89960,SuperFilms!
47397,Yamada Right Vision Corporation
60530,Llenroc Productions
18495,N.E.F. Filmproduktion und Vertriebs GmbH
523,Camelot Productions
590,Constellation Productions
8388,Scrum Try
51095,"Super Power Film Production Co., Ltd."
53350,DCP Wrong Turn Productions
67257,Hallow Films
37909,True Fiction Pictures
10283,Impact Productions LLC
47178,Magic Films
7317,Cinema Libre Studio
56159,TS1 Production
59351,Hallelujah Films
12686,Forecast Pictures
76342,Piki Films
50488,Sons of Manual
8526,MelinaFilm
30589,Laser Film Corporation
13151,Headline Pictures
78926,Tomatos II
8080,Category One Entertainment Group
72695,The Affleck/Middleton Project
35799,Arcady Bay Entertainment
18219,Daronimax Media
53194,Ariane Mararía Films
12205,EDKO Film
50074,2B Films
54835,Satori!films
3330,Chloe Productions
51785,SPVision
2729,Omnilab Media
93187,Espaço/Z
57021,Siempre Viva Productions
16116,Fidecine
23611,Thriller
23663,Mr. Tamborine Man
23054,Volgafilm
26282,Mediastream Film GmbH & Co. Productions KG
20747,Cangary
78701,Kino Korsakoff
3204,Big Idea Productions
37984,Productions et Éditions Cinématographique Français
13002,FiGa Films
71975,Roy Export Company Establishment
28553,Maite Argüelles
6708,Cloud Eight Films
73121,Casualties Bureau
56804,On The Corner Films
3207,Pictures in Paradise
34445,Mystery Road Films
34788,Alchemedia Films
5132,Von Vietinghoff Filmproduktion
92568,Luis Trenker-Film
54517,Beacon Classics
39518,Little Fugitive Production Company
13833,HOMEMADE FILMS
12277,The Filmakers Group
11951,Eastcroft Productions
37137,Corporation for Public Broadcasting (CPB)
6734,Bay Films
23822,The Cartel
76353,Adicta Films
51864,H Films
14228,Cupid Productions
13572,DC Medias
86139,Rattapallax
48426,San Carlos Productions
86356,Modern People
6812,LazyTown Entertainment
16183,Fraia Film
81025,Black Hawk Entertainment
22195,Ihrevik
71352,Toeplitz Productions
57736,Codi S.p.a.
19961,Start Motion Pictures
3143,Smith-Hemion Productions
23750,Presque Isle Films
82482,Películas Freneticas
3214,Daiei Motion Picture Company
11717,The Twelve Chairs Company
75522,Acheron Films
3049,Happy Endings A/S
21262,Degenerate Comedy
56806,InGenius Africa
12520,Laokoon Filmgroup
14590,New South Wales Film Corp.
20592,The Independent Television Service
47532,Canal+
36158,Grodfilm
82005,Studio Uno
1747,Schiwago Film
32843,Acorn Pictures
49791,TRO
91872,Fair Harbor Productions
74776,Noruz Films
13561,Ministero del Turismo e dello Spettacolo
24206,Film Concorde
4323,Minotaur Productions
21318,Pro Filmworks
84494,50 Eggs
36107,Camden Productions Inc.
76167,Cominco
51870,Sierra Alta Productions
701,Meespierson Film CV
22881,Mayhem Pictures
27881,Mil Nubes-Cine
239,VPRO Television
21582,Vertikal
6899,Henceforth
20397,Sarliu/Diamant
7003,Comme des Cinémas
10991,Jon Shestack Productions
56344,Chunqiu Time Culture Co.
67258,Hyperion Media Group
8104,Ambient Entertainment GmbH
74899,Mandarin Films S.A.
11005,AR Films
12016,Celandine Films
68064,"Best Picture Show Company, The"
20743,Imagine Films Entertainment
40989,NBC Ajans
2946,Molloy Boy Productions
24646,Cinema Five
13730,Edgar Rice Burroughs Inc.
39213,Apple Lane Productions
171,Malpaso Productions
6561,", Planet Productions"
38792,Ancla Century Films
14246,Pyramide Distribution
74636,Film Väst
20602,Finesse Films
37580,MVP Films
7950,Westdeutscher Rundfunk
10199,Cooga Mooga
93945,TruEntertainment
90574,Kill 'Em All Productions
76908,Région Alsace
682,Peninsula Films
3480,Illusion Entertainment Group
55143,Strongman
63993,Throne Productions
1098,Wave Pictures
3749,Vishesh Films
92032,Fipco Productions
50498,K Period Media
2185,National Cinematografica
89157,The Pleasure Company Inc.
22090,VVP-Alyans
3506,Pioneer Productions
79377,Bisojo Media Producciones S.L.
77850,Soficinéma 11
71759,Pilgrims 7 Corporation
42038,Across Town Productions
14654,EMJAG Productions
53047,De Wolfe Music
10525,Bastard Film
3551,Tricky Pictures
72946,Kunhardt Films
15400,Stranger Productions Inc.
40667,Mediapool Production
11266,Lieutenant Productions
1285,Toute Premiere Fois
75013,Maítrise Artisanale de l'Industrie Cinematographique (MAIC)
1369,Full Moon Pictures
1545,Roxbury Productions
22433,Les Chauves-Souris
4565,Filmhaus
2080,B.J. Films
54855,Leaves Productions
87214,Longview Pictures
9018,Crystal City Entertainment
95811,National Studio Limited (Katmandu)
65903,Midnight Road Entertainment
689,Ventanarosa Productions
2959,Alla Prima Productions
18627,Manny O Productions
41094,Skylight Cinema
34502,Skyra Entertainment
4401,4dvd
11977,Cinematográfica Calderón S.A
44715,Panthéon Productions
23909,Silver Nitrate
81247,Estudios Splendor Omnia
4228,Scranton/Lacy Films
11875,H2O Motion Pictures
96053,Ibérica Filmes
58286,Mad Horse Films
39282,Gundersen Entertainment
35535,Cineplex Odeon Films
54035,High Line Productions
23937,Film I Skane
92479,American Experience Films
16219,Zombie Orpheus Entertainment
3836,LadobleA
64343,A.G. Films
64600,White Lightning Productions
2766,Navaron Productions
21257,Payaso Productions
59195,Beautiful Lie Pictures
16314,Roth Films
73316,Vengeance is Mine Productions
59964,John Calley Productions
30345,P.T.T.
74538,Banque Populaire Images 4
53460,Fear and Loathing LLC
26520,Stimul M Production
18520,Rebel Rebel
3491,Showbox
33255,Région Basse-Normandie
11919,Belgacom TV
79340,Framestation
34804,Locomotive Productions
14589,Code Entertainment
22232,Reshet Broadcasting
1157,Les Cinémas de la Zone
52669,eOne Television
4792,Film Afrika Worldwide
5617,Aberration Films
53767,Vitakuben
7965,The Ladd Company
46286,Propeler Film
31080,Polygram Filmed Entertainment
3289,Clap Filmes
20338,Bidibul Productions
7833,Pacific Trust
16496,Cine Canibal
52104,GV Entertainment
4175,Edward small Production
79081,Film Manufacturers
37240,Liaison Cinématographique
76267,Kurîmu remon Seisaku Iinkai
8530,Televisió de Catalunya (TV3)
30943,Praesens-Film
49273,Rex-Film GmbH
558,Lisberger/Kushner
71671,Contemporary Historians Inc.
806,Téléfilm Canada
18042,Scarlet Fire Films
85119,Car Ride Home Productions
73606,Turntable Studios
3394,Sundream Motion Pictures
6410,Slovenská Televízia
76992,Saban Films
53653,Caracol
33956,La Wallonie
17425,Cinema Home Video Productions
11307,The Donners' Company
32791,Oceanic Filmproduktion GmbH
2306,Fontana Productions
8355,APT Entertainment
49139,Pallavicini
6417,Film i Väst
12076,Daniel H. Blatt Productions
17514,Cinevita Film Company
41999,South Australian Feature Film Company
54052,Knickerbocker Films
67331,Annuit Coeptis
7937,Sonet Film AB
4160,Lost Tales Films
22308,Echo Lake Entertainment
65442,Beijing Dengfeng International Culture
20103,Strela
2075,MMG Film & TV Production
75516,Les Films Cissé
7448,Tobis Filmkunst
13623,Starktoons
64951,GA2 Productions
1163,Larger Than Life Productions
1886,DDM Film Corporation
4949,Del Duca Films
81616,Historia Films
11749,Twentieth Century Fox Animation
6853,Kaijyu Theater
8854,Many Rivers Productions
77429,RheinFilm TV - und Medienproduktionsgesellschaft mbH
20273,Corniche Pictures
3694,People Pictures
80292,Sculptor Media
19378,Spondoolie Productions
8739,Das Films
52758,Charter Films Inc.
57095,Straw Stories
5922,Nicetop Independent
75889,MAFILM 4. Játékfilmstúdió
68552,Nandar Entertainment
20339,Chapter 2
83636,Film Corsari
20629,Top Hat Productions
90799,Polifilm
5,Columbia Pictures
7542,Yahoo Japan
11372,Bugsy Malone Productions
1687,Korea Capital Investment
15006,Team Effort
25886,Outpost Studios
95106,Sanaye Dasti
6755,Nippon Television Network Corporation (NTV)
13287,Kowalski Films
1898,Bórd Scannán na hÉireann
7940,Cinemiso
6737,Béla Jarzyk Production
14324,Le Cercle
60710,Mindy Affrime
46547,Dread Central Media
7765,Teleimage
79420,Légende Films (koprodukcja)
31807,Carnival Films & Television
64331,Base Industries Group
5143,Scave Productions
3503,Arcane Pictures
94402,dutch tilt film
805,Serendipity Point Films
12994,Regina Ziegler Filmproduktion
14879,Bungei
11261,M6
1310,Best Brains
16368,Hawn / Sylbert Movie Company
12010,Mediapro
24546,ITV Studios
73340,Rodger Pictures
4145,Studio Khara
858,Tessalit Productions
10513,Lobell/Bergman Productions
2379,Palladium Productions
922,SenArt Films
22924,5 Star Productions
92522,Rare Bird Films
12415,Savalas Audio Post-Production
18982,Lancelot Films
74111,Electric Chinoland
5024,Mainframe Entertainment
1218,The Film Consortium
3446,Little Wing Films
12557,Hélicotronc
34342,SIS
2937,Fruit Salad Films
17040,Chinese Shadows
53652,JWProductions
12394,Cofimage 22
39696,Adventure Films
12400,Soficinéma 5
40445,Hitit
94735,Ransom
74885,Midlife Crisis Productions
6547,Country Music Television (CMT)
11262,Imagine Films Entertainment
42378,Monteluce Film
61682,Regal Film
2790,Rosafrey SRL
16940,CC Medien Filmproduktion
29265,Charivari Films
89529,Footage Films
37018,Filmproduktion Janus
23399,King Records
26140,United Broadcasting Inc.
10714,Télécip
88756,Von Oma gefördert
1296,Crossbow Productions
7354,Cabin Fever Films
72674,Carlin Productions
65582,White Whale Pictures
11407,Baltimore Pictures
26399,Radiator Film ApS
12599,Bernhard-Vidor Productions Inc.
57834,Riva Film
7331,Brouwersgracht Investments
854,Sofica Europacorp
3879,Front Street Studios
4067,Norm-Iris
7055,New Oz Productions
8003,Ultravi Productions
3436,Universal Studios Home Entertainment Family Productions
57092,Weintraub International Group
72494,Showtime Entertainment Television
87143,Sterling Cinema
14960,Erica Productions Inc.
33392,Zodiak Finland Oy
34102,Athena Enterprises
43801,Neue Tele-Contact
67995,Imedi Films
24310,JAD Films International Inc.
22663,P.C.M. FIlm
91007,北京完美影视传媒有限责任公司
21261,Dagonet
63092,Lions Gate Enterntainment
52926,British Sky Broadcasting (BSkyB)
62620,Steel Productions
53626,Loofah Productions
38972,Daiwa Building
93857,Austrailian Broadcasting Corporation (ABC)
3617,Shinkai Makoto
10895,Cometstone Pictures
2997,Dragon Pictures
3698,Norcon
10952,Coficup 2
7633,Lila 9th Productions
13442,Noble Media
25903,Brillhart / Gonzales Productions
5409,Bing Crosby Productions
4399,Barunson Film Division
37955,Bigview Media
15063,City Enterprise
27197,Noujaim Films
58996,Strike Films
69193,Noerlum Studios
22097,ASA Film
36551,Scary Pictures Productions
8891,Witness Protection Films
974,Five Mile River Films
1942,Pad-Ram Enterprises
36785,Cinema-Vu
35426,Edward S. Feldman Company
85280,Gowrimeenakshi Movies
27570,Neptune Salad Entertainment
94779,Studio ABC
17540,Kanal 5
19577,What to Expect Productions
40542,No Bones Productions
16697,Hidden St. Productions
75746,"Chimney Pot, The (koprodukcja)"
65251,BBC Entertainment
23003,Internationale Filmproduktion Prometheus
49219,Y & M Productions
67412,Movistar+
90728,Hurricane Bridge Entertainment
20325,Cannibal Films Ltd.
33624,Wood-Thomas Pictures
74761,Méditerrannée Cinéma Production
26772,Jakubisko Film Slovakia
22151,Directors
66319,Peter O'Brien Independent Pictures
53729,Grand Productions (I)
10159,nWave Pictures
4080,Zed Filmworks
38196,BET Pictures
19478,BK
35498,Diana Kerew Productions
51274,42 Km Film
79930,Daniel Collert Filmproduktion
82234,Spy Post Digital
13496,MainTitle Pictures
2755,Dante Entertainment
6951,Chapman/Leonard Studio Equipment
17161,Odyssey Media
21067,Arrival Pictures
22840,Chinavision Media Group
47114,Novaris Film
42375,Durga Entertainment
73653,Visa Films
2969,Namesake Entertainment
50180,Tangent Films International
28448,Cascadeur Filmproduktion GmbH
12813,Armada Films Production
75354,Fancy Film Post Services
43344,Triple 7 Films
561,Anhelo Productions
55107,Three Baskets
94782,Posthus Teatret
38504,Really Useful Films
85329,GigaPix Studios
34478,Run Rabbit Run Media
52207,Digital Interference Productions
8360,The Stevens Company
28793,Région Midi-Pyrénées
7573,Les Films de l'Astrophore
50863,Budderfly Productions
77810,Sparkhouse Media
71486,Atlantic Film Productions
3812,It's a Laugh Productions
4308,CMYLMZ Fikirsanat
59873,Magyar Televízió
36287,Sarah Productions
20186,Gregory Ratoff Productions
17039,WXS Productions
20264,Psycho Rock Productions
3452,Les Films du Veyrier
23774,Independent Film Fund/CINV
6698,The Canada Manitoba Cultural Industries Development Office (CIDO)
73170,Palermo Estudio
890,Cheyenne Enterprises
9225,Blinder Films
8505,Watley Entertainment
847,Banque Populaire Images 6
34088,Applause Entertainment Ltd.
10245,Gold Star Productions Ltd.
81500,Oy Future Film Ab
5052,Kristal Film
22128,369 Productions
6187,ARD/Degeto Film GmbH
85803,Rockafellow Films
9999,Contra Film
75409,Kare Kare Film Yapim
60950,Nob Hill Productions Inc.
19916,Lotus Production
15115,Horsefly Productions
25814,Almost Midnight Productions
16710,Lord Grade
16287,CRC Digital Entertainment
80136,Girls Club Film Project
7489,Vivi Film
85465,Oddfellows Entertainment
3703,Adlabs Films Ltd.
36889,Maiden Movies
20571,Outlander Productions
94477,Mayfair Films
10958,Brad Grey Pictures
4948,Profilmes
19354,Mediastream Vierte Film GmbH & Co. Vermarktungs KG
47394,Justin Roiland's Solo Vanity Card Productions
2797,BaggyJoe Productions
528,Bandai Visual Company
7279,History films
10103,Via Rosa Productions
8171,Institut National de l'Audiovisuel (INA)
3987,The Production Company
18705,Highroad Productions
5269,Moving Train Productions
22683,Contre Prod
8873,Handsomecharlie Films
25121,MVL Incredible Productions
11093,Lucky Monkey Pictures
58052,Doorman
18764,Cinema Sunshine
92554,Rangoon Productions
16737,Barcelona Films
11353,B.H. Finance C.V.
7729,Granada Films
48791,Imperadio Pictures Ltd.
5915,Sahamongkol Film
63066,Prosenghisi Ltd
44426,Hudson Hawk Films Ltd.
87502,Blagbuster
22064,Hombre Productions
6982,Epithete films
31789,Goldwyn Pictures Corporation
46573,"Panstwowa Wyzsza Szkola Filmowa, Telewizyjna i Teatralna (PWSFTviT)"
50044,Vulsinia Films
599,Solar Productions
83619,Independent Artists Filmproduktion
15498,CLT-UFA International
5623,Haddock Films S.R.L.
15683,Colorfast Pictures
11054,First Look International
18924,Silent Night Releasing Corporation
26467,Q-Dog Music Television
76043,Revolution Sun Studios
2832,Cineville
73715,Soureh Cinema
23858,"Lambrick Foundation, The"
58090,Plate of Peas Productions
5108,Spectacle Films
34519,SpectreVision
54287,S.U.M.O. Film
12136,Rieti Film
61604,Forager Film Company
78766,Southwest Motion Pictures
4496,Les Films Number One
33326,Artista Filmi Oy
1501,Flora Film
7850,Sciapode
3587,I Could Never Ltd.
43790,Nitrate Films
91783,Sota Cinema Group
40976,Banner House Productions
28705,Cineridge Entertainment
9005,Films Abel Gance
24950,ZDF Television
12252,Chartoff-Winkler Productions
22367,PGP Productions
29482,Ellman Film Enterprises
616,Eskwad
8465,Traumwerk Filmproduktion GmbH
16132,Lotus Films
21750,Alterian
25315,FineLight Films
38485,Larry Savadove Productions
82673,ShivHans Pictures
136,City Light Films
20317,Deco Entertainment
22007,Lionweed
18492,Friedrich-Wilhelm-Murnau-Stiftung
22456,Five Roses
4655,Favorite Films
15758,Triple T Productions
6353,Screen Media Films
14902,All-Union Animated Cartoon Film Studios
14522,Productions et Éditions Cinématographique Français
7660,Canonigo Films
2846,MGN Filmes
20741,Buena Vista Distribution Company
11270,Green Non-Life Insurance Company
7999,Warner China Film HG Corporation
81925,Choila Producciones Cinematográficas
46132,SGL Entertainment
23360,Mary Breen-Farrelly Productions
37938,Simka Entertainment
657,Toho-Towa
87674,Hark Film
45824,Hayashibara Group
19704,Wolper Productions
23469,Societé d'Exploitation et de Distribution de Films (SEDIF)
47968,Centre Street
7344,Sayaka Producciones Audiovisuales
34911,Rooster Teeth Productions
15871,London Independent Producers
70,American Zoetrope
75170,Chicken And Egg Pictures
5939,Dowling Productions
78943,Sisifo Films AIE
7105,Mwana Productions
9092,Maison de Cinema
924,The Turman-Morrissey Company
12035,Uni Étoile 5
52412,Coop99 Filmproduktion
4813,Maki Production
11389,Österreichisches Filminstitut
22811,JLG Films
15567,Boyana Film
10735,WG Film
1183,Impala
141,Véra Films
11360,Gam Films
10358,Ventura Film
1906,Dany Film
3302,Harbor Productions
12065,Morituri
2317,Cofinova 3
15404,Eguiluz Films
15526,MGM-Pathé Communications Co.
46907,Metropolitan International Pictures
44283,"Bo Ho Films Co., Ltd."
89823,Escuela Internacional de Cine y Televisión (EICTV)
13235,Media House Capital
3994,Zee Limelight
39045,Aktualnyy Film
34317,Trinity Productions
80273,Truth 24 F.P.S.
2214,Flower Films
14285,Vantage Holdings
3075,Internationale Filmproduktion Stella-del-Süd
16503,Instituto Camões
21889,Cut Above Productions
79050,1428 Films
5157,Luna Ray Films
33473,Masterpiece
39379,Région Haute-Normandie
68746,Charles Chauvel Productions
21964,Dalpaengee
3238,Film Funding Ltd. of Canada
59043,Vertice 360
2019,Osiris Films
10352,Century Time (H.K.) Ltd.
6959,Blondie Girl Productions
79029,X3US Productions
1667,K.J.B. Production
2140,Aamir Khan Productions
44311,Steven Paul Production
62282,Emily Gray Productions Ltd.
38052,Amber Films
11146,McDongall Films
94937,National Film Art
52082,Good / Credit Productions
33088,Behavioral Problem Productions Ltd.
47745,Sydney Lumet Productions
8117,Max Films
8173,Alpha-Film (II)
10212,Orion-Nova Productions
12236,Blinding Edge Pictures
10633,Club des Produceteurs
6636,Park Chul-Soo Films Ltd.
11559,Mestiere Cinema
20881,Films Distribution
23210,Center for Film and Audiovisual Arts of the French Community of Belgium
787,3 Arts Entertainment
80469,American Entertainment Investors
12386,Robot Communications
21438,Nightfall Productions
6595,Fries/Schultz Film Group
20944,Wabi Pictures
17907,Produzioni Cinematografiche Massaccesi (PCM) International
84598,Life Work Corporation
67724,Natura
2740,Jigsaw Productions
19191,Baker Street
82407,Evolving Productions
35800,CineDiaz
55566,Telestories Entertainment Inc.
12940,Drum Pty. Ltd
30115,KippSter Entertainment
16941,Gerhard Lidl Film
94831,Arbeitsgemeinschaft der öffentlich-rechtlichen Rundfunkanstalten der Bundesrepublik Deutschland (ARD)
23457,MPI Media Group
5389,A Happy Place
3652,Sahara One Entertainment
41945,Indy Entertainment
90892,Montford / Murphy Productions
4717,Xenon Pictures
55738,Silver Lining Media Group
94300,BDB
1405,Fildebroc
6434,MGM Home Entertainment
36016,High Star Entertainment
38663,IJL Creations
70773,Greenroom Entertainment
817,Katalyst Films
15591,Glorieta Films
7382,Echo Films
5627,Media Magik Entertainment
2779,Blue Star Pictures
21856,Holly Wiersma Productions
40674,Live Film & Mediaworks Inc.
8790,International WOW Company
8936,A&F Productions
66328,Opperman Viner Chrystyn Entertainment
81024,Kate Street Picture Company
79393,Mug-Shot
66152,Filmacres
81997,Ren-TV
1657,Greenwich Film Productions
462,Patalex IV Productions Limited
65792,Leach/Rankin Productions
59279,Origin8 Media
91620,"Przedsiebiorstwo Realizacji Filmów ""Zespoly Filmowe"""
88709,ProJa Filmgyár
51546,Screen East Content Investment Fund
7696,Ambassador Productions
77292,Cinéfondation
3830,Acme Date
88166,38 Productions
12622,Darko Entertainment
36633,영화사 수박
9353,Northwood Productions
5849,Maura International Films
9043,Les Ballets Suedois
4657,Cinema Plus
83201,Ciak Filmproduktion
14001,Ajay Film Company
17492,Hargitay & Hargitay Pictures in Motion
18585,Hellenic Culture Organization
9165,Jim McCullough Productions
23754,Filmmuse Productions
1861,Polish Brothers Construction
552,Dark Horse Entertainment
310,Centre National de la Cinématographie
93492,Permacology Productions
37222,Brainstorm Productions
3856,Upstairs Canada Productions
11442,Silverbell Films
21141,ISS Prop House
4223,U.S. Army Signal Corps
11544,Les Productions du Chicon
70582,Sogedis
92199,SofiTVCiné 3
10675,Pan Entertainment
5539,Fatorville Films
33251,JMH-TSR
51998,Coproducción Alemania-USA
609,Iduna Film Produktiongesellschaft
63652,Marco Film
22520,Mack Sennett Comedies
2390,Les Films de la Colombe
50289,Horned Toad Productions
48745,Butimar Productions
38956,Tandem Pictures
2230,MGM Television
10955,JK Films
13191,Studio Ortodoks
16877,BFI Film Fund
13294,Top Story Filmproduktion GmbH
44486,Timwe
23806,Horst Hermann Medienproduktion
24006,Yukon Film Incentive Program
4421,World Production
88686,Chartoff Winkler Productions
58696,Sharky Productions
39329,Poe/films
36357,WunderWerk
32202,Apart Films
20246,싸이더스 픽쳐스
87848,Film 111
2402,Time
21958,Motel Man Productions
659,London Film Productions
5963,Berns Brothers Productions
25275,Death Ltd.
14180,Laurel Entertainment Inc.
65655,Insomnia Entertainment
66768,BlackBox TV
12043,Fonds Film in Vlaanderen
78708,True North (koprodukcja)
61416,Filmsmith Productions
22182,KC Medien
3700,Infinity Entertainment
10521,Paneuropean Production Pictures
5799,Joanna Productions
10828,MDP Worldwide
71465,Syrena Entertainment Group
24240,Vijaya Productions
37789,Avalon Films
59629,CNGM Pictures
38918,Laguna Productions
28796,Baobab Films
5462,Aries Cinematográfica Argentina
5381,Backup Films
12358,Mallick Media
1060,Oliane Productions
25,20th Century Fox
7978,Zarlek Producciones
6973,Les Armateurs
11643,Sega of Japan
73971,Revolution Dream Productions
9081,Phase 4 Films
84487,8Heads Productions
89881,Achaman Films AIE
34526,Atlas Films
83409,Noel Coward-Cineguild
5038,Granox Productions
15464,Apotheosis Media Group
63908,Treasure Buddies Productions
81552,Framboise Productions
7140,Lakshmi Movie Makers
3761,Kinoproduction Oy
36911,Spark Films
19035,Dueto Filmes
5013,Friland AS
42898,Luks Film
1243,Arena Films
26332,Change Focus Media
10793,France Cinéma Productions
3498,Malofilm
10262,Blind Wink
88865,Traian Boeru
21073,Kentucky Educational Television
22498,Black Sand Pictures
620,Centropolis Film Productions
75848,Svocine
11460,The Institute for the Intellectual Development of Children & Young Adults
3564,Rick Lashbrook Films
19350,Musa Productions
78848,Nice Flxpictures AB
93381,Jon Kilik
79727,Katzka-Jaffe
4848,All American Pictures
274,Discovery Docs
19911,American Screen Productions
13715,Mondial
19480,Reino del Cielo
12067,Kumar Mobiliengesellschaft mbH & Co. Projekt Nr. 1 KG
52162,Magma Cine
3560,KSS
2473,Bayrischer Rundfunk
70871,Cineplanet
11426,Institut Català de les Indústries Culturals
20876,Nelonen
778,Las Producciones del Escorpion
8900,Carousel Picture Company
2061,Twisted Pictures
6235,Mirabai Films
69827,Pyre Productions
16060,Firebrand Productions
3543,Ninth Configuration
264,Studio Babelsberg
23563,Lonely Dragon
66035,Romark Entertainment
8886,Herald Ace
37659,HBO Polska
5911,Lama Filmes
4651,Фокс
20982,Lima Productions
27084,Leeds/Ben-Ami Productions
8770,"Allied Stars, Ltd."
8128,Productions Two
14237,Barrister Productions Inc.
23749,Decipher Entertainment
72877,Tricor Entertainment
700,Kanzaman S.A.
13826,Prestige Films
448,Key Films
2044,Time Warner Cable
90663,Brian Grazer/Scott Rudin Productions
5544,Benchmark
6071,They Are Going To Kill Us Productions
20492,Fox International Productions (FIP)
8225,Namco Bandai Games
2882,Neal H. Moritz Productions
16419,Metropolitan Films
8800,Cofimage 7
50670,B Media Global
23770,Signature Entertainment
87607,SMK Limited
5844,Bandai Visual
12298,Sri Thenandal Films
7264,Smokewood Entertainment
19642,Dutch Independent
6107,HBO Česká republika
18769,Lynn Peak Productions
51209,"Radmin Company, The"
5831,Collective Minds Media Company
33018,Pillay-Evans Productions
30033,Atlas 2 Productions
22102,The Fourth Production Company Film Group
4581,Dovzhenko Film Studios
32994,Monmouth
77447,Seamaster Films
28995,Earthship Productions
45756,Illium Pictures
60746,Unique Features
6527,Elsboy Entertainment
21808,Jupiter-Film
27863,Hodgee Films
7537,Darknight Pictures
15870,Festival Film Productions
61,"RKO Radio Pictures, Inc."
3410,Raffaella De Laurentiis Productions
1927,Schweizer Fernsehen
49675,Agincourt Productions Limited
11239,Liberator Productions
55589,Public Institution Kinemos Grupe
13043,Rise Films
17845,Blackbird Production
19230,Varma Corporation
8698,HI Film Productions
27896,Retro-juice Productions
40521,Watanabe Entertainment
20588,Wag TV
23319,Globus-film
12299,PVP Cinema
45302,Irrintzi Zinema
12087,Angry Films
23534,Amjo Productions
6841,KMBO
2479,Myung Film Company
66327,Hachiko
58955,Rotterdams Fonds voor de Film en Audiovisuele Media
81030,Media Film
31016,Amazing Film Studio
51597,The Orphanage
209,Radiant Film GmbH
65820,Scotti Brothers Pictures (I)
88064,Cinevid Productions
75982,Sofica Manon 5
48755,Chaplin Film Productions Ltd.
19901,HighRoad Entertainment
27118,Orsans
40462,Bonnie Raskin Productions
13034,Warner Bros. Interactive Entertainment
42153,Capital Cinéma
81,Plan B Entertainment
20847,Greyshack Films
2376,Blueprint Pictures
6000,SemiRebellious Films
23028,Big Sugar Films
82713,Habit of Life
44964,Frank Perry Films Inc.
11430,Dasepo Club
2465,Xaloc
16124,Columbia British Productions
24643,Avatar Media
3020,Havenwood Media
83068,Les Enfants Terribles
412,Wendy Finerman Productions
42513,Swearnet
39836,Ben Myron Productions
83978,Digital Network Appliance
20358,RHI Entertainment
53361,Silkroad Production
38072,Nordisk Film Distribution
78424,DR2 Productions
2584,Fillmore
65788,Red Hat FIlms
75225,Office Two-One Inc.
52007,American Girl Brands
8041,Homegreen Films
19621,Dreams of Dragon Picture
15151,Coriander
16647,CineSon Entertainment
4726,Ритм
37843,B. Lord Productions
63457,3210 Films
37724,Articulus Entertainment
69460,Acht Frankfurt
46177,Thirteen Disciples
11269,Company K Movie Asset Fund No. 1
67627,Red Dragon Productions S.A.
15144,Triforum
33130,Sallah Company
40157,WANGO Films
5020,BrownBag Productions (II)
22484,Ultima Vez
78610,Tall Ships Productions
688,Rankin/Bass Productions
5487,Restraint LLC
57976,Vincent Ward Films
21155,Investec Merchant Bank
7368,Green Film Company
95983,Martinelli Films
2974,Pope Productions
64629,COUNTERFORCE FILM PRODUCTIONS INC
5781,Production I.G
679,Timnick Films
26952,Maybach Film Productions
5962,Group Dataciné
44653,Robert Patrick Productions
76719,Blitz / Welch
5266,Robert Goldstein Productions
16725,Yeni Stüdyo
28384,Ex3 Productions
35399,Dramatiska Institutet
4925,Plinyminor
10727,HE-Filmproduktion
76911,Région Poitou-Charentes
7196,Lube
78627,Belstone Pictures
52197,Gatlin
22639,Regency International Pictures
6490,Sanctum Australia
44675,Reel One Pictures
7229,Sorcerer Productions
3561,No Matter Pictures
33916,A Contracorriente Films
56003,Two Drivers Productions
90753,Harlin/Selin Productions Oy
10765,Studio Swan
38766,Hex Media
7213,Srishti Creations
49966,Sweepstake Productions
15120,Tigon Pictures
59969,GEM Global Entertainment Magyar
257,La Zanfoñia Producciones
26156,Ad'Hoc Productions
55108,Fulvew Productions
18074,Agon Arts and Entertainment
16107,Horizon Film
40325,Periscope Pictures
63713,Tesela P.C. / Impala
26255,Bophana Production
6397,Filmes Cinematografica
19358,Spera Productions Inc.
661,Nouvelles Éditions de Film
55585,Goran Production Company
38091,WF/X
66289,Oriental Light and Magic (OLM)
27644,Gaumont-Franco Film-Aubert (G.F.F.A)
20928,Majestic Films International
25231,See Pictures
16782,Les Films Français
11766,Fox Video Korea
5096,Buena Onda
3808,Weyunaegang Productions
40202,New Daughter Productions
6232,zootrope
41539,Rastar Films
4703,Shadow Entertainment
42189,Eye to Eye
69870,Forgotten Man Films
53002,Braveart Films
17763,Sunchild Productions
56277,Cyan Films
36213,UGCF
59424,Raymond Wagner Productions
80060,Ironwood Entertainment
16073,ChannelFlip
45229,Extinct Production
15354,Grand Peaks Entertainment
44091,Magnolia Mae Films
10164,Popaganda Films
11681,Sandrew Metronome Denmark
23888,Mighty Moments Motion Pictures
11803,Oz One Film
87858,"Colorado Office of Film, Television & Media"
21815,Sweet William Productions
30232,Compagnie Eric Rohmer (CER)
2543,Volume One Entertainment
22806,Cima Produzioni
57185,Network Entertainment
14364,Footprint Investments
21188,Sio Film and Bravo Entertainment
44396,TideRock Films
17624,Bold Productions
41762,Kinokompaniya Non-Stop Prodakshn
68,Big Primate Pictures
48782,Head First Productions
7958,Fuji Eight Company Ltd.
15258,DreamWorks Television
94977,Human Film NL
4610,Alumbra Films
21636,PK Pictures
54034,Flux Films
38193,Catapult Films
20739,Island Pictures
15139,Tele+
1936,Bocaboca Producciones S.A.
44668,E&E Films
27653,Shooting Films
17446,Javelin Pictures
19913,Rorvic Productions
19,Film Roman
1059,Azor Film
35499,BBC Productions
16524,Eurasia Film Production
1934,Columbia Films Productions
13597,Malibu Productions
33330,Institut National de l'Audiovisuel (INA)
16366,La Sept Cinéma
48818,Topar
11356,Horizon Pictures (II)
18068,Adams Apple Film Company
52783,Awesome Productions
4419,Creative Light Entertainment
26408,Produzione Doria
3614,Columbia Pictures Television
21074,NEA
51910,Bright Cloud Productions
20027,Cinemec Zweite Produktions KG
77682,Columbia TriStar Filmes do Brasil
30553,Artcam International
1788,Irving Allen Productions
74810,"Tokyo Eiga Co., Ltd."
18283,C.G. Silver Film
4878,Virgin Vision
2141,Kaleidoscope Entertainment
1576,Nadiadwala Grandsons
10618,Filmstudio Bucuresti
19397,Revolutionary Eye LLC
77884,Marza animation planet
11595,Clodio Cinematografica
568,Saito Entertainment
84840,Thousand Cranes Filmworks
25262,Carolina Film Works
55587,Inkas Production
93133,Cinco da Norte
13620,Frenetic Arts
11569,Chum Television
15546,Cine Groupe
65864,Actober Films
27095,Rainforest Productions
2532,Batjac Productions
21921,Blaustein-Baroda
7378,Magical Elves Productions
549,Swanford Films
18202,John Houseman Productions
81837,Sophisticated Films
3038,Katsu Production Co. Ltd.
27472,Gerico Sound
5545,Mobra Films
9998,Umbrella-Rosenblum Film Production
1363,Haft Entertainment
86169,Handshake Productions
1045,Marmot Tandy Productions
11708,Madison 23
2857,Wildheart Films
74212,Alvernia Studios (koprodukcja)
6624,Tohei
60620,Mystery Train
11082,Five Drops
21267,Cicrus King Productions
76893,Conseil Général de Loire-Atlantique
25120,Warner Animation Group
78039,RFB Enterprises
88333,Abyssa Films
12262,Dragon Studios
77973,Lord Miller
3146,Starway International Inc.
23607,Raindance Entertainment
1885,Silver Pictures
68621,St. Petersburg Clearwater Film Commission
11148,LMG Pictures
16686,Pluperfect
42694,Shri Sai Raam Creations
63189,Carmel Creek Productions
21892,Ascension Productions
6382,Goldfish Pictures
19325,Spire Production Company
24902,Macari/Edelstein
78132,Chongoing Film Group
10507,Sandrew Film & Teater AB
25690,Promark Entertainment Group
25794,LTB Films Limited
55142,Wigwam Films
75375,Evan
37358,Initial (II)
11003,Beagle II Productions
12118,Millstreet Films
42205,Black Valley Films
83351,Cooperativa Immaginazione
71029,Newport Films
1036,Academy Pictures
69539,Ramo Law PC
50080,Mister Lister Films
4059,Independent Film Channel
52678,The De Mann Entertainment Company
52767,Cinealpha KG
89189,South Pacific Enterprises
58662,Molenwiek Film BV
95599,Aboretum Productions
6335,Lost Liner Production
16704,Joda Productions
19554,SAI Productions
66285,Precursor Entertainment
9138,Sveriges Radio (SR)
52574,SPI Film Studio
29311,Media Farm
21959,Angels & Airwaves
73953,ELC Productions Ltd.
64854,Greencard Pictures
7529,Wanda Films
33152,Theo Angelopoulos Films
8821,Management Company Entertainment Group (MCEG)
3372,Fechner Audiovisuel
22701,Directions Inc.
40979,Ellen M. Krass Productions
22057,Zen Films
53804,Waadi Animations
64744,Mongrel Media
77852,Ramcity Productions
22615,Chan Ye-Cheng
18332,Las Producciones del Escorpión S.L.
95,Hazazah Film
3985,Maruti International
1399,Fair Film
4660,Plymptoons
7662,Epic Pictures Group
53497,Kinologic Films
11731,Bavaria Film International
11127,Sherpas Cinema
88639,Number 13
35118,Skatetown
8555,Nordisk Film- & TV-Fond
54386,Migdal Filmes
18073,Actual Films
52660,M Productions
65444,Nanking Military Area Command Of The TV Art Centre
50820,Medienwerkstatt Wien
12724,Cinemec Produzione
65559,Bottom of the Ninth Productions
855,Titti Film
93009,Wolfgang Reinhardt Productions
68795,FilmTiger
95305,Stay Free Films
3795,61* Productions Inc.
69967,Takao
88931,Cinemand
18063,Magic Picture
44721,Idea Film
80714,24TL Productions
1216,Dino de Laurentiis Cinematografica
85554,Egoli Tossell KLK
7830,Filmakers S.r.l.
5150,Bronson Avenue
58597,Post Manila
65532,Roxy Film
77268,P.C.L. Film Studio
45440,Geechee Girls
6446,Total Entertainment
55994,Tetragram
404,Allegro-Film
73770,Bare Bones Productions
59689,Société Cinématographique des Studios de la Victorine
89562,Internationale Filmproduktion Stella-del-Sud Third
8814,Ten-Four Productions
63637,Small Moves
68660,De Andra
38159,Burning Sky Films
20418,Banca Popolare di Vicenza
36426,Platform Entertainment
73577,Armada Productions
38970,Allegro Films Distribution
3170,SLB Films Pvt. Ltd.
68738,Black Hangar Studios
68527,The Klockworx
1105,Hofmann & Voges Entertainment
43957,Satori Films
64231,Office Shirous
78707,Filmlance International (koprodukcja)
16775,Arnold Kopelson Productions
20193,Walt Disney Company
1139,Heron Film Productions
22974,Automatic Media
63639,New Fida
49731,Dreamagine Entertainment
20474,Wandering Star Pictures
19114,FAM Productions
2521,Golden Harvest Company
74910,Spotlight Pictures
72591,Prayer Flag Pictures
16449,OneZero Productions
20846,Président Films
7319,John Heyman/Peter Watkins Production
7074,Studio
3228,Motis Productions
14418,Ugur Film
11520,Manitoba Film & Music
25790,Leverage Communications
52759,Public Road Productions
72565,Kawoosh! Productions DTV I
95295,Crossroads Entertainment (II)
33862,Cetus Prodution
1946,Eikon Film
60,United Artists
64398,Iris Group
84521,JAM Films
15499,Euro American Films S.A.
7216,Double Dutch Films
80652,"Sunday Horse II, The"
51753,Bedlam Pictures
14941,Constellation Entertainment
2260,Les Films Marceau
21633,Ernst Lubitsch Productions
5303,Moody Street Pictures
68540,GHK Kassel
68732,Madigan Film Productions
76915,CPH Film Fund
5690,Pop Movies
7652,Diamant Cohen Productions
40560,Filmed Imagination
23660,Geisler-Roberdeau
74959,Film Studio Tanka
36174,O.T.A. Productions
72698,Son of a gun Productions
21948,B.A. Produktion
93542,bob industries
3500,Move Movie
89248,Chaise Lounge Productions LLC
68596,Cineyugg Entertainment Pvt. Ltd.
14730,Serene 9
16792,Open Pictures
58596,Reality Entertainment
12872,Penthouse Films International
14641,Athena Productions
67244,Snee-Oosh Productions
22197,Seat 13
17087,A.M.A. Film
34033,Copra Films
76032,"ZRF ""Kamera"""
8215,Edward Dryhurst Productions
267,Beverly Detroit
860,Celluloid Dreams
20243,Thaba Media
54392,Soho VFX
32292,Leonine Verse
40245,Quality Filmed Entertainment
52618,Artists Independent Productions
64899,Make A Move
11785,Alcove Entertainment
21857,Tool Shed Productions
71891,Diablo Movie
24217,Paragon Entertainment Corp.
78951,Tianhua Xiuxing Media Co.
30277,Janus Filmproduktion GmbH
35511,Cristal Producciones Cinematográficas S.A.
22513,Gorai / Samuelson Productions
29305,Kaleidoscope Films
7705,ITC Movie
18667,Parallel Media
11404,Stanley Donen Films
2990,Departure Studios
78367,Protein Entertainment
53195,Nix Films
5856,Sci-Fi Channel
56994,SBA
16192,Hera Productions
7873,Autochenille
27025,Arrete Ton Cinema
13062,Kaname Productions
2514,Alliance Films
76270,Maipo Film
10503,R.M. Films
5001,Conacite Dos
619,Terra-Filmkunst GmbH
71095,Farallon Films
76797,Peninsular Media
5894,Lightning Strikes Entertainment
7420,Stone Village Pictures
17563,BXR Productions
20734,Warner Bros. Feature Animation
1448,Pro-ject Filmproduktion
11390,Melville-Talbot Productions
25885,Green Dog Films
31235,Cable and Wireless Finance
101,Roxy Film
13693,Swingin' Productions
28756,Walking Pictures
24199,Full Body Productions Inc.
57738,Rue 21 Productions
54269,Golden Square Pictures
41954,Producciones Tepeyac
83315,Bayt Al Shawareb
12702,Hollywood Sky Entertainment
12975,Ponty Up Pictures
469,Hemdale Film Corporation
91402,Lexington Productions
90780,Riff Raff Films
1719,Canana Films
11997,BNP Paribas Fortis Film Fund
21149,Front Films
4068,Skyline Pictures
2358,Laroux-Ciné
12752,Bait Productions
17224,Direct 8
62532,Majestic Films
52539,Young Lake
14377,J. Arthur Rank Organisation
26610,Dixie Theatrical Corporation
17,Warner Bros. Entertainment
8834,Tin Blue
54378,Fabrica
12221,Modern Girl Productions
3593,Brandenberg
64812,Nova Televisió
308,The Weinstein Company
7456,Cofinova 6
4952,Canadian Film Development Corporation (CFDC)
72663,Flynn Entertainment
78046,Cinedoris S.P.A.
13760,Viscount
27104,Imaj
3558,Ariola Productions. Inc.
86255,Simaye Mehr
20873,Columbia TriStar Home Video
44455,Viktorija Film
23814,Fox Meadow Films
25629,Kushner/Wyman Productions
1650,PECF
12183,Morgan & Chan Films
7152,Independent Films
8856,Intermedia
44428,Katzka
90399,Jay Smith Productions
41828,Ciné Cri De Coeur
62784,Yes Ma'am Productions
42876,Two For Flinching Pictures
6750,Pan-Européenne
10648,French Ministry of Foreign Affairs
79036,Big Lou House Productions
11925,"Dexia, Making Of"
21229,Field Recordings
563,Movieworld Productions
42136,Moxie Firecracker Films
11535,Jill Jakes Production
58716,Film Four
26607,Sedna Films
12334,Marquette Productions Ltd.
514,Silver Screen Partners
77919,O.D.D. Entertainment
21489,Beijing Heguchuan TV & Film
54600,Coldstream Films
19259,Ravenhouse Entertainment
8222,Nordisk Tonefilm
69889,Decade
3568,Teeth
52766,Seven Hills Pictures
22666,Story Film
89695,Trois Brigands Productions
8402,DePatie-Freleng Enterprises (DFE)
38436,World Film Music Limited
6545,Borderline Productions Ltd.
12049,Alan Jay Lerner Productions
17908,Rush Production
7394,Oxybot
29052,The New South Wales Film and Television Office
23009,Parachute Pictures
61110,Balaboosta Pictures
8506,Gideon Productions
90611,24 Horses
4416,Park Avenue Productions
4622,VN Productions
59488,Cinema Seven Productions
22863,La Sexta
63119,Bell Movies
26629,Transfax Film Productions
91359,Bell & Howell
15326,Gruzia-Film
18674,Lung Cheung Company Limited
4119,Jiveass Video
88251,Nonpareil Feature Film Corp.
1174,Delphi V Productions
31229,Cinéfrance 1888
27392,UFA Cinema
7753,Hang Phim Truyen
38197,United Image Entertainme
21699,WonderStar Productions
55840,Windwalker
87854,Taken 3
31078,Optima Italia
8816,Northern Lights Entertainment
84310,Christmas Comet Productions
38851,Moned Associated
35552,Chicagofilms
11043,A&M Films
2186,Filmline International Inc.
89145,Exposure Labs
63690,Circa 1888
51942,Krannel Pictures
24,Mikona Productions GmbH & Co. KG
7846,Escandalo Films
27927,Towa Productions
1037,Les Films du Livradois
68383,Edmund Grainger Productions
4179,ANS Production
15383,Tatira
17139,David L. Loew-Albert Lewin
5666,Capture The Flag Films
4759,D.W. Griffith Productions
15011,Go Paterson Films Pty Ltd
78875,Earth Girls
58932,Nickname Projects
60445,International Cine Productions
14679,Anouchka Films
26218,Guerilla Merah Films
73980,Felix the Cat Creations
9222,Excellent Film
2683,Rai Cinema
65064,La Banque postale Image
45015,Juliette Films
16186,ANFRI S.r.l.
37208,Vision Films
29165,Rialto Film
25902,6140 Productions
5615,Six Point Harness
13334,Lionheart Entertainment
66722,Sid and Marty Krofft Enterprises
6092,Licht/Mueller Film Corporation
194,Hobby Films
12485,Overbrook Entertainment
57178,Visie Filmproduktie
71816,Third Eye Motion Picture Company
36024,British Columbia Film Commission
74013,Huntington Hartford Productions
93906,Bindweed Soundvision
59914,Fogbound Productions
12031,Pôle Image de Liège
427,PSO International
3282,Larry Levinson Productions
9976,Trivisión S.L.
11929,Dear Film Produzione
16387,Skylight Cinema Foto Art
60997,Pietrzak Filmways
20043,Hudson Film
16834,Cinefarm
68086,CMO Producciones
89603,Teen Life Productions
22256,Cinéproduction
75998,Porta dos Fundos
68257,World Premiere Entertainment
85902,Mine Canarias
7009,Pan Européenne Productions
21920,The Steve Tisch Company
70055,Présence Africaine
31038,La Sienega Productions
11245,Agence Nationale pour la Cohésion Sociale et l'Egalité des Chances (ACSE)
33241,Israel Fund for Film Production
7356,Viacom 18 Motion Pictures
11326,Lauzirika Motion Picture Company
62942,Argosy Productions Limited
22602,Brains Base
25107,National Cenematografica
10942,Fábulas Negras
49969,Silver State Production Services
2204,Morocha Films
41641,Maiden Voyage Pictures
35803,Scamp Film and Theatre Ltd.
4788,Hollywood International Pictures
43291,Abhijatrik
10417,Star Cinema Productions
41278,Filmar do Brasil
72063,Zapruder Films
48215,Source Films
58840,Bellatrix
865,Motel Films
24843,Inosan Productions
72474,COF
1957,Warner Bros. Television
5349,Productions Cyme
16959,Elevenmedia
6221,Evolution Films
15595,Sparta Productions
39174,Big Biting Pig Productions
2791,Susy Suranyi y Asociados
16948,La Unión de los Ríos
68532,Saturn Productions
80020,Kim Ki-Young Production
3792,BOB Film Sweden AB
88334,Televisione Svizzera Italiana
6203,Lexyn Productions
2277,Antiteater-X-Film
20974,Cinematográfica ABSA
20577,Bagboy Productions
945,Cheongeoram
971,Centro Digital Pictures Ltd.
37536,Gaurko Filmeak
17967,Salt-Pan
11434,Région Nord-Pas-de-Calais
65834,August Heart Entertainment
3404,Golden Sun Films
16813,Alta Definición Argentina
38297,Seraphim Films Inc.
12657,Production I.G.
19774,타임스토리그룹
7890,Sirk Productions
81248,Simplemente
79434,Code Red Productions
18987,Unthank Films
2577,Studio 37
588,Mitteldeutscher Rundfunk (MDR)
3125,Mondayitis Productions
6643,cechi gori group
572,New Amsterdam Entertainment
11008,Inforg-M&M Film Kft.
6384,Universal Home Entertainment
16773,Courtyard Films
22155,Karagiannis-Karatzopoulos
8157,East Japan Marketing & Communications Inc.
58249,Resident Evil Productions
79948,Jawbone Pictures
40975,Vroom Productions
93870,Lighthouse Films
60266,PenLife Media
7553,Trionfalcine
8272,Cinenord Spillefilm
77633,Mainstream Pictures Oy
7635,Hanna Barbera Production
24906,Three Coin Productions
77187,La Maison de Prod
8914,RealProduct
10873,Location Incentive Program of Pusan Film Commission
28085,Capital Cities/ABC Video Enterprises Inc.
740,MTM Cineteve
15340,Rivdel Films
30997,Lascaux Films
14924,Nour Films
14804,Swedish Film Institute
22764,CALT Productions
73492,MadRiver Pictures
8866,Cinétudes Films
52590,Perceval Pictures
940,Cinekip
77598,First Company
84473,State Hermitage Museum
32327,VIP Cinéma 1
21811,Filmkompaniet Distribution
10478,Polsky Films
25129,Lumière Pictures
30249,IWC Media
34665,Fresh Produce Films
3525,Skreba Films
23903,Westwind
1810,Cosmic Pictures
8178,Comet Film
22231,Israel Film Fund
6956,Lucky UKFS
22034,B & T Film
26508,TNT Film Productions
52741,Virgin Wood Productions
52972,Michaelgion
861,Visual Arts College
7466,Radio Télévision Belge Francophone (RTBF)
11773,Artémis Productions
89473,Perfect World Pictures (Beijing)
12243,Lux Compagnie Cinématographique de France
3266,Otto Preminger Films
18922,Windy Hill Pictures
89083,Mystic Artists Films Productions
12042,Artistic Light
50796,Love Spell Entertainment
70973,Simon West Productions
6943,allien
20310,Sasquatch Films
1027,Rocabruno S.A.
19072,Les Films Marcel Vandal et Charles Delac
1713,Adel Productions
3716,Hungarian Television
23747,Tiglon
17913,Git International Film
77609,The Man
3743,BraxtanFILM
47702,Cinergy Pictures
13100,CiP - Europaische Treuhand AG
8575,Rollercoaster Films
52382,Film Servis
88100,VOO
10359,Contracosta Produções
5361,UltraFilms
11686,arte Cinéma
12402,Walt Disney Animation Canada
77194,True Blue Films
6177,Sunn Classic Pictures
81036,Tristero Filmes
4367,Roc-a-fella Films
3881,Desert Moon Pictures
75413,nordmedia Fonds GmbH
61827,Mayflower Pictures
65285,Palisades Partners
77381,Wunderkammer Entertainment
17027,National Film Board of Canada (NFB)
37438,Diplomat Pictures / Millco
50786,Apple Films
1073,Gordon Company
76985,Moiré Films
34070,Nu Boyana Viburno
3736,Jennings Lang
4126,GBVI
25427,Tiger Team
6113,A Ronald Neame Production
73043,Hiding in the Attic
59897,Daryl Prince Productions
55573,Invisible Children
36360,Crystal Jukebox Film Corp.
86863,FS Film
92395,Rumble Entertainment
22573,20th Century Fox Film Corporation
50819,Natant
21398,Delirio Films
12912,InPictures
14376,Steven S.A.
4301,Corey Marr Productions Inc.
3621,Sidonie
13001,SWR
15185,A.C. Lyles Productions
75077,Krakow Film Commission (koprodukcja)
18361,SWFX
82270,ATC Entretenimento
48428,VPK
5017,Mars Production Corporation
14450,Naive AB
25221,Batabat
7672,Mothcatcher Films
11432,SOVIK Venture Capital
56236,The See
39447,CMT Films
52655,Violet Films
42002,Velvet Spoon Productions
9115,Société Radio-Canada
40522,SBI Holdings
42043,Grokenberger Film Produktion
7997,Eurasia Investments
95940,Dream Cinema
6157,Arnold and Gregor Production
15749,Les Artistes Associés
78937,Soficinéma 12
94396,Dea Film
85470,Two Roads Productions
78134,Bon Voyage Film Studio
11658,Brainstorm Media
594,Capella International
78253,Man of Action
1691,Ilshin Capital Investments
7823,Cinéma Defacto
85742,Multivision
79651,Lillród Film
63566,Rebel Park Pictures
5882,Namco
62263,Figet
77175,Lunafilms Audiovisual
35989,American First Run Studios
10344,UGC YM
8714,Northern Lights Films
51199,Munich Film Partners & Company (MFP) MI2 Productions
3820,K%2FW Productions
34786,Empyrean Pictures
17965,Ashok Kumar Productions
62877,Lost Boy Pictures
15512,JEMD Films
58774,Prone Gunman A.I.E.
37844,Davis Entertainment Filmworks
5299,Choice Films Inc.
3718,Forum Sarajevo
12521,Shinchosha Company
86249,Karbonshark
15694,Bob Banner Associates
19142,DAR Motion Pictures
82128,Filmkraft Productions Pvt. Ltd
72116,Sein+Hain Film
475,JD Productions
9219,Produzioni Cinematografiche Mediterranee (PCM)
23745,Çamaşırhane
55267,Fidelity Films
42393,Lauren Films
89407,Remstar Films
69915,Erik Blomberg
2153,Saticoy Productions
79523,Codex Pictures
2389,Hugo Films
34381,Vedette Finance
16142,Haruki Kadokawa Films
41727,The Quaid Project
38003,Weasel Productions
70186,Finding Cinema
75499,Pym Films
1872,Bleiberg Entertainment
7483,Hearst Entertainment Productions
2378,Offspring Entertainment
43997,ICON production
21448,"Showcase Entertainment, Inc."
89301,Punto Guion Punto Producciones
34351,Elisabeth Films
72479,Anglo-American Film Corporation
13048,Les Films du Splendid
35265,Julian Wintle/Leslie Parkyn Productions
13699,Magnus Filmes
30847,Specta Films
35327,Codeblack Entertainment
11955,Sogepaq
58274,Maximum Gain Kapital Group
94953,Tag Spledour and Films
19404,Pinewood Studios
57927,Amber Entertainment
44537,Sabre Films
166,Peter Rommel Productions
13077,Animate-Film
5003,Jaffe/Braunstein Films
13122,Productora Filmica Real
45425,Beijing Silver Moon Productions
22294,NTR
6633,Voltage pictures
70636,MTM West Television & Film
61698,Argomedia Productions
2393,Peace Arch Entertainment Group
17782,Commercial Credit Holdings
5999,Grand National Pictures
4373,Enso Entertainment
12167,Chunichi Eigasha
81443,Grimthorpe Film
15662,Studio Chizu
20349,Uni Étoile 8
77672,Del Toro Films
76876,STEFI Cine & TV Productions
2943,GO Productions
3192,British Aviation Pictures
2361,Ad Hominem Enterprises
34787,Freight Yard Films
74172,Park Entertainment
40112,Pendle Mountain Productions
8349,"3, 4 Women Productions"
22897,ProdigyMovies
67025,REM Publishing Ltd
2268,Isle of Man Film
81166,Bellpond Films
70571,Hybrid LLC
4324,Pajemer Productions
19432,Producciones Balcázar S.A.
8618,Ciné Qua Non
45340,Titanic Films
57662,Ignite Media
54,The Independent Film Channel Productions
5534,IMAS Filmproduktion
77826,Mutual Productions of the West
16546,Lifelike Picture
53577,New Rose Films
812,Deuce Three Productions
4127,Lantana
36788,Joco
44177,United Filmmakers Organisation (UFO)
83404,MVM Entertainment
44992,Miho Film
92143,Triad Film Works
17468,Vision IV
69317,Flick Productions
89873,Newcomb Productions
3189,Blue Pen Ltd.
26342,Full Blitz Entertainment
8255,Antoinine Green Bridge
7141,Aascar Films
11104,TiMe Film- und TV-Produktions GmbH
20013,NT2 Productions
3152,Ovie Productions
7082,Samsara Films
55777,Hool/Macdonald Productions
45475,Studio Munka
1298,Jouer Limited
2717,Tempus
86465,Headmon Entertainment & Productions
5072,Twins Japan
1258,Michael Todd Company
33629,RWE
38272,The American Film Company
23084,Vertigo
50834,Britpack Film Company
5505,Fulwell 73
11382,The Archers
2884,Media Asia Film
75349,Weskirk
18714,Filmitakomo
21513,Ce Qui Me Meut
58215,Arora
44601,DBG / deux beaux garçons
61689,Mizan Productions
27204,Key Entertainment
29587,ASA
81300,Ciesla Foundation
90793,Dibakar Banerjee Productions
11401,Студия ТриТэ
86686,Flat Dog Corporation
41758,Four Luck Banana
22500,Highland Film Group
6710,BBC Drama Group
27620,Brandsmith Motion Pictures
1012,Parabolic Pictures
9075,Hughes Capital Entertainment
5181,Artista-Filmi
58550,Deerjen Films
5751,GENCO
7054,Landing Patch Productions
14351,Corridor Digital
38673,Glace Bay Pictures
81818,suburaya
41680,Bill Plympton Studios
23201,Be Gentlemen Limited Partnership
8019,Creative Differences
4062,Once Upon a Time Films
5836,Frankfurt Kurnit Klein & Selz
1378,International Apollo Films
72998,Gorgon Video
33831,Oasis Films
5123,Miso Film
13558,"Zespol Filmowy ""Plan"""
7646,Loma Nasha
1819,Cinema 77
10647,Unité Trois
14468,Morison Film Group
1630,Dream Entertainment
12247,thinkfilm
4608,New World Television
13536,mem-film
6466,Lyceum Films
34529,Vice Versa Film
78710,Attention Era Media
25918,Eulogy Productions LLC
85169,Poison Chef
28320,Rocket Pictures
13846,Borderline Productions Corp.
33531,George Fitzmaurice Productions
89464,ANG Film
1635,herbX film GmbH
402,Luna Filmproduktion
36452,Dominion Productions
1558,Touchstone Television
63968,Home Team Productions
64028,First Motionless Pictures
95662,Costa Rica Production Support
5307,R.K. Films Ltd.
4018,Drimtim Entertainment
74456,Home Media & Entertainment Fund
18522,Lince Films S.A.
24477,Rabinovich Film Fund Cinema Project
64216,Brad Krevoy Television
76721,Nanny McPhee Productions
25053,Jones Film
68968,Sang Sang Film
4231,Yeni Sinemacilar
943,Les Films de la Suane
72749,Naked City Films
12540,Memory Tech
79294,Akanga Film Productions
74617,John Magnuson Associates
4102,Clean Socks
5500,Winterfilm Inc.
73122,Jeva Films
78122,Essem-Film GmbH
28798,Adrénaline
49068,2425 Films
5778,Channel 4 Television
7951,Grey City
48860,Sataifilm
50882,"Stefan Wodoslawsky, Donald Osborne"
25654,The Imaginarium
2933,Tenth Planet Productions
64891,Ombadsman
78299,Screen Flanders
10945,Taylor Media
30161,Krakowskie Biuro Festiwalowe
5852,Raymond Leblanc
21099,Rickshaw Films
47462,África Filmes
42221,Munich Film Partners & Company (MFP) BTC Productions
57933,Logo Entertainment
81810,Franco Roma
56879,Add Word Productions
10571,Asylum Films
75399,Vertov.Real Cinema
3860,Nides/McCormick Productions
10394,Monkey Productions S.L.
75567,Amaru Films
17295,Telsun Foundation Inc.
72341,Black Gate Pictures
329,Typhoon Film
1639,Les Films Jacques Leitienne
12216,Dynan Productions
8989,Talisman Productions
6215,Bolex Brothers
17041,Full House
38097,Pickford Film
85425,Waddieish Claretrap
15224,Film Tank
22518,Edison Company
5758,Daybreak Pictures Ltd.
55873,Worldwide
2570,Bona Fide Productions
2414,Kiss the Cactus
55669,Focus-Fox Studio
38785,Neo Art
20838,Rendez-vous Pictures
6765,Sterling Entertainment
17874,Otmoor Productions Limited
19877,Everglades Productions
22348,Patriot Pictures
90195,Corrupter Production Service Ltd.
2319,Flicks Motion Pictures
38622,Redline Films
19638,Altitude Film Entertainment
3291,Provident Films
52740,Contagious Entertainment
8753,Triple Threat Productions
6398,Clan Film
8259,Young Wolf Productions
19124,Marmot-film
68037,Twilight Films
23232,Window Pictures
2167,Eran Riklis Productions Ltd.
729,Why Not Productions
35709,Hercules Films
85822,Luis Buñuel
95592,Waiting II
42184,John McCormick Productions
54879,Life Out Loud Films (LOL)
7143,Ayngaran International
5809,Frontier Works
22319,Centre Européen Cinématographique Rhône-Alpes
23635,Patalex V Productions Limited
10361,Matheus S.r.l.
62457,Actium Pictures
84484,Rafael Gil Álvarez
7371,Paranoid Pictures
53390,Sony New Technologies
2788,Avex Entertainment
3478,FlipZide Pictures
21147,Ovídeo TV S.A.
17422,Dogstar Films
29891,Miravista Films
24088,Cosmic Toast Studios
14750,Portrait Films
17179,BBC Arena
52698,Revel Entertainment
12000,Tapioca Films
51996,All For A Films
14361,Jaffe-Lansing
25060,Filmena
3376,Cinepost Studios
2489,Orizzonte 2000
6006,Night Chronicles
55518,Romero-Grunwald Productions
22745,Jerry Lewis Enterprises
6693,Four of a Kind Productions
40716,Quake Productions
16687,Film1
26803,Salomé
19800,New Century Pictures
2445,Cinédia
4564,Icon Entertainment International
55494,Sony PCL
1772,Mondex Films
56620,Texas Chainsaw Productions
84120,Cosmic Entertainment (II)
7748,Gatlin Films
72596,L'Aide aux Cinémas du Monde
10256,Disruption Entertainment
5056,Head Gear Films
39719,Green Productions
80909,PWD Productions
75414,Zentropa Entertainments20
91543,North West Vision
5385,Dong Woo Animation
17163,Production Media Group
58085,DMC Films
43597,M.B.S. Cinematografica
28121,H2S2 Filmproduktionsgesellschaft
32554,Bloom
7217,See-Saw Films
70784,IFC Midnight
23035,Star Entertainment
13981,Tal Productions
17100,Screen Classics (II)
13792,Perpetual Media Capital
75151,Cobra Film Department
23411,Elstree Studio Productions
23928,San Francisco Independent Cinema
20178,La Societe Generale du Cinema du Quebec
90571,Mirisch Pictures
95068,Holy Basil Productions
23959,Frame by Frame
10260,Melenny Productions
81142,Bachelor Party Productions
51524,Midnight Kitchen Productions
1102,Producciones Anhelo
40797,Prettybird
49847,MCP Sound & Media GmbH
4083,Tinseltown Toons
76443,Les Films de Chauvin
2746,Mission Pictures
19775,Derby Cinematografica
55254,WBMC
21222,HBO Independent Productions
14276,Cardinal Pictures (II)
1984,Government of West Bengal
75052,House of Cool Studios
14036,Division Films
14877,Dor Film-West Produktionsgesellschaft
6196,Carnival Films
5079,Fiction Cinematografica S.p.a.
12370,Filmax International
22038,Fujisankei Communication Group
67508,Domestic Productions
19892,Strada Films
4040,Dark Coast Pictures
65606,Sweet Tomato Films
74938,Rhino Media
26949,Hostage GmbH
37892,Keystone Entertainment
64054,Fool's Film
94059,Yodie Movie Craftsman
21335,Death Wish 5 Productions
3242,Base 12 Productions
26092,ERA FILM
3788,Gigantic Pictures
29490,Chaos Squared
84992,Red Umbrella Productions
8197,Gebrueder Beetz Filmproduktion
20897,Uni Étoile 7
10827,TVP S.A.
85653,Fire Axe Pictures
456,WCG Entertainment Productions
7405,Dimension Films
4764,Cinema 84
73180,Kinokompaniya Strana
4659,Plotdigger Films
16430,Kavithalayaa Productions
10510,Rosemont Productions
80298,Fadd Enterprises
3821,Phoenix Film Partnership No. 2
22949,Paradise/MGN
15489,Halicki Productions
1353,Hanna-Barbera Productions
84259,Amondo Films
70994,Zadan / Meron Productions
28824,Bacon & Eggs
1938,Scholastic Productions
68517,Studio Image
20376,Kalis Productions GmbH & Co. Zweite KG
26663,Zoetrope Studios
3675,Regner Grasten Film
8084,Galavis Film
2360,La Chauve Souris
7080,Initiate Productions
10988,Kantana Animation Studios
14745,Prairie Films
60295,RCM Produzione Cinematografica
83303,Rewind Film
15616,DIPPER FILMS
82958,Great Highway Company
24949,Aksoy Film Production
18008,A.I.P. Productions
67756,Illuminations
62139,M & A
78549,White Hot Productions
16733,Wilding Picture Productions
17451,Bloch/Woodfield Productions
79077,Jerry Leider Company
73898,Cinergi
2806,South Australian Film Corporation
89348,Ciné-Arys
17404,SenoReality Pictures
61241,Scarlet Fire Entertainment
19631,Truth Entertainment
40650,Babelsberg International Film Produktion
89506,Filmocom
62312,Lewis Pictures
95545,Poppy Productions
10463,Levy-Gardner-Laven
92018,Capricorn Pictures
42374,Displaced Pictures
19852,Marcel Hellman Productions
52888,UNAM
25680,391 Productions
93201,Goritzia Filmes
22219,Lenz Films
29050,Big & Little Films Pty. Ltd.
19425,Mark Stevens Productions
19177,Red Granite Pictures
53678,Corner Work
25383,Digital Cube
91745,Martin Ritt Productions
28757,Background Productions
25316,Dangerous Productions
4801,Teardrop Productions
35591,Vicarious Entertainment
71371,Jobete Productions
26261,Film Commission Torino-Piemonte
3538,Gunn Films
13696,Forefront Media Group
931,HAL Films
15103,Lance Entertainment
87721,Skellig Rock
23819,It's An Us Thing Productions Inc.
1808,Excalibur Films
1472,Delux Productions
21860,AKN Productions
41573,Sonora Films
15205,KRU Studios
21001,Paloma Films
14384,Translux
17890,Shepperton Productions
58853,Numéro 4 Production
13192,Fideline Films
1190,Alamode Film
19243,Memnon Films
20851,H2F Entertainment
67498,Mahzen's Film
21108,Fernando Trueba Producciones Cinematográficas
73982,Genie Productions Inc.
89995,HP Yorkshire Limited
16691,Shellac Films
64614,Fennada-Filmi
85350,Green Hummingbird Entertainment
26193,Les Films Plain Chant
7819,Lotte Entertainment
4221,Talent Television
3413,Selected Pictures
5461,De Angelis Group
15747,Michael Laughlin Enterprises
4207,Sahamongkolfilm Co.
8572,E1 Entertainment U.S.
93327,Columbia Pictures do Brasil
22203,Cofimage 24
1422,Killer Films
17813,49th Parallel Productions
37380,Silver Bullet Productions (II)
20278,Albert Granville
1599,GG Studio
1261,Scala Productions
8372,SPAD Films
76541,Flor de Loto Pictures
70359,Les Films Jean Renoir
20197,Rev Kids
12220,Lissus Media
49990,Ignite Productions
3882,Indiesyndicate Productions
58878,Zamora Films
93654,P. Greulich und H. Freitag
11186,Casa de Filme 4
4599,BE-Films
1252,Xian Motion Picture Company
11143,Madragoa Filmes
1283,Paris-Europa Productions
4319,40 Acres & A Mule Filmworks
3102,Renaissance Films
18586,Le Spot
85313,Ghosts Media
6383,Reveille Productions
46399,Home Movies Ltd.
24178,Three-Seven Entertainment
3110,Paco Cinematografica
1532,Sho Films
18542,Bods Film LLC
7691,BGOI Films
88609,Willie's Movies
13319,Axel Films
10246,Cross Creek Pictures
36614,Senator Film
21737,Tourmalet Films
31899,Sacromonte Films
36913,Max Film
5026,ABC TV
1324,Jerome Hellman Productions
54733,Orange Polska
17160,Gallery Films
41,Orion Pictures
84497,Santo Domingo Films
18046,Vox Film
21755,The Annenberg Public Policy Center of the University of Pennsylvania
10674,Fantasia Optikoakoustiki Productions
76469,JR Kikaku
28979,Family Channel
80561,Marcio Garcia Producoes
6205,FGH
4339,Rough Trade Distribution GmbH
3992,Hecht Co.
23202,Wigram Productions
17863,Otis Productions
6328,Dickhouse Productions
21287,CFCN Communications
11664,Altitude Entertainment
51596,Griffin & Phoenix Productions
4101,Dionysos Films Oy
63117,Producers on Davie
95804,Brosier
20544,Knightsbridge Films
41728,Petra Film
53610,AR-TL
5899,MGM
11558,Brideshead Films
18325,Hanauma Bay
72769,Yachaywasi Films
12553,Jan-Ken-Po Pictures
55151,Buckeye Films
76083,UGC DA International
54818,RedGuitar
51768,Asphalt Productions
17312,Pilot Moscow Animation Studio
86070,Gerber Company
37152,Gold Label Entertainment
36248,Levy-Gardner-Laven
4731,double A Films
93095,Israel Cable Programming (ICP)
3862,Keep Films
1041,Sacis
26889,Fresco Films
13209,Bullitt Film
89204,LATS Productions
17407,Reynard
63383,Matter of Fact Media
8501,Bayou Pictures
27760,Artis Film
56663,AT&T
62287,VSE Film
20899,Twins Financing
14298,Shut Up and Sing LLC
78565,Ghost Pictures
3071,EasyE Films
52295,RSS Production
377,Bandeira Entertainment
12137,Aura Film Partnership
18499,Schweizer Fernsehen (SF)
61915,Vic's Flicks
38963,Fontaine Sarl
93645,D.I.G. Films
4805,Film Ventures International (FVI)
93185,Rio Filmes
23861,IMF Internationale Medien und Film GmbH & Co. 2. Produktions KG
6960,Moteur s'il vous plaît
3610,Capture Film Internatrional
28440,Lacuna Filmes
73882,Trigger Films
5682,O Entertainment
15325,Nike Cinematografica
13695,Warner Bros. Japan
140,Pandora Film
32201,CrossDay Productions Ltd.
60662,JuntoBox Films
11341,Stage 6 Films
19744,Space Ranger Enterprises
6878,Canal Sur Televisión
34778,Yuma Films
40968,Exile Films
5654,DJ Films
22950,Production Concepts Ltd.
12828,Mike Medavoy Productions
15895,Cinémage 7
2964,Sidney Lumet Film Productions
15013,Embassy Productions
81301,Think Media Studios
83123,Dan Valley Film AG
89580,Flat Cap Films
3120,Final Cut Productions
9148,Pony Canyon Enterprises
19851,Pitbull Pictures
51569,UFO Films
77971,Bon Voyage Films
87428,Jaro/Noelle Production
64745,Cogeco Program Development Fund
2288,Michael Cerenzie Productions
5625,Contracuadro
5517,100 Bares
82939,Sachiko
38365,Robert Roark Productions
48266,Children's Film Foundation (CFF)
18214,Jean-Renoir- Dudly Nichols Productions
17560,Dansk Skalle HB
72067,Micheaux Book & Film Company
24297,Angels Kiss
62704,Filmstandort Austria (FISA)
11963,BMS Finance
74541,Studio Images 6
45470,Journey Productions
4290,Moonshot Pictures
68154,Hutch Films LLC
16727,Real Bean Entertainment
7314,A Small Production Company
648,Sony Music Entertainment Japan
20655,Sofica A Plus Images 3
48976,Jode Productions
11798,Région Provence-Alpes-Côte d'Azur
7410,Imax Film Entertainment
15175,Películas Rodríguez
2031,Playtone Production
3613,Cane/Gabay Productions
52160,Saturn Harvest Films
2591,C.E.R.
15042,Gun for Hire Films
52592,Jouror Développement
94135,SRA Productions
48480,RiverRain Productions
23647,La Sept Cinéma
13812,Major Productions
95255,Les Filmsoir
11589,Bidangil Pictures
12447,Woodpecker Films
11892,Copro Films
85102,RST Pictures
5710,Comique Film Company
86673,Helicopter Film Services
7118,Moby Dick Films
76466,Liberty Pictures (II)
47756,Aleph Motion Pictures
1526,Flaminia Produzioni Cinematografiche
2934,Excel Entertainment
34035,33andOut Productions
13588,Estudios Cruz Delgado
3092,Les Films Manuel Munz
84516,Les Films A4
79140,Go-Valley
61288,Nickelodeon
9377,Les Films Galaxie
80354,Les Films Soleil O
11259,Babylon
15755,Russian Ministry of Culture
89094,M.G. Films
6265,Skopia Film
21014,Gloucester Place Films
50249,Stax Entertainment
76629,Digital Ignition Entertainment
55017,Dire Wolf
86077,Palm Drive Productions
14610,Earl Grey Film
60626,Satan's Little Company LLC
77394,Cota Film
49327,Proposal Productions
4263,Afton-Linebrook
90227,Ton of Hats
18439,Sony/BMG
22864,Flatbush Pictures
4523,Deadline
5755,Constantin Film Produktion
11572,CITY-TV
311,Procirep
51249,SFDRS
63485,A & S Productions
22127,uFund
26254,Biscuit Films
72345,Boshra Film
37648,Henry S. Kesler Productions
44159,Busca Vida Filmes
18988,Story Bridge Films
37660,Eyecatcher
65785,Oiffy
2510,Mundy Lane Entertainment
12211,Octave S.R.L.
23688,VMI Worldwide
4917,Periscope Entertainment
29010,L.C. Borden Productions
4474,Enterprise Films
53936,Duque Films
16952,Blue Post
5025,Helvey-Pray Production
18259,Central Productions
2530,Double Helix Entertainment
60607,Andrew Wyly Film Company
52180,Solstice Productions
87714,Lucid
19214,Stargaze Productions
90603,Wide House
53906,Moviemakers Productions (MMP)
7116,Menageatroz
8538,Farraday Films
21905,C & L
62409,VisionPlus Fund I
58534,Alvy Développement
27832,Telvan Productions
10858,Southern Star Productions
44224,Egoli Tossell Film
14579,Corsair Pictures
16131,Dialchi Film
11574,MISR International Films
37337,FBO
21646,Richwater Films
21683,Barry Katz Entertainment
5938,bantam street
75167,Kultkino
26469,InDigEnt (Independent Digital Entertainment)
16835,Bates Entertainmant
7919,Sheldon Reynolds Productions
5241,Film Fund FUZZ
22464,Luminous Processes
37654,Igeldo Komunikazioa S.L.
16942,ARRI Film & TV Services
85101,JRSM Films
10531,Silver Screen Partners II
38100,Tristone Entertainment Inc.
10635,Films Paris-New York
23487,Studio Hamburg International Production (SHIP)
11573,Corus
21969,Belgique Ciné
91140,IGC Films
85029,A.U.M. Films
81165,Lapis Film
42154,Open Films
8568,Albatros Filmproduktion
7404,P.A.C (Paris)
67778,Tri Vision Pictures
77443,Реал-Дакота
3340,Dentsu Productions Ltd.
2688,filmpool
11540,MF Pictures
15131,Titus Productions Ltd.
20472,Millennium Storm
84937,VPS Studios
33025,winchester films
58549,Blancbiehn Productions
21784,Cinerenta-Cinebeta
73330,Charlie Banks
38291,LOT Productions
984,Institute of Culture
10861,Quite Nice Pictures
64531,Transglobe-Film Inc.
13433,Seasonal Film Corporation
7401,Delphi IV Productions
8703,Speranza Films A/S
78563,Willowbrook Regent Films
1508,Wildgaze Films
71515,AMKO Productions Inc.
18041,Armzfx
4612,Scheherazade
56253,Reflection Film
8252,Shineshow
38978,CanWest Global Communications
23483,Heart of Europe Prague K Productions
26669,Cine-2000 Film Production
12185,I.F. Produzioni Cinematografiche
436,1492 Pictures
36229,Wim Wenders Stiftung
2966,Paradox Spillefilm A/S
2008,BHE Films
20538,Triplex Films
65734,Azari Media
88920,"Pierson, Heldring & Pierson N.V."
53600,Spartan Productions (II)
7426,Sidetrack Films
3868,Full Glass Films
3864,Butcher's Run Films
4366,Major Independents
4198,Ixtlan
93241,M.A. Marcondes
10707,Deutsche Grammophon
73320,Stoecker Ecological
23439,MDBF Filmgesellschaft mbH & Company KG
3065,American Broadcasting Company (ABC)
81029,Radović Company
11393,Bregman/Baer Productions
23940,Cub Eight Productions
21660,Ankama
2157,26 Films
11140,Wonderful Films PLC
78991,Two Lane Pictures
53380,Guadalupe Productions
62351,Winstar Film + Video
10098,Dorset Productions
20357,For Sale Productions (Muse)
48427,E-motion Film
18077,Cine+
93661,Here and There Productions
13000,BR
81283,FIZ d.o.o.
2046,Revolver Film
7480,Comedy Central Films
90490,Crossing the Line Productions
6575,Crest Animation Production
16128,Tommy J. Productions
13838,Cinemarte
7631,T.R.A.C.
10713,Universal Studios Home Video
85943,Hong Kong Kai Fa Film Co.
3641,Silver Nitrate Pictures
10444,Imamura Productions
17286,Anthea
41127,Hermes Productions
24996,Storm Entertainment
79298,MKH
224,Wega Film
17712,Allegro Productions
44097,MIG Film GmbH
17722,PHI Film
7101,Star Union Skykee Film Investment Co
3968,John Woolf Productions
15974,MCMC
70998,game productions
23072,Schweizerische Radio- und Fernsehgesellschaft (SRG)
9248,Tigielle 33
7291,Olive Bridge Entertainment
1617,Q Television
24662,Pie Films
58254,Chamartín Producciones y Distribuciones
44620,Maria Farinha Filmes
65453,Mixed Breed Films
73904,Cinévision Ltée
3217,Purple Pictures
2745,Devotion Films
24412,Wolf Pack Film Works
7417,Convergence Entertainment
6941,Gloria Films
79500,Blackbird
71674,Dearfilm
11280,Maya Productions
88216,Rosa Film
66632,Doordarshan
53505,Serene Films
68293,Upstream Pictures
7908,JSBC Eudemonia Blue Ocean TV & Movie Group
6088,Esme
77942,Iterfilm
18135,Haworth Productions
62975,Benetone Hillin Entertainment
13718,Planet Film Productions
8316,WarnerVision Films
5648,Murakami-Wolf Productions
62958,Yonki-no-Kai Productions
1352,Fukasaku-gumi
17843,Dover Productions
12987,Filmmaker R&K
92615,bad axe productions
11640,Mobicom Entertainment
7933,Compagnie Cinématographique de France
34034,LStar Capital
8704,Bull Market Entertainment
178,Ghoulardi Film Company
16217,Williamson Kinematograph Company
28305,Winston Davis and Associates
72058,Sterling Features
64894,Cine Mobil
6275,BiBi Film
5866,Les films du grognon
82946,John Farrow Productions
14810,Fora Film
3119,Ashutosh Gowariker Productions
56310,The Organization
15403,Euro International Productions
10156,Affirm Films
39501,Timlif
64705,Vox & Hound Productions
60473,Gordonstreet Pictures
13242,Unanimous Pictures
40544,Giv'en Films
14563,Maysles Films
87638,True Lovers
32312,Four Horsemen Films
73334,The Poker House
49131,Thunder Associates
4191,Navarone Productions
40044,January Films
67259,Altus Media (Five)
10879,Tom Ward Enterprises
23397,Donner/Shuler-Donner Productions
51692,Without a Box
78697,Rum Jam Films
4192,Flight 33 Productions
11584,De Fina-Cappa
15396,Trinifold Management
4562,Cell
56010,Boy in the Box
314,Uni Etoile 2
45437,BiraBiro Films
63357,Infinite Lives Entertainment
93119,Gilla Company
18651,Bartlett-Champion Productions
15124,Associated Capital
35040,Jackie Chan Group
66029,Lorette Distribution
1162,Pray For Rain Pictures
72057,StylesFour Productions
84361,Pas de Quoi
46344,Frenesy Film Company
35984,Los Films Del Camino
1317,Charles K. Feldman Group
74829,monochrom Propulsion Systems
38857,Orenda Films
56403,Beachside Films
25469,Union Station Media
25164,Achterbahn AG
45084,Flavorlab
6880,Madman Films
26468,IFC Productions
13308,Guión Producciones Cinematográficas
80268,B | Movie Studios
56011,2 Bridges Productions
79428,Film Study Center
22103,Red Horizon Productions
27264,Liquid Noise Films
26648,La.Lune Entertainment
18449,Dschoint Ventschr
41607,Sheep Noir Films Inc.
2894,360 Pictures
92087,PraxiScope Productions
9973,Green Star Films
24159,Cinerenta Feature Films
83397,Reel Chefs Catering
1038,Bazelevs Production
18852,Heretic Films
2992,Acrobat Productions
6066,Showcase Television
1193,Lorimar Television
17947,T.V. Mikels Film Corporation
7979,Darclight Films
10854,Istiqlal Films
174,Warner Bros. Pictures
25925,Media World Television
26241,Jiangsu Broadcasting System
57341,Contenders Only
197,Rommel Film
7400,Olympus Pictures
90464,Quentin Quayle Pictures
40698,Firelight Films
44615,Gullane Entretenimento S.A.
55639,Cake Productions Inc.
26240,Stellar Megamedia
17619,Atlas Film
5878,Siriol Productions
11369,Sighvatsson Films
20060,쇼박스(주)미디어플렉스
8472,Thelma Film
2918,Shueisha
6131,SKM
48368,C.R.R.A.V
21237,The Collective Studios
37768,Galiardo Producciones
50892,Mr.Monster
18575,Parallel Pictures
6362,Flyboys Films
2976,Mile High Productions
25628,Blitz Films
77459,LLT Productions
3305,La Mouche du Coche Films
37492,54 Days Productions
17035,Dunhill Cinematografica
11890,ECN Motion Pictures
20221,Quatre par Quatre Films
12230,Roberts/David Films
12078,Studio Wombat
56833,Hamster Film
11061,Motion Picture Corporation of America (MPCA)
160,Pit Bull Productions
3626,Halas and Batchelor Cartoon Films
44816,Guy A. Danella Productions
15390,Super filmes
40240,Anyway Productions
11670,Producers Sales Organization (PSO)
25795,Wellington Films
32951,Venice Productions
95410,Tout à Trac Productions
36015,Narrow Edge Productions
17364,Infinite Frameworks Pte. Ltd.
6373,Bad Biology
37004,Emedia Films
79055,Vantis Pictures
2029,Estudios Picasso
84219,phi
16768,Miller Consolidated Pictures (MCP)
4394,Northern Ireland Film and Television Commission
74023,United Enterprise (H.K.) Corp.
63352,Terz Film
18549,Aristarain P.C.
12150,Parco Co. Ltd.
697,Alta Films S.A.
76482,Les Films 7
8831,Mad Max Films
3444,A Bad Way Ltd
10485,Drafthouse Films
49607,MSM Motion Pictures
74743,Sofiya
74045,SND Films
65082,Shutt/Jones Productions
78154,Neumann-Filmproduktion
789,Pallas Film
21866,Vesuvius Film Partners
11646,Carthay Continental
9153,Tiki Film
20778,First Film Company
22857,Tenk
4971,Brave New Films
4300,Viba Film
37583,Gristmill
6752,Home Box Office
22285,Mimosa Films
69328,Lodz Film School
3961,Dark Eye Entertainment
31716,Rollercoaster Productions
27735,Dodgeville Films
6281,Nephilim Producciones
2728,Millbrook Pictures
53244,Popolar-Film
87504,C2M Productions
15684,Wild Horse Productions
13955,H & J
36123,Vision Productions Ltd
21794,Stag Films
14602,Amuse
7986,M&B FILM3 BV
12345,Imagine Film
72460,Mayfair Productions Inc.
64814,Marta Cabrera
3577,Archer Entertainment
53894,Scorpio Studio
9,Gaumont
54839,One Media
22856,Billy Goat Pictures
45469,Nemours Productions
14309,CIP Filmproduktion GmbH
65273,Richard Price
2231,Trilogy Entertainment Group
69750,NW3 Films
43900,Tropicfilm
8347,RCN Cine
38002,Anne Carlucci Productions
16511,The Filmakers
23713,Poe Vision
8390,Wilco Co.
43382,Mavi Film
23096,Fries Film Group
25196,The Talking Tree
10760,VIP 1 Medienfonds
71334,Minos Films
65840,Texas Film Company
43672,Cypress Films (I)
76866,North American Film Enterprises
36383,Three Hearts Productions
91181,Tres Malandros
11282,USA Cable Entertainment
5569,Empire Motion Pictures
73934,Cleopatra
39985,Golden Harvest Productions
7947,"Moving Pictures, DPI"
88473,Three Waters Productions
40366,Noble Pictures
20580,Amazon Studios
32769,Americas Film Conservancy
63188,Bulgarian National Television
2346,Cinepartners Belgium II
3600,Bandora
92940,Florin
79289,Generation Iron Fitness Network
22632,Verisimilitude
77450,Green Flash Pictures
67709,Cinema City Films
11227,HDNM Entertainment
75364,Nikkatsu Studio
78981,Optipari Oy
10650,Cinéas
4109,Vision PDG
12306,GAME FREAKS
451,Medienboard Berlin-Brandenburg GmbH
77170,Hey Pal Productions
32229,Gallant Films
11713,MNG Films
23377,Tundra Film
6422,Sullivan Bluth Studios
2017,Film Roman Productions
41738,3L Productions
6176,Southern Cross Feature Film Company
15653,All-American
2798,Columbia Pictures Film Production Asia
14294,Thirukumaran Entertainment
13161,Tea Shop & Film Company
1521,Artemis Film
56448,Cirque du Soleil Images
26003,Huckpoten Entertainment
40796,Filmworks/FX
82322,Opera Film (II)
61208,An Indigo Dog Rescue
41800,Goya Producciones Cinematográficas S.A.
35872,Steve White Productions
82779,Cinepantera
16658,Burning Myth Productions
777,Future Film Group
60399,Central Film Office of the Iranian Ministry of Culture
4413,Gruber Bros.
46088,Jerry Catering Service
11098,The Harvey Entertainment Company
73179,Ramon Film Productions
3008,Wah Film Productions Ltd.
21594,Pathé Frères
1923,RTÉ
95948,KFM Films
4563,Oz Company
32837,Film Commission Regione Valle d'Aosta
86780,Département des Landes
15413,NCRV
6919,Shochiku-Fuji Company
2960,Brushwork Pictures
3269,Creative Thinking International Ltd.
47264,Watership Productions
75519,UTA
11474,Franfilmdis
70619,A + C Reuter New Cinema
5122,Parallel Films
17817,Warp X
71265,Scarlet Films
39520,Take 5 Productions
32995,Diane Productions
11757,Produzioni Intersound
22590,Fonca
14524,Hu Tong Communications
89624,Marisa Films
61411,Storyteller Pictures
3573,Celador Films
82312,Falcom Media
7289,"Weinstein Company, The"
49786,Brooks Media
5668,Red Carpet Productions
48197,Multitrade
38,Zespół Filmowy TOR
61696,NDF Inc.
77995,Lizland Films
59266,Idea Factory
3043,Elbow Grease Pictures
19228,Maurice Cowan Productions
6610,nazira
72703,Media Europa
25433,DEJ Productions
50382,Puck Film Productions
49168,Producciones Cabo S.A.
69194,Studio 352
317,Istituto Luce
10076,"Thekraken Films, A.I.E."
74153,Lai Wah Film Company
20313,Venture Forth
23330,Bloody Mary Productions
90708,Tuta Media Corporation
6368,Enigma Pictures
18684,Zhanr
76873,Kino
59559,Master Caution Pictures
38538,Protocol Entertainment
89165,Shoakuken
66172,Goods film
53461,Shark Productions
6851,Shin Seung-soo Productions
19935,DreamLogic Films
13194,DeepStudios
30399,ShoreFront Entertainment
24635,Flies
23809,Contravia Films
78217,Red Hawk Entertainment
1158,Love Streams Productions
22784,WTFilms
85266,Fitzgerald Film Corporation
2868,every tribe entertainment
3964,FUNimation Entertainment
79427,Peabody Museum
6084,Scalera Film S.p.a.
1122,CAPAC
44076,Hunnia Játékfilmstúdió
82552,Elevation Pictures
12659,Power Tower Investments
76509,Boku Films Pte Limited
23489,Huckabee's
78323,Lumina Films
36601,Shinkô Kinema
65760,Glaski Productions
3385,Hungarian Motion Picture Fund
70930,Bentley Productions
46114,Avala Film Working Organizations
53220,Sevilla Films
43635,Société Nouvelle Cinévog
38773,Ulysses
9263,Soho Moon Pictures
48685,Closer Productions
24269,Secret Identity Productions
3695,Trailer Park Partners
19104,프로덕션M
11669,Horizon Media Fund
3608,After Dark Films
50084,JoBro Productions & Film Finance
89090,Pataphysical Productions
16875,Secret Weapon Films
82491,Deluxe Australia
3326,Diagonal Pictures
42485,Oceanus Pictures
8755,Millennium Entertainment
83640,Studio Virc
38276,Frozen Rope Productions Inc.
3929,Robert Simonds Productions
30401,Prewar Cinema Productions
45347,Aetos Produzioni Cinematografiche
32634,Euro-Images
17234,Red Lion Sarl
1425,Udastex Films
91220,Internazionale Nembo Distribuzione Importazione Esportazione Film (INDIEF)
15156,The Collective
94765,Chemo
51084,Here Studios
42327,Universal Stage Productions
36612,Belhaven Limited
650,Bridge Films
23935,Terasource Venture Capital Co. Ltd
79559,Stunts Unlimited
21904,Mill Film
8421,Post Factory Films
72785,Dimension VI
2568,Lunar Films
26074,Eltham Strathmore Pictures
14222,Skyewiay
84994,Sofica Investimage 4
50848,Rovio Mobile
6197,London Weekend Television (LWT)
10950,Screen Queensland
53473,Canal+ Droits Audiovisuels
6211,Alpha France
26693,CoPilot Pictures
20542,Sun Entertainment Culture
3265,Deviant Films
3032,Nippon Shuppan Hanbai (Nippan) K.K.
24737,Laterna Film
62484,Idyabooster
68655,Feelmax
27711,Berlanti Productions
12410,Lleju Productions
24449,RSL Entertainment Corp.
23955,Ringerike Zweite Filmproduktion
2920,Irish Screen
49622,Neue Mediopolis Filmproduktion
22233,Sundance
84887,Kurahara Productions
2480,Alliance Communications Corporation
4793,Daybreak Pictures
3300,Doubleday Productions
35037,Evergreen Entertainment
7031,Dear America
8280,Fasad
16256,DViant Films
81225,Breakthrough Entertainment
10829,Pomarance Corporation
8277,Flach Film
2819,Screen Partners Ltd.
24015,HCC Media Group
11526,Violet Jabara Foundation
83497,Producer Capital Fund
46831,Premiere Stealth Rights
64893,Pixomondo
17208,Kwai River
12379,Internationale Filmproduktion Stella-del-Sud Second
259,Douek Productions
6401,Alan Greenspan Productions
737,Sidney Kimmel Entertainment
3150,Virgin Films
7546,Blue Seraph Productions
626,Independent Productions
75431,Kinosaurus
84447,Eduardo Coutinho Produções Cinematográficas
32663,Combo Drive Pictures Co.
11885,US Manga Corps
29651,Cléa Productions
75885,Arts Council of Wales
43445,The Nederlander Organization
4135,Animus Films
40997,Escima
22932,DOMA Entertainment
4448,Grandon Productions
18070,Heathrow Productions
60747,Mr. Smith Productions
6553,Archangel
82757,Edko Films Ltd.
17413,Frame 29 Films
26402,Little Stranger
521,DreamWorks Animation
49096,Yong Film
36204,Father Features
3669,Andrew Adelson Company
70788,Guanaco
16062,Bayahibe Films Ltd.
30133,Global Produce
46634,"Cosmopolitan Film Productions Co., Ltd."
60914,Sparklight Films
498,Debra Hill Productions
42171,Blue Spirit Animation
1502,NBC
20648,Banca Nazionale del Lavoro
66398,Top Pup Media
21360,Ken Kragen Productions
19754,"Associates & Aldrich Company, The"
21161,PolarStar Entertainment
14003,Willoughby Film Productions
45606,Plymouth Films
556,Sherwood
2767,Mace Neufeld Productions
18609,BoulderLight Pictures
70969,Mainline Pictures
16550,Nordic Screen Production AS
14220,Russ-Arts
4673,King Record Co.
23492,Izo Partners
12083,ARMS
8728,Black Dynamite Films
51771,Nine Yards Two Productions
9158,Spring Films
10528,Promer Film
77322,El Mall
2692,Wüste Film West
13920,Exclusive Films
50032,Skybound Entertainment
80290,La Banda Films
44821,Orsans Productions
16615,Point Grey Pictures
16316,Motion Pictures International
92478,Bergen Mabile Productions
16405,Galaxy Films
31400,International Films
11377,TCEP Inc.
12849,Gather Films
11386,Finanzia San Marco
29784,Breakdown Productions
707,Matador Pictures
87866,"Olivo La Película, El"
5970,Unicorn Enterprises
21836,Milchan / Van Eyssen
33242,Pimpa Film Productions
40529,Yoshidamasaki
22029,Canal Horizons
7377,Insurge Pictures
48738,Campbell Grobman Films
37408,Monkeys & Parrots
11634,Manitoba Film & Sound Development Corporation
1442,Cosmopolitan Productions
82014,Staff
12346,Mitteldeutsche Medienförderung (MDM)
34,Sony Pictures
55991,U.K. Tax Credit
73983,Yerli Film
432,Branded Entertainment/Batfilm Productions
33014,Eminent Authors Pictures Inc
65146,Zhi Media
37145,Brothers K Productions
37357,David M. Goldstein Productions
1171,Epsilon Motion Pictures
4561,Cohiba Pictures
46609,The Great American Dream Machine Movie Company
32668,Indéfilms 2
55538,Magyar Televízió Fiatal Müvészek Stúdiója (MTV-FMS)
15089,Talk Films
72062,Fumes Production
63048,Armonika Entertainment
11244,France 3 (FR 3)
83867,Periscop Film
1044,Franton Production
18557,Philippine Animation Studio Inc.
5621,Riverside Entertainment
9157,Starkis-Falcon Films
26387,LOVEFiLM International
85808,Mondo Furioso Filmproduction
25560,Barnesology Pictures
32537,Blossom Films
61506,Iliade and Films
37815,Skateland Productions
75584,"Shintoho Pictures Co., Ltd."
7201,Norddeutscher Rundfunk (NDR)
53651,Discovery Studios
624,Persky-Bright Productions
7033,Dreamlab
10654,Ran Entertainment
2612,Les Productions du Trésor
10778,Joseph Hamilton International Productions
21545,Wood Producciones S.A.
53987,Fantail Films Inc.
18083,Eden Films
1398,Les Films Corona
3314,Crescendo Productions
3451,Art Pictures Studio
20326,Neue Schönhauser Filmproduktion
17820,Mega-Vision Pictures (MVP)
11627,Necropia
14520,F8
33249,Israel Film Council
53014,Lansdown Films
22311,Blue Lake Media Fund
5176,Fortress Features
63193,Port au Prince Film & Kultur Produktion
42232,Green Griffin
5417,Juniper Films
38059,Cinema Enterprises
81595,Stareast Digital Laboratory
9300,TV Asahi
20290,United China Vision
24868,Mindel-Shaw Productions
27994,Wild Side Films
3184,Koo & Cee Film
75135,"Laong Dao Co., Ltd."
33168,Forum Ljubljana
36236,Showmen's Pictures
35858,Koo Koo Banana
53817,Stolen Film Productions
4493,Télévision Suisse Romande
15641,Associated Television International
52889,Catatonia Films
11149,Rebellion Pictures
54700,Pere Portabella
57088,Sonnenfeld Josephson Worldwide Entertainment
74625,Sunstone Film Productions
53007,Black and Blu Entertainment
56012,A2 Entertainment Group
6551,Se-ma-for Studios
30998,Latitude Productions
94551,4Go West Productions
61409,T2 Productions
44507,Regina Productions
65654,Trent Othick Productions
1740,Les Films Copernic
70430,Hakim
44774,Tinderbox Films
1166,Océanic Films
25151,Magdalena Produzione
78964,Tele Plus
34175,Fral Spa
67991,HSI Tomorrow Film
1914,Delfino Film
1553,Selznick International Pictures
85815,Bee-Hive Productions
2343,Red Chillies Entertainment
89162,True Stories Venture
11930,Kumar Mobiliengesellschaft mbH & Co. Projekt Nr. 2 KG
25714,Team Work Motion Pictures
20835,Deaf Internacional Film SrL.
7431,Sony Pictures Entertainment (SPE)
22259,Les Films Dargaud
35559,Institut Català de les Empreses Culturals (ICEC)
75358,Jay Silverman Productions
2009,Maipo Film- og TV Produksjon
69236,William Frye Productions
40446,Mi Sammy Productions
12074,Five Star Institute
28192,Filmakademie Baden-Württemberg
7882,Radical Pictures
7625,Automatik Entertainment
91800,Bancannia Holdings Pty. Ltd.
66271,Heretic Films
22298,Galactic Films
30082,Zodiac Pictures
4164,Square USA
26819,Sebor
51990,EUE/Screen Gems Studios
73765,Million Dollar Productions
6501,Dalrymple Production
72665,Bandai Namco Entertainment
55670,Intersound
1435,Left Turn Films
7461,Agence Algérienne pour le Rayonnement Culturel (AARC)
55,Decla Film Gesellschaft Holz & Co.
11729,Large's Ark Productions
10583,Independent
6596,UniKorea Pictures
84863,Elmalma Marka Iletisim
80393,Pen India Limited
61462,Ukrainian State Film Agency
36239,Anna Biller Productions
83538,Alleanza Cinematografica Italiana (A.C.I.)
16432,Sujatha Productions
59051,Viacom Enterprises
7589,DMK Productions
60464,Shostak/Rossner Productions
48441,KTF Films
53668,Cinematograph A/S
10453,Atlántida Films
31266,B&E Productions
3847,Shaler Entertainment Pictures
72918,Vistamar Filmproduktion
3655,REALise
73038,Artist Services
40124,Pamlico Pictures
49965,RCR Pictures
582,Hachette Première
2899,Revolver Pictures Co.
84772,Lupus Films
17094,Princess Pictures
27559,Bianca Film
41969,Annapurna Productions
37020,SEVER & SEVER
76795,Columbia Pictures Film Production Asia Limited
2988,Voice Pictures
85382,Michael Cacoyannis Productions
2032,Orange Pictures
73493,MadRiver Pictures
1638,Francoriz Production
11591,Hanhwa Venture Capital
10477,AB Publikfilm
5201,Mark Williams Films
12170,Velocity Productions
5718,Jack M. Warner Productions
6083,Royal Film Traders
52729,Minotaur Film Partnership No. 3
46381,Essential Entertainment
83581,Broken Compass Films
21441,Creamovies
3343,Warner Entertainment Japan
16943,Sri Sathya Sai Movies
18843,Soundchef Studios
78177,Spectrum Effects
2370,Merchant Ivory Productions
960,L.A. Films
72927,Bungei Production Ninjin Club
49166,Zuleika Farms
26686,Finnegan/ Pinchuk Productions
58442,Kapara Pictures
5707,Action Features
4615,Ubisoft
29,Topcraft
10785,Sud-Pacifique Films
39826,Land Niederösterreich
52782,Skladanowsky Film
282,Bookshop Productions
20515,Les Productions Meric-Matalon
11946,Raaj Kamal Films International
2233,Bristol Bay Productions
79989,Winterland Pictures
81963,Fader Films
12958,Calash Corporation
11481,Vision Pictures
71848,Watchmaker Films
1814,LQ/JAF
77683,Junior-Filmi
78703,Muse Entertainment LLC
20265,Brilliant Screen Studios
3041,Gainax
14911,kNow Productions
18203,Lion's Gate Films
13025,Les Productions de l'Amour Fou
38005,Neufeld Rehme Productions
3499,Societe Radio Cinema
4868,Asahi Broadcasting
12212,Uncharted Territory
22814,Falcon International Productions
63607,StarLight Films
5656,Peacock Productions
7516,Colt Produzioni Cinematografiche
85720,Malvern Pictures
12178,Red Hour Films
36973,Random Harvest Pictures
11537,Laika Entertainment
8362,Grading Dimension Pictures
12411,Kimmel International
4274,9.14 Pictures
47006,Production Genro
28064,Blue Light
20768,Istituto Luce-Italnoleggio Cinematografico
17666,Per Holst Filmproduktion
37842,Release Entertainment
4078,Triumph
11901,Divina-Film GmbH & Co. KG (München)
13097,Making it Big
48184,Hoya Productions
53918,MGB Cinematografica
6017,True Crime Channel
71837,Second Act Productions
22249,Shah/Jensen
3285,Christopher Filmcapital
65787,River Bend Pictures
3391,Österreichischer Rundfunk (ORF)
5756,Vif Babelsberger Filmproduktion GmbH & Co. Dritte KG
37300,Devin Entertainment
93091,Red Light Films
3627,Warner Bro. Japan
12621,Doosabu Film
16549,Animatógrafo II
6735,Participant Media
104,Canal Plus
10303,Rapsodie Production
39017,Friendly Cat Productions Ltd.
10455,Produzioni Cinematografiche Europee (P.C.E.)
11147,Canvas Pictures
85823,Archery Pictures
23875,Palumbo
17382,Thud Rumble!
53509,Wrong Men North
1156,Conundrum Entertainment
20153,Film 44
26173,Barnsnape Films
51590,Meatball Animation
42346,The Movie Company Pty. Ltd.
79808,Cast N' Crew
22927,Raygun Productions
385,Stanley Kubrick Productions
7613,The Hatchery
60303,Magellan Pictures
30334,InterAL
1046,Prime Film Productions LLC
94942,Radiant Advertising Company
66206,Ceskoslovenský armádní film
9223,Paramount Television
17794,Cinemagic Pictures
64201,Golden Eagle Features
4665,Addis Wechsler Pictures
21980,Fender Film
74253,Bioscope
48945,West Eagle Productions
3264,Columbus Circle Films
942,Fin Août Productions
29028,La Lanterne
43842,Colossal Entertainment
52724,Film Council Premiere Fund
84280,Oi
17838,Layton Film Productions Inc.
79916,Demarest Media
39609,BIND
90586,There Will Be Trivia
40005,Ajace Produzioni Cinematografiche
405,Giorgos Papalios Productions
31117,Dovidis
26133,Armor Films Inc.
25646,Buena Vista International
14345,Cinemabrain
8065,De Productie (co-production)
47986,Technicolor Motion Picture Corporation
93567,Fubar Films
16670,Société Nouvelle de Cinématographie (SNC)
7513,Jason Productions
5458,Sony BMG Music Entertainment
7818,Frame Werk Produktion GmbH & Co. KG
62412,Red Bike Films
81131,Rosa Productions
142,Silver Films
7704,Pupkin Production
17911,Wide World of Entertainment
48476,Cinequanon Pictures International Inc.
8815,R & R Films
61312,Coproducción GB - USA - Francia - Alemania - Italia- Rumanía
628,Alpine Productions
16786,Tomorrow Entertainment
57975,Sunrise Pictures Company
10923,Showbox/Mediaplex
5580,Vertigo%2FEmotionfilm
39223,Empera Pictures
6661,Cinema 175
79635,Superfly Ltd.
786,Bizibi
3147,Boyd's Company
7946,Maxim Magazine
10932,The Criterion Collection
23873,PolyGram Filmproduktion
13684,Kerry
4588,Egmond Film & Television
68258,Tule River Films
78590,Contact Films
94015,café opera
64275,Bulgarian National Film Center
20789,Red Rover International
19422,Cannon Entertainment
1031,Filmazure
155,Nimbus Film ApS
47635,Ed Friendly Productions
44804,Metropolis Project
6887,Ominous Productions
2703,Cipango Productions Audiovisuelles
26712,9/02 Entertainment
18148,Sobras Producciones
21256,LOL Comedy TV
4294,Merry Film
11034,Tordenfilm AS
2844,Prospero Pictures
5162,Memento Films Production
3083,NRK Drama
7332,Chako Film Company
42322,Lew Seiler Productions
265,Runteam Ltd.
11794,Lunanime
24262,Dispictures
27318,Mulholland Pictures BV
76057,Arista Films
84008,GB Instructional Films
83587,Pure Pictures Entertainment
87008,Universal Pictures Co. Inc.
82448,NP7
20643,Mandragora Movies
94375,Everyday Pictures
45729,Pioneer
50510,BBC Storyville
32930,FAMU
37294,Think Again Productions
4539,Leon Fromkess-Sam Firks Productions
3304,WY Productions
1779,Tokuma Shoten
13359,Marten Pictures
51850,Tohokushinsha
16268,El Toro Productions
11534,MTV Productions
56890,National General Production Inc.
16135,Globe Film
38517,StarCom
45899,Doki-Doki Productions
71895,Supermarché
34578,Aquifilm
3489,Jambox
61202,Kick the Machine
23719,Prey LLC
43793,Trillion Entertainment
87977,lobos grande
15664,Eurozoom
7817,Defender Production
8976,Media Max Productions
5237,The Saul Zaentz Company
5548,Bona Entertainment
11768,Samboo Finance Entertainment
14156,Mercurio Domina
75212,MAFIRT
73707,Silver Bullet Films
44205,Scorpio
10466,Fretboard Pictures
6402,Mars Media Beteiligungs
25562,Novem
4344,Rootbeer Films
1214,Guild
25568,Filmus Productions
84798,Dreamlab Films
77681,ZCL Produções Artísticas
8333,Jetlag Productions
47612,Dimitri Dimitriadis Film
8435,Xuxa Produções
43274,Hurricane Films
3358,Discovery Channel Productions
74834,Bärenfilm
70140,A.P.P.P.
37167,Don Bluth
66256,Grossbart Barnett Productions
82084,Thunder Communications International
78555,International Film Trust
14185,Canadian Film Centre (CFC)
9971,Castafiore Films
5771,Boardwalk Productions
36252,Centre Cinématographique Marocain (CCM)
44568,Sunny Side Up Films
2566,Mille et Une Productions
326,Laura Ziskin Productions
69287,Coproducción Francia-Bélgica
86115,Relativity Sports
79960,Bunker Features
7918,Mandeville
70587,Gimages 3
17369,National Geographic Channel
36431,Location Gourmet
30258,Generalitat de Catalunya - Departament de Cultura
74792,Cinematrix Film
83329,Edition Salzgeber & Co. Medien GmbH
73663,Rekord Films
73062,The CTB Film Company
4870,consolidated documentaries
8581,Filmanova Invest
10562,Mancori
22452,Ultimativne Medijske Atrakcije
504,Carolina Bank
73441,Centre National de la Cinématographie (CNC) / France 3 Cinéma
93092,Sundance Institute Documentary Fund
20616,Electric Pictures
24419,Passenger
13899,The Kanipakam Creations
7428,Meno Films
4676,ABS-CBN Film Productions
6090,Selmur Productions
61773,Vico Films
81809,Dorica Film
71888,Monofonus Press
94912,Cineline
24476,MG Films
8436,Ponto Filmes
49959,New Form Digital
8779,WW Production
55772,Production du Cirque
64732,Interzone Pictures
61386,Performance Pictures Inc.
50574,New York Motion Picture
46340,Runaway Fridge TV
24346,ARK-Film
12583,Minds Meet
20363,Equity Pictures Medienfonds GmbH & Co. KG IV
20991,Lainie Productions
59293,Kabir Khan Films
947,Cowell
38011,2S Films
14019,Magic Elevator
28179,Boulston Productions Limited
8565,Mapa Filmes
5786,Warner Bros. Entertainment Finland Oy
80312,Berserker Entertainment
18572,Oudine Productions
1640,O.N.C.I.C.
4915,Lea Film
8845,Ladbroke
83652,Bluff Road Productions
44623,Far Moor
81293,Internazionale Nembo Distribuzione Importazione Esportazione Film
1881,RAF Industries
18392,Monolith Films
13113,A-1 Pictures
54838,Indieproduction
1305,L.I.F.T. Production
7249,Frontier Studios
40799,Sodium Fox
71490,Eclectic Pictures
11642,Ex Machina Film Partners
3028,RMA Productions
16206,Pax Films
15845,Godmother Productions
2983,The Mayhem Project
8647,NEW Century
17449,Grosvenor Park Productions
36064,EquiMedia Group
64663,Studio Solutions
44338,Movie Impact Ltd
3135,Furst Films
88601,CAOH Enterprises
26403,Wrecking Crew
19747,Brandywine Productions
72943,Bushwick Factory
8769,Art Linson Productions
58068,M.O.D. Productions Inc.
18926,B2FX
82551,Best Boy Productions
15975,keyeast
16066,Coronet Films
21621,Red & Black Films
25307,Ella Communications
6087,Conquest Productions
11255,Images Investissements
13913,Joseph M. Schenck Productions
67013,Coproducción España-Alemania; Morena Films
55455,Hollandia Filmproductions
41639,MindSmack Productions
7171,Laser
1847,Adder
71464,Zodiak Jerzy Hoffman Film Production Sp. z o.o.
76493,Layton Productions
11626,Tango Film
58453,Wilfried Ackermann Filmproduktion
457,Constellation Films
84496,Ciné Libre
90979,Heaven Pictures (Beijing) The Movies Co.
71815,Waterfront Film
82855,Pasacana Films
52910,Shallow Focus
746,MTV Films
39988,Essential Films
72641,"Bousis Film Company, The"
78226,Elite Film Production
87500,June Street Productions
70451,Jesse L. Lasky Productions
5884,Eidoscope S.r.l.
18370,Slovenský film Bratislava
22551,Westeast Films
11081,A Company Filmproduktionsgesellschaft
34766,Musée du Louvre
47055,Kadokawa Publishing Company
20920,Meercat Films
63982,Trade Street Productions
93607,Paper and Pen Films
90358,Someci
74150,iFeatures
84252,Waca Films
66209,eleven-55 Films
89486,Dream Factory Group
36554,DAL Arts
79104,Mañana
27817,Leningrad Popular Science Film Studio
51664,Grand Hotel Pictures
12004,Rademakers Productie BV
66386,Joma Films
61197,Valenti Entertainment
4340,Claussen Wöbke Putz Filmproduktion
94767,Proartel S.A.
14756,Roenbergfilm
72858,Guerin-Adler-Scott Pictures
453,Walter Reade Organization Inc.
39771,Starz Entertainment
64091,Hillbilly Television
17609,Triangelfilm
77949,Film International
23389,I Got a Fish Productions
15159,Snoot Entertainment
55129,Peace Arche Entertainment Group
1333,Benedict Pictures Corp.
828,Ultra Films
62408,Subzero Film Entertainment
48530,Kinokater
18058,Champion Production Company
2025,MBB Medienboard Berlin-Brandenburg
27013,Road Movies Vierte Produktionen
205,Mirage Entertainment
4527,Concorde Pictures
58239,La Ministre de la Culture et de la Communication
29264,Midnight Crew Studios
75932,Raindog Films
84651,Draco Films
14564,Black Chalk Productions
88919,Nippon Film Development and Finance
6172,Matila Röhr Productions
36205,Audley Films
27584,"Rainbow Film Company, The"
69434,B24
24575,Farago Film
23569,Globomedia Cine
52074,Musashino Ad
9096,Good Story Productions
22393,Babe Film
23702,Eh-Okay
1800,Pathe Communications
8134,3Sat
1421,World of Wonder
46240,Miscellaneous Entertainment
641,Titanus
716,Standard Film Company
85180,Last Exit Productions
17991,Jamie Uys Film Productions
64444,Pokeprod
20000,Parting Shots Media
25836,Altus Productions
20021,Dutch European
76236,Stacofilm
765,Tempête Sous Un Crâne Productions
37353,Aura Film
84498,Organización Santo Domingo
44921,Station Next
83693,Dynamic Range
41532,Promociones Audiovisuales Reunidas
55642,The Andre Company
497,Revolution Studios
56482,Arachnid Productions Ltd.
41530,ION Films
41269,Nord Art AB
12412,La Belle Allee Productions
91331,Main Journey
18056,Royal Films
86915,Made Oy
6850,Saerom Entertainment
14120,The Directors Company
19625,Lifetime Movie Network
29648,Kalyana Shira Film
18171,West One Film Productions
85711,Expressive Artists
5175,Instituto Cubano del Arte e Industrias Cinematográficos (ICAIC)
2623,Blue Rider Pictures
59972,IDEA Filmproduktions
68446,Katuh Studio
9341,Etalon film
2034,Corsan Productions
1204,Ascendant Pictures
13336,China Blue Productions
90680,Shanghai Hoongman Technology Co.
11322,Justin Pictures
27619,Tigmanshu Dhulia Films
3127,Screen Media Ventures
18774,Peru Productions
61106,Pure Dopamine
1570,Dreamz Unlimited
3061,Alfama Films
87213,Signal Film Group
75980,Rodajefilms
76403,Visit Films
12111,Vides Cinematografica
35562,Gamechanger Films
34710,Annuit Coeptis Entertainment II
4360,Strength Ltd.
7306,"Match Factory, The"
10774,Inphenate
3137,Jaleo Films
11952,Bigel / Mailer Films
3748,Shree Ashtavinayak Cinevision Ltd
79862,Crescendo Films
17546,Illusion Film & Television
7425,Braeburn Entertainment
80277,Desert Hearts Productions
76847,Connectic Studio
5708,The 7th Floor
54602,Spring Pictures
8827,American Playhouse Theatrical Films
3839,White Feather Films
65956,Modoc Spring
6179,Thorn EMI Screen Entertainment
9271,Hassen Brahiti / Studio Canal
29871,Qiu Fusheng
21738,Messaoud/a Films
68438,MediaPark Film- und Fernsehproduktions
7373,Tom Sawyer Entertainment
4725,Entertainment Securities
19598,Art Cinema Corporation
8213,United Artists Corporation
14554,Carrollton Inc.
11835,Y NOT Studios
62547,D8 Films
60622,Tempo Productions Limited
55536,Fondazione Montecinemaverita
7602,TBS Superstation
37445,Seven Keys
12750,Angry Film
25767,Caliban Films
2220,Universal Pictures International Germany GmbH
18268,Fourth Line Films
152,Icon Productions
2430,Estúdios Mega
1636,Studio Hamburg International Production
6930,Elle Driver
61423,Shaw and Sons
65547,Lascaux Media
17145,Tonik Productions
6120,Richard St. Johns Productions
9175,Filmko Pictures
11710,How Am I Doing Productions
12307,Creatures
10166,Alliance Entertainment
3235,Brookwell-McNamara Entertainment
6854,Benetone Films
4161,NS Pictures
37432,Bow and Arrow Entertainment
47078,S.N.D.
16723,Frederick Productions
3246,Feel Films
91210,Igris
2463,Filmex
89252,Arokaria
49697,Pandemonium Productions
80814,Pray Films
20582,Guardsman Films
62506,Studios Victoria Inc.
12362,Tracy Films
39649,Huayi Brothers Media
50246,Mirrorball Films
41314,Kinokultas
32771,Mojo Pictures
13465,Sovexportfilm
5821,BAC Films
6319,Field Guide Media
36956,Bullet Pictures
44815,Faction M
84253,Filmcooperative
79035,La Sofica Gimages 2
23480,Wong Jing's Workshop
19448,Geekscape Productions
72260,Two Hands Entertainment
14772,Warner Bros. Home Entertainment Group
78371,El Capitan Pictures
88549,P.T. Insantra Film
26927,i5 Films
18464,Budapest Filmstúdió
9196,Phil Cooke Pictures
24819,Lietuvos Respublikos kulturos ministerija
68247,Slam Pictures
84812,Árbol Contenidos
1871,Cofimage 5
92472,Foton Pictures
39328,Lost Rhino Films
73643,Film Publishers
3504,Barok Film A/S
6108,Media Plus
89632,S E Productions Inc.
38195,Transnational Entertainment
78645,Hom-AG für Filmfabrikation
37689,TALU Productions
23932,UGC PH
18352,Inspire Pictures
67081,Laura Film
15246,Aquila Film Enterprises
95598,Kirk Shaw Productions
22777,Pendrake Films
17047,Oh My Gomez! Films
19599,Inspiration Pictures
9245,Romano Film
72917,"Doha Film Institute, The"
2481,Platinum Dunes
16257,Filament Productions LLC
13547,NBTV Studios
66179,Destiny Films
69125,Mythri Movie Makers
37667,Aspen Productions (I)
95692,Sivela Pictures
8273,Eagle Rock Entertainment
85538,Kana Productions
6337,Main Street Movie Company
23308,Victor & Grais Productions
11884,J.C.Staff
1155,Incorporated Television Company
71972,Margin Films
22705,Midsummer Films
89085,The Black Room Cleopatra
4696,Same Player
32648,Don Ferguson Productions
576,Bard Entertainments
81808,Adriatica Film
70993,Ehman Productions
89953,Mascot Picture Corp.
45198,Deutscher Filmförderfonds (DFFF)
54409,Survivor Productions
7447,Personafilm
5895,Zaccheus Film Group
897,Taurus Films
6855,Granada International
89308,Wing Commander Productions
39835,Nippon-American Productions
28286,Low Spark Films
230,Boje Buck Produktion
3575,nu image films
11346,Motion Picture THETA Produktionsgesellschaft
85106,Further Productions
86711,Flash Forward Entertainment
34557,Taikei Office
19724,Fuzzy Logic Pictures
33603,ShivHans Pictures
44067,Wells & Jeta Entertainment
39861,Chemical Films
14169,Kinderfilm GmbH
11424,Fernando Trueba Producciones Cinematográficas S.A.
33290,Livin' Man Productions
8073,Nick Wechsler Productions
8908,Andalasia Productions
10890,Koan Films
3649,Central
65904,Alain Keytsman Production
93408,FortyFour Studios
22339,Company Films
20260,EMI Television
6518,MMM Film Zimmermann & Co.
60653,Launch Works
16441,Pacific Bay Entertainment Canada
19865,A Grand Elephant
368,Splendid Pictures
89970,Almond Tree Films
41796,JBF
73673,Participant PanAmerica
95257,Poly-Son
11313,Gemma
9320,Bass Entertainment Pictures
2945,Melbourne Film Office
3226,Cloud Ten Pictures
38599,Cane Toad Productions
5716,Polygon Entertainment
50879,Studio Gallop
18625,Pan Eurasia Films
2154,Punch Productions
45822,Simon Films
4099,Cactus Three
64052,Киностудия «Мосфильм»
83027,Spielmannfilm
5974,Making Movies Oy
4414,FBN Productions
40739,Eagle Eye Films Inc.
72796,Drama Free Zone
79561,Fujisankei
6175,Ram Films Inc.
12551,Screen Gems Television
55258,White Noise UK Ltd.
4582,Xi'an Film Studio
834,Potboiler Productions Ltd.
24180,Watermark Films
231,Initial Productions
62270,Camera Noire
46526,Xbox Entertainment Studios
88753,Yermoliev
76916,Association Beaumarchais
1072,Mysterious Arts
26594,B MediaExport
10079,The Walt Disney Company
67609,EMERALD GATE INDUSTRIES OY LTD
869,Dee Gee Entertainment
126,Lakeshore Entertainment
693,Alicia Produce S L
49321,United Filmmakers Group
5325,PFI Studios
44828,Azucar Entertainment
3524,Studio Pavla Lungina
8994,Films Jean Epstein
32910,SMB Investments
15993,Pig Newton
76529,Cinema City & Films Co.
15343,Trans Atlantic Entertainment
79271,Spiritus Movens
47562,C Joy Productions
19508,Mindhunters (UK) Limited
30818,Collective Digital Studios
48384,Rake Films
8334,Maya Films
22895,Parallel Entertainment Pictures
64827,Fresh TV
74278,Shinsei Film Company
2772,The Lab Of Madness
13644,Studioul Cinematografic București
66162,Entropy Studio
63392,Listen Film
26013,Class of 85 LLC
17928,A. C. I. Films
73385,Araucaria Cine
12352,Wallimage
47036,Universal Pictures International Production (UPIP)
49244,Buttercup Films Ltd.
20343,Film Capital Europe Funds (FCEF )
23098,Triumph Films
86561,Stereo D
48772,Hard Eight Pictures
7521,National Geographic
73037,Studio Filmowe Tor
4142,Produzioni La Regina
6273,Syrena Films
5298,Sri Surya Films
15519,Levy Leder Company
13168,Film Kairòs
21629,Aimimage Productions
21065,Fastback Pictures
55767,Künstlerische Arbeitsgruppe ''Berlin''
222,Société Nationale Pathé Cinéma
55428,Manderlay
36028,Bagman (2009)
65656,Rice/Walters Productions
1051,HSI Productions
23385,FishCorb Films
80346,Brighthelm Films
27133,Sanai Pictures
14840,Orchard Productions
13212,Chata Pictures
47226,When Angels Sing
73394,Geneon Universal Entertainment Japan
59127,RDF Media
13731,Criterion Films
73556,International Daunia Film
34777,Memory
56362,Junifilm
23215,Summer Magic
6346,Artist Film
72713,Ovnellfilm
46089,Talking Wolf Productions
12666,Jonescompany Productions
3074,Pantry Films
7212,Gangani Multimedia
25929,TNT Originals
342,Davis-Films
95947,United Film Distribution Company (UFDC)
13742,General Film Corporation
10430,Red Line Studios
614,Vanguard Films
15285,Lightbox Entertainment
54834,Strategic Film Partners
53259,Operation Eagle Productions
11656,Producciones Panicas
12965,Investimage 3
66331,Bonne Pioche
54238,European Film Company
38670,Greater Union Organisation (GUO)
52581,West Eleven Films
10118,Abra Producciones
7980,Hold Up Films
38207,Gradual Elevate Media
10611,Ciné+
77863,studio 8
67011,Perenquen Films
73954,Quality Growth International Ltd.
21754,Ostar Productions
93535,Imágenes
37666,Interfilms
76131,Four Brothers Pictures
4472,Aviva Entertainment
34206,Sagg Main Productions
82774,AZ Film Studios
92805,TPS Company
20865,TBC Productions
31076,Simon Kinberg Productions
82610,Nilsson House Music Inc.
64464,Kinoproduction
3267,Atlantic Entertainment Group
6817,Zehnte Babelsberg
2682,Propaganda Pictures
4842,Francinor
7990,Cloud Nine Movies
11677,Kameraudlejningen
2606,Idéale Audience
6043,MTV Networks
3011,TFM Distribution
36058,Karma Pictures
6998,Eléfilm
22700,Neighborhood Watch
59181,Evans Printing Co.
60281,Byzantine Productions
11274,Spitfire Productions
7058,Bill Kenwright Films
84844,How Town Film Productions
18595,ESPN films
48538,Blinker Filmproduktion GmbH
6550,Breakthru Films
87585,half-pint productions
13962,Innovisions
8363,Euston Films
84482,Songbird Pictures
52032,Madison Road Entertainment
28,Newmarket Films
68319,Lunde Film
80344,Punch Media
38674,Ciné Télé Action
79775,Vaughan Films
1499,Cineraid
2362,Bo Films
5111,Paradox Produksjon
57787,The Prod
61949,International Film Consortium
74216,Pusan Film Commission
51656,Pollux Pictures
49326,Underground
52860,Bates Entertainment
3044,fridthjof film
62924,WTFN Entertainment
86551,Boot Strapped Films
51382,Footprint Investment Fund
72595,Institut Français
8852,Virgin Produced
7042,IRIS Films
4626,CineEvelyn
26087,Tiger Tail Entertainment
12799,Silver Screen Pictures
3333,Enterprise Productions
78268,Enliven Entertainment
1846,Greater Films Ltd.
3963,Guacamole Films
37504,Rhea Films
12668,Arthur Freed Production
32300,Lava Bear Films
37665,Ohra-Sogeav
19330,Mannequin Films
88086,Spider Lake Films Ltd. Partnership (I)
37764,Sony BMG Feature Films
7402,Vistar Films
190,Alice Productions
8229,Per Holst Film
13866,The Caddo Company
70834,Size 9 Productions
59407,Frágil Zinema
1219,Baby Cow Productions
13481,Rhythm and Hues
57794,7Glab Entertainment
21136,James B. Harris Productions
50824,Panther
12184,Talent Aid International
40238,Alpha TV
11048,Boy Wonder Films
10217,Walt Disney Feature Animation
11926,Soficinéma 7
48136,British Broadcasting Corporation (BBC) Television
73999,Euphoria Films Production
6022,ATC 3000
30834,Last Night Productions
6869,Yer Dead Productions
10393,Vertigo Films
2539,Reaper Productions
8205,INCAA
20149,Paul Short Productions
46111,IBC Movie
5893,Big Finish Media
8351,Les Films du Gorak
12314,New Line Home Video
7557,Les films du Bélier
16814,Süddeutscher Rundfunk (SDR)
12630,Studio Green
22475,Eden Productions
10178,Tobis Portuguesa
8841,Pale Morning Dun
10718,Frank Lloyd Productions
2409,Red Lion
29856,Crudofilms
33449,Films du Palais Royal
33521,Da Huang Pictures
4186,Quickfire Films
14326,Mobilus Media
18941,Lorius Productions
17462,Antietam Filmworks
2064,Lietuvos Kinostudija
32251,Deutsche Film Gesellschaft (DFG)
8164,Kel Air Productions
2448,Yari Film Group
15957,Roy Del Ruth Productions
15122,Patti Enterprises
1397,Limbridge
78657,Towani Corp.
8541,Katholieke Radio Omroep (KRO)
5971,Krystal Motion Picture Productions
5440,Michael Curtiz Productions
4028,Crowvision Inc.
12726,Alcinter
12113,Canadian Broadcasting Corporation (CBC)
46532,ARTE F
28849,Drama Republic
84031,8180 Films
11553,Beijing Happy Pictures Cultural Communications Co.
18899,Taehung Pictures
3128,experiences films
77941,Front Row Filmed Entertainment
13057,Doral Film
13839,Metafilms
2994,Hollywood Gang Productions
4530,Estela Films
7462,EPTV
20206,Shelty
27373,Brasfilmes
824,Kopelson Entertainment
14367,Producciones Anco
4787,Gico Cinematografica S.r.L.
16790,K. Fujita Associates Inc.
84815,M Company
47287,Kind Hearts Entertainment
57818,Crystalite Productions
1530,Citel Films
17671,CFI Investments
31168,DayDream Art Production
67524,Sippy Films
21735,Comex
4363,Les Productions Mutuelles Ltée
3527,Green Hat Films
11050,David Kirschner Productions
71749,George Litto Productions
2030,Participant Productions
59691,Riviera International Film
742,Reverse Angle International
12103,Origami Films
16945,Red Crown Productions
32723,Ministerio de Cultura Perú
11142,Cinema Group Ventures
17644,Jörn Donner Productions
3039,Reunion Pictures
2506,Dreamachine
2915,Alma Films
60949,Hero Communications
50421,BehindTheLine Productions
6085,Venus Film
40020,Anzervos
90124,Gannon Films
23386,Scatena & Rosner Films
19126,VGTRK
15753,Sujac Productions
58855,Telling Pictures
67166,Grupo Cine Arte
3293,Atitude Produções e Empreendimentos
4919,Eros Films
84834,Gaijin Entertainment
18626,Kinology
72025,James Nasser Productions Inc.
6509,Blueskin Films Ltd
6404,Locomotive
2875,Ikiru Films
52288,First Wedding Productions
49180,SEE Film
77138,"Intl Union of Mine, Mill & Smelter Workers"
3725,Mukta Arts Ltd
14605,Toilet Pictures
7355,Creativity Media
17064,Charles Matthau-Jerry Tokofsky-John Davis Productions
321,Memfis Film
3813,Paralite Productions Ltd.
60481,Film Threat DVD
6317,Ascot Film
93114,Elementfilm A/S
28348,Quasar Pictures
12925,Buena Vista International (Sweden) AB
64673,Rigas Entertainment
10389,Raincreek Productions
37763,Sofica Soficinéma
80633,Simpson Communication Limited
33810,WWE Network
7512,"Georgetown Productions, Inc."
77197,Neue Vitaskop Film
23642,DMG Holdings
53042,Woss Group Film Productions
23843,Lawrence P. Bachmann Productions
17034,Doria G. Film
4396,NBA Entertainment
28005,Nice Drama
2301,Marvel Productions
744,Diaphana Films
69111,Steady Aim
7002,Trimod Films
7769,Barraboy Films
83316,Varient Busted Buggy Entertainmen
12054,Région Languedoc-Roussillon
3605,Films de L'Alma
3364,Micott Basara K.K.
598,Team Todd
20320,Prolific Films
23164,Entertainment Film Distributors
83857,Ubisoft Motion Pictures
14591,Arenafilm
18012,Pulser Productions
38775,Cinemaker Oy
12497,Tokyo Theaters Company
15893,Tax Shelter Film Funding
7424,First Point Entertainment
2980,Forge
84618,window seat films
32336,Christel Films
86001,Dynamo Producciones
77943,Hollywood Pictures Corporation (II)
1539,Fuller Films
2901,ADR Productions
11468,Charles B. Pierce Film Productions
67397,"We Came, We Saw, We Conquered Studios"
45969,31 Juin Films
19000,Göta Film
4965,Cinematográfica Filmex S.A.
70303,Gelma-Films
12188,Christopher Films
38154,Maurice Tourneur Productions
58204,3rd Street Pictures
39819,Private Island Audio
16017,La Cinéfacture
88981,Seaside Entertainment
7458,Cubicle Inc.
81884,El Virgili Films
951,Burskin Film
16209,Panamerican Films S.A.
8258,Extraordinary Films Ltd.
5359,Artic Productions LLC
23773,The Fyzz Facility Limited
74148,Mama Bear Studios
6972,OXB Productions
18168,Grand Films Limited
79436,Very Special Projects
55018,MBG Art and Film
2501,MAFILM Stúdió 1
39074,August 1st Film Studio
13407,Mandragora
10812,Sanen Productions
845,Sogécinéma 2
48668,Filmova Společnost Praha
43838,New World Pictures Ltd.
70421,Atlantic & Pacific Pictures
35124,Lyca Productions
14901,Anker Productions Inc.
17517,One More Pictures
6296,Nederlander Television & Film Productions
1039,Channel One Russia
5504,Kôkaku Kidôtai Seisaku Iinkai
15361,Luna Pictures
68723,Camarote Films
95309,Columbus
12120,Cinematográfica Calderón S.A.
3096,"Tyler Perry Company, The"
17946,CG Productions
12579,Republic Entertainment
32218,Terence Michael Productions
43459,August Films
1251,ARD
1590,Endless Entertainment
80169,Red Canyon Pictures
64416,Langley Park Productions
38798,I.R.M.I. Films Corporation
22592,Fort Films
83098,Neshane
53215,Get Lifted Film Company
5460,Shadowlight Productions
4343,Showtime Networks
50286,Broth Film
11724,Shizuoka Daiichi Television
8237,GMA Films
83663,MySpace
211,Film Finance Group
84890,Brad Zions Films
69704,I Lied About Everything Picture
4484,Armenfilm
57175,Mayday
3742,900 Films
17415,Casa de Cinema de Porto Alegre
39417,Robot
49297,blue ic
70605,Yorkshire Media Production Agency (YMPA)
58949,VISS
2665,Amour Fou Filmproduktion
27895,Veneration Music
10377,Feifer Worldwide
13044,Girls' Club Entertainment
17393,Good Universe
64403,Flying Turtles
57825,Colonial Productions
4006,Two Cities Films
10677,Toma 78
11445,Hank Levine Film
39720,ONE TWO Films
30535,Papi Chulo
70783,Mainstreet Productions
57002,Twelve O'Clock Films
47122,Doom Buggy Productions
37845,Principato-Young Entertainment
63208,Final Girl Productions
89079,Pico Pictures
27848,Pinnacle Media
13060,Cinetudes Films
66728,Rajshri Productions
84609,JWT
47196,Wenhua Film Company
35050,Sil-Metropole Organisation Ltd.
36191,Fine Arts Film Company
14553,World Enterprises
7048,Fridthjof Film
22643,Avatar Entertainment Group
3004,ZU33
55547,UFO Pictures
20688,Made in PM
24655,Barter Films
75690,Fondart
42152,Ariane Films
7228,Starz Productions
12389,Les Films Pelléas
5006,Exposed Film Productions AS
67985,Woodcote
12840,Red Box Films
8054, Check Entertainment
71625,Punk Cinema
1071,Spice Factory
29051,Lotterywest
85206,Bettencourt Schuller Foundation
12326,Tanlay
60263,Raindog Films
6032,The Vault
10767,La Huit Production
1117,Antenne-2
4569,Paws
57503,Nishimura Motion Picture Model Makers Group
44464,Stern Pictures
4113,Muti Films
5567,ALT Entertainment
79557,Traveller's Tales
23481,Suncent CinemaWorks
2272,Wide River Investments
10511,Doors Video Company
34664,Maja Films
73019,Filmzolfo
9035,Lighthouse Entertainment
23531,Columbia Films
62486,"Mouth Agape, The"
15521,Most Wanted Films
43390,Production Magic Inc.
93881,27 Productions
23617,Mediopolis Film- und Fernsehproduktion
38550,Guangxi Film Studio
25300,Shore Road Pictures
23787,Eclipse Catering
36746,Vans
9027,Hallmark Hall of Fame Productions
4095,First Run Features
25052,Saga Pictures
2207,Montfort Producciones
34479,Landau / Unger
57772,Movie Art of Europe
40249,Reboot USA
15419,Big Idea Entertainment
38289,Arrow
22297,Jonesfilm
17780,Cinesud
60345,North American Entertainment
22789,Embargo Films
18818,Grindfest
3581,Brad Krevoy & Steve Stabler production
40515,Growing Pains
22859,Hughes House Film
53669,What Else? B.V
83034,MCRS
58548,Lotus Sound
23384,Check Entertainment
18589,Cipa
65272,In The Bag Productions
34558,Asahi Soft Drinks Company
2433,BR Petrobrás
94199,New Zealand United
24070,Breakthrough Entertainment Productions
20305,Industrial Entertainment
1554,Transatlantic Pictures
25611,Hirschberg Productions
79083,Penance Films
8919,Bill McCutchen Productions
73144,Cine Chromatix KG
21459,Salamander Film Productions
9085,Cinet
2922,Levity Productions
95009,Monthyon Films
1973,Three Strange Angels
39288,Gotham Entertainment Group
12077,Viacom Productions
62414,Incendo Productions
12420,Casa de Filme 1
7881,Channel Awesome
55519,Exception Wild Bunch
23156,Bruce Cohn Productions
7353,Gateway Films
15704,Insight Media
4684,Roland West Productions
33817,Yellow Bird
20040,Screencraft International
14308,Security Pictures Ltd.
1728,Sandrews
95097,MAT IV
5498,Winterfilm Collective
49162,BFI Experimental Film Fund
16404,Abra Films
18972,49 Film
40984,Magouric Productions
9171,CinemaScópio
36547,SACI
29692,Tritone Productions
47186,Green Jacket Productions
11788,Compagnie Industrielle et Commerciale Cinématographique (CICC)
69586,Sever Studio
2680,Kurosawa Production Co.
25379,MediaPro Distribution
11847,Mitsubishi
87370,DMS Films Private Limited
2487,Rockwell Eyes
8430,Cliffjack Motion Pictures
5225,Johnson Production Group
20157,KMP Film Invest
39703,National Picture Show Entertainment
22136,Murder Inc.
33832,Aperture Entertainment
41511,Electric Shadow Company
77453,Pepon Coromina
13283,Israfilm Ltd.
4200,Dongoong Arts Center
21849,Val D'Oro Entertainment
20613,SC Films International
66160,Scott Free Films
55446,Arcana Studio
24544,Federal Agency for Culture and Cinematograph
46485,ETB
11036,Cinémanuel
68952,Mirashin Korea
23033,Cappa Defina Productions
32874,Volten
52884,La Competencia
10653,Filmarno
77739,Bergsten Music
4105,Amblimation
11539,Kobi Co.
346,VideoFilmes
54004,Optional Pictures
15896,Rézo Films
89814,Ministarstvo Kulture Republike Hrvatske
12255,Merry Gentleman
85140,Borderline Presents
5008,Zurbano Films
49147,Dexia
2677,Riva Filmproduktion
81139,Vanguard Animation
12093,Finos Film
26198,Dog Eat Dog Productions Inc.
67526,Merrick International
74752,Storybox Entertainment
1758,Tatfilm Produktionsges. mbH
84891,Tunnel Productions
997,Still Productions
1002,Eureka Pictures
44698,Producciones Gustavo Alatriste
11560,Screen Yorkshire Production Fund
82833,Industria Cinematografica Italiana (INCINE)
14,Miramax Films
49043,Heritage Entertainment Inc.
19188,Doomsday Productions
41247,Left Films
3741,C & C Brown Production
4989,Regina Associates
89522,Islet
59951,Bisgrove Entertainment
86623,Seymour Films
89388,Freestone Pictures
56376,Most / Rice Productions
61695,ASK Kodansha
3661,PVR Cinemas
9257,Cine Films
36418,Emergence Entertainment
67496,Avşar Film
37249,La Fabrique
17670,Jordan Films
62693,RVK Studios
2333,Lamb Bear Entertainment
973,Immortal Entertainment
33601,Insignia Productions
2239,Erato Films
3760,King Brothers Productions
10046,Wanda Visión S.A.
90899,Feelgood Films
81130,FAI Films
72251,Nordisk Film Production A/S
73892,Département des Pyrénées-Atlantiques
4794,Studio Eight Productions
80529,Mo Film
15524,Lewis Milestone Productions
40276,Skipped Parts Productions
39168,Picture Circle
75714,Bob Swerer Productions
75913,RCS Films & TV
11674,OC Film
76446,Palatine Étoile 12
83937,ASTON FILM
52148,Artifact 2613
14336,The Obsidian Collective
31700,Toluca Productions
24399,Brigand Films
13654,Worldvision
2101,C.B. Films S.A.
30288,Vice Media
12041,Lafalot
64948,Hillin Entertainment
8468,JBA Production
43631,Shankar Films
34027,This is Just a Test
57072,Sunley Productions Ltd.
22861,McMahon International Pictures
12876,Gordon Bijelonic / Datari Turner Films
7115,Savage Film
11778,F Comme Film
12269,ShadowCatcher Entertainment
68550,ADF Acquisitions
2975,NBC Universal Global Networks
53245,Pygmalion Productions
30983,Agav Films
16258,Madrose Productions
21076,TMF Metro
45494,Korean Film
545,Ten Thirteen Productions
12487,Alebrije Cine y Video
8798,Gates of Heaven
2652,Pyramide Films
13150,Naked Edge Films
32462,Studio Dadashow
20539,Upside Up Media Group
26609,CNAP/Image-Mouvement
23104,King of California Productions
7762,Casé Filmes
76902,Academy Photoplays
8366,Road Movies Filmproduktion
57939,Plutonium Production Limited
70772,Art Films Productions
75365,Catpics
8539,Leverage Entertainment
7858,The Nautilus Film Company
10703,Matador Motion Pictures
4181,Road Show Attractions
9152,Devon Film
47495,Clique Pictures
28950,Dschoint Ventschr Filmproduktion AG
30965,LTN Productions Inc.
21854,Star Partners III Ltd.
11564,Versus Entertainment
10672,Brooklyn Films II
559,TriStar Pictures
70654,Esperanto Kino
63583,Sutor Kolonko
18428,Prozesa
3462,Walter Shenson Films
5084,Altavista Films
4614,A&M Sound Pictures
40093,Callisto Entertainment
36472,Hobart Bosworth Productions
67679,Sting Occhiali
44236,Fortuna Films Co.
1531,Smart Egg Pictures
27726,Think Big Productions
2451,CrossDay Productions
37503,T Squared Film
15948,Boundless Pictures
10138,Double Nickel Entertainment
73852,Kordes & Kordes Film GmbH
13980,Jack Cummings Productions
6980,FoxTelecolombia
13464,Satra
21810,Filmoteka Narodowa Polski
90560,Film 45
5245,Mixed Greens Media
75286,UTI Produzioni Associate
55990,Parnassus Productions
52387,Next Turn Productions
7556,Global Universal Pictures
41816,De Familie
5346,Applause Pictures
51432,Zealous Pictures
38223,Dreamland
27499,AGGK Films
32782,"ZRF ""Kadr"""
554,Silver Screen Partners III
6352,Horsethief Pictures
32306,Elemental Media
5586,General Film Distributors
23333,Sola Digital Arts
33649,Finarco
8781,New Line Productions
70305,Cinestampa Internazionale
50,Deutsche Vereinsfilm AG
30995,3H Productions
7358,Cine Artist Film GmbH
2259,Adelphia Compagnia Cinematografica
43983,MTY Productions
6516,Tokyo FM Broadcasting Co.
89578,Grade A Entertainment
2917,Formosa Films
64811,Coproducción España-Reino Unido
16345,United Media Productions
21512,Tirrenia Film
6282,Shadow Theatre Films
1735,Documento Films
8294,Dreamer Joint Venture Filmproduction
5171,Carlton Television
71445,Movieweb S.p.a.
60850,Hrvatski Filmski Savez (HFS)
29326,Dutch Filmworks
22685,Ulysse Films
6848,Lorimar
10235,Vision P.D.G.
84419,Legendary Entertainment
13937,Raymax Productions
4928,Allied Artists Pictures
20987,Balboa Entertainment
68940,Pictus Ltd.
37854,Barmak Film
38959,Avrora Media
17180,Di San Luca Films
82776,BTV Kaku Children's Satellite TV
12489,La Femme Endormie
82834,Cristallo Film
8520,Walter Lantz Productions
94027,Dow Chemical Company
3912,Larande Productions
53268,Woodline Films Ltd.
61428,Infra-Red Pictures
3679,Rose & Ruby Productions
1159,Argyll Film Partners
3926,Uncommon Productions
25686,Canada Council Media Arts
61129,Afineevsky - Tolmor Production
62329,GWS Media
40221,Hard Work Productions
61018,Wonderful Films
13107,Infowar Productions
19694,Metromedia Productions
49623,Vertigo/Emotionfilm
90724,Bambi Productions
56181,Domino 17521
86622,Don't Hang Up Films
11800,Casa Kafka Pictures Movie Tax Shelter Empowered by Dexia
29572,Maipo Film AS
37695,Dark Alley Media
73666,Covert Media
4664,Jensen Farley Pictures
15020,NoiseFloor
3295,Raw Feed
22918,Day Twenty- Eight Films
48471,Summertime Entertainment
14676,EuroArts Medien AG
22860,Wolf Creek Pictures
54957,Eskoria Films
84476,Russian Federation of Cinematography
60623,Umbra Telegraph Pictures
2932,Red Hour Productions
73620,Saville Productions
34755,Barry R. Cooper Productions
31694,Angel Films Productions
3401,Fox West Pictures
12355,Vulcan Productions Inc.
6213,Golden Princess Film Production Limited
26951,Loveless
10899,Due West
22972,Passworld
23000,KS2 Cinéma
23653,Vortex/Henkel/Hooper
13706,Liote
15130,Urania Pictures S.r.l.
11446,Lereby Productions
93156,Baby Films
27050,Boss Media
24094,Beijing Bu Yi Le Hu Film Company
3947,Associated Players & Producers
71357,Hell's Kitchen International
79024,Ingo Preminger Productions
2193,DoRo Fiction Film
76942,Dream Guy Productions
2771,AAMPI Inc.
37518,Red New Line
22940,Shôjo Kakumei Utena Production Co.
37888,Elite Filmproduktion
72643,Queen Street Partners
21700,Luch
3379,Eleven Eleven Films
93522,Babe Ruthless Productions
91641,De Palacio Films
78061,Suomen Elokuvasäätiö
1360,Glass Eye Pix
85095,Independent Lens
8043,Helpern / Meltzer
44171,Phoenix Film Investments
26882,Equinox Entertainment
34484,Civic Bakery
52254,Thorbak
64574,"Feature Film Project, The"
6670,Filmes do Tejo II
9281,Tai Entertainment
4288,Madhouse
8047,NDR
73997,Jacmac Films
49328,RH Cinema
11236,Zentropa International Poland
20612,Giant Ape Media
59275,AireCine
17479,Ultra Muchos Productions
28700,La Cecilia
8483,Plattform Produktion
76622,Spicy Apple Films
12197,Portobello Studios
2181,Babylonian Productions
78552,Aljosha Production Company
18519,Acajou Films
76874,Modiano Inc.
35471,Raw TV
3971,Red Gourmet Productions
31263,Diproci
3254,Credo Entertainment Group
1505,Goriz Film
1339,Circle Productions
28400,Glem Production
42735,Rock Film Studio
10864,CTV Television Network
18925,Compagnie Internationale de Productions Cinématographiques (CIPRA)
73624,Top Hat Releasing
90135,High Horse Films
31242,Joaquin Associates
12683,H Plus Communication
14113,Trenchard Productions
8130,Jad Films
23691,Junger Witt Productions
6539,New Light Films
14118,J.J. Parker Productions
32299,Blue-Tongue Films
849,Cofinova 2
25545,Wolf Films
64038,Ameland Films
3607,The International Picture Show Company
62875,Unipictures
84227,SU.MA.FA.
74571,Yes-DBD Satellite Services
5242,Creepy Film Productions
19673,Hochschule für Film und Fernsehen 'Konrad Wolf'
62063,Studio Film Corp.
52458,Comenius-Film GmbH
34337,Moviefan Scandinavia A/S
77948,Musidora Films
3540,Kamala Films
67481,RM-Tuotanto
83138,Carstein
59822,PSH Collective
75883,Tosh Company Inc.
37080,Soundscape Media
39820,Goff-Kellam Productions
74385,Prodigo Films
55170,1201
78449,13 TV
42161,Guercio-Hitzig
20159,Transoceanic Film
7146,Invisible Film
14327,Phil Donahue Enterprises
4166,Howco Productions Inc.
49261,Comedy Dynamics
37762,Banque Populaire Images 5
65604,Garra Producciones [ve]
33254,Conseil Général du Morbihan
5113,120dB Films
9213,Astro C.C.
73344,Baca Productions
10391,Dunamis Cinematografica
37829,ApolloProMovie & Co. 3. Filmproduktion
425,teamWorx
3319,Senator Entertainment Co
11813,Shin Ei Animation
41640,Archer Gray
7254,Greek Film Center
81254,Rashmi Sharma Telefilms Limited
23616,Ciné+
17746,Neptunia Film
15301,Film Group Feature
12239,SpA Cinematografica
508,Regency Enterprises
26251,"Group Entertainment, The"
30497,MR TV-Film
4531,Films Dara
53638,Ollin Studio
28473,Shoebox Films
4586,Aspiration Films
13994,Pete Walker Film Productions
35412,Hemmings
12976,Shadow Shows
18218,Malofilm Communications Inc.
22763,Télégraphe
6776,Teamworx
1331,Seduction Cinema
4004,Milcoz Films
10210,Morgan Creek Productions
38609,Holly Hill Productions
18760,World Wide Pictures
56812,Rotecon B.V.
34527,Moonspun Films
13270,Iervolino Entertainment
4052,Sunfilm Entertainment
55268,Rumleyvision
54814,Breakout Pictures
73229,WEVCO Produce Company
13963,Orion
17616,dfm Fiktion
2853,Czar
51595,Marte Films Internacional
74898,Fundación Octubre
36339,Tokyo Theatres K.K.
11470,Lähikuva Oy
37014,Showtime Pictures Inc.
13499,Panoramic Productions
14828,Andrew L. Stone Productions
4716,Snoopadelic Films Inc.
15998,Churchill Toledo
92736,Canada Permanent Trust Company
15459,Blood Relations Co.
93171,Autorenfilm-Produktionsgemeinschaft
39932,John Proffitt Films
11834,Electric Shepherd Productions
19451,Mario Zampi Productions
40780,M.D. Producciones Cinematográficas
21928,TNT
63987,Pohjola-filmi Oy
82811,Vanish Films
7352,Gunslinger
4560,Tunnel Post
28386,Grazing Goat Pictures Pvt Ltd
83099,Farhadi Film Production
67114,Brocken Spectre Jockey Mutch
73532,Jameson/ First Shot
15780,Arenamedia
78702,Dangerous Method Film AG
2065,Scout Productions
11771,Python Films
17271,Beachwold Productions
22928,Rosey Film Productions LLC
8778,HareBrained Pictures
71223,Cinematografica
19212,A.L. Production
14044,Janey Pictures
53326,Ypsilon Films
14273,Jean Renoir Productions
445,Major Studio Partners
938,First Floor Features
24944,Burning Blue The Film L.P.
54574,Life & Pictures
12025,Vlaamse Radio en Televisie (VRT)
301,Cinecolor-México
8317,Houtsnede Maatschappij N.V.
49976,Shanxi Film Studio
35874,Bestia Films
2250,SCOPE Invest
12232,Ronden
27571,Pirie Productions
20038,Network Releasing
17012,Timeless Films
4418,Commercial Pictures
78995,Cloudy Productions
25382,Papaya Advertising
19187,Natural Wipe Films
92455,Argent Pictures
93521,Rye Road Productions
96003,Käpy-Filmi
1272,The First Channel
10673,Labor Film
26805,Filmalbatros
12500,Flatland Pictures
41245,Super Film Production
37086,Pathé Image Production
12086,Tarquinia Film
3164,BBC Worldwide
93869,Albatross Production Company
7503,Protozoa Pictures
15757,TWC Asian Film Fund
212,Infinity Features Entertainment
24086,Quincy Pictures
7432,Crystal Clear Pictures
61418,Gremi Film Production
21219,Panamort Television
39956,Flipped Out Productions
48401,Ten Furlongs
49248,media in sy
11941,Restons Groupés Production
33384,Common Ground Pictures
7495,Sixth Sense Productions
67128,Aho & Soldan
1953,De Haven Productions
14270,Cheviot Productions
31898,Warner Bros. Pictures International
36550,Cherry Sky Films
10208,Long Road Productions
21628,Microwave Film
53630,Aica Cinematografica S.R.L
30181,Barrandov Studio
45514,Painstaking Pictures
10702,Pop Art Film Factory
3233,Intersport Television
54749,Compagnia Edizioni Internazionali Artistiche Distribuzione (CEIAD)
26688,Lewis B. Chesler Productions
14312,Polytel
12006,Goldmann Pictures
8522,Pedro Costa Producciones Cinematográficas S.A.
1293,ORTF
4611,Grow Pictures
87499,Midas Touch Media
85534,Nine Nights
11205,Pulsar productions
48191,Informant Europe SPRL
33404,Baltic Industrial Finance
79431,Lian Bang
11575,Movie Central
16711,Harry Colombo Production
54657,42 Productions
85654,Blank Tape
684,Kim Ki-Duk Film
1259,Shooting Star Filmcompany BV
39929,Fausto Producciones Cinematográficas
2865,Insight Film Studios
71379,Media Produccion
3514,"Zespół Filmowy ""X"""
14227,Northbrook Films
1043,Revere Pictures
4241,West Film
2582,Et Cetera Films
10845,Lenfilm
83938,HOT DOG PARTNERSHIP PRODUCTIONS
15469,Sogetel
35119,KBC
28832,Happy Pictures Culture Communication Co. Ltd.
24960,Ciné
59289,BBC Earth Films
86023,Fat Monster Films
16776,Good Apple Productions
78185,Noordinary Films
70274,Lois Weber Productions
36195,Republic Pictures International
70198,Easkel Media
44805,KH Capital
7346,La Fabrique 2
64198,​LGM CINEMA
63051,Lucky Man Films
26389,Family Affair Films
38536,El Monte Productions
15533,Sextant Films
6429,Castle Hill Productions
2600,Blast! Films
8138,Vega Film
77882,Creative Unit of Writers & Cinema Workers
1292,Compagnie Jean Renoir
2435,Langley Productions
85638,Leopard Drama
94846,Eonwonsa
72315,Bijker Film & TV
286,Fantasy Films
93,Lumer Films
23898,Louisiana Production Consultants
69029,Dog and Pony Media
45909,Pacific Northwest Pictures
11378,Shakey Pictures
73998,Golden Port Productions Ltd.
2563,Matanza Cine
7363,Worldwide Biggies
52257,Clay Bros. Motion Pictures
13026,Robert B. Radnitz Productions
68551,J D Productions
19048,King-Hitzig Productions
7592,Playarte
53673,Cort/Madden Productions
11275,Cinerama Productions Corp.
54425,Iride Cinematografica
8290,Busboy Productions
12749,F24 Film
44160,Varahi Chalana Chitram
58553,Michaels-Goldwyn
4858,Cinematografica Emmeci
11938,Banque Populaire Images 8
13205,Nikola Film
48814,Mellan Film
54374,Mingxing Film Company
7167,Ralux Film
16005,Panoramic Pictures
65610,HireWorks
44332,BBC Comedy
26687,Bateman Company Productions
10931,F.C. Produzioni
4884,Pannónia
53446,Vill Lee Film
72945,Dark Program Productions
22509,DI Love
14881,Toyo Kogyo Kabushiki Kaisha
22589,Gobierno de la Ciudad de México
94075,Renovatio Entertainment
11001,Walkaway Entertainment
21528,Studio Mad
13363,Aldan Company
42137,Victory Pictures Production
13591,Rundfunk Berlin-Brandenburg (RBB)
4330,Horipro
54063,Dragon Cine Venture Image Entertainment
51193,Say Ahh Productions
7396,Pathe
22794,Amok Productions
725,Film 1
11978,Kung Works
85607,Bionica Filmes
1371,The Global Asylum
68399,Filmi Domirev
651,Breathless Associates
15672,Heritage Enterprises Inc.
8747,VH1 Rock Docs
91871,The Latent Image
53807,Party Over
76233,Perathon Film-und Fernsehproduktions GmbH
11429,Hit & Run Productions
3981,Terminal City Pictures
1781,NTV
81693,KaufmannWöbke GbR
10544,Castilla Cooperativa Cinematográfica
54712,CinemaLab
22218,Art of War Films
10195,Mouka Filmi Oy
52139,RGB Productions
8451,Filmograph S.A.
39823,Popular Filmproduktion
89136,DNA Productions
73878,Terz Filmproduktion
8946,Achille Piazzi Produzioni Cinematografica
57430,Pulse Films
51614,Film Forge Productions
1282,Selig Polyscope Company
39121,Super Cool ManChu
38474,Severin Films
4722,Zoulou Films
16961,Video Nasties
19088,Nunnally Johnson Productions
78847,Shrine
254,Pandora Filmproduktion
8437,Art Films
28294,Wicked Pixel Cinema
18516,Seven Arts Films
39818,Proton Entertainment
14428,Goldbar Entertainment
2070,Rastar Pictures
12589,Factory Films
35035,Gail Force Films Inc.
4045,Cinegram
13218,Argyle Productions
92850,Channel One
38299,Fred M. Wilcox Enterprises Inc.
32551,World View Entertainment
25478,TBIA Flix
2957,Double Play
22965,Invicta Films
52135,Denholm Trading Inc.
16537,Lotus Filmes
39402,Madacy Home Video
699,TTornasol Films S.A.
507,Atlas Entertainment
25005,Natan Productions
36989,Westwood Productions
12590,International Productions
55352,Vaishno Academy
66581,Pierrot Le Fou Filmvertriebs-GmbH
5851,Dargaud Films
75035,Classic Film Industries
5598,Australian International Film Corp. (AIFC)
2254,Egoli Tossell Film AG
4960,Filmayer
5138,Spice Film
78463,Bartleby
80666,Selb-Film
7773,Cameo FJ Entertainment
23124,Coral Films
26249,Bay Bridge Productions Inc.
22690,Channel 1+1
86089,Dolly Hall Productions
10312,Wescom Productions
57043,Bud Yorkin Productions
21843,A Bee One Productions
6538,Antena 3 Films
84847,Ballast Films
78138,Anhui Broadcasting Corp.
10569,Gene Autry Productions
19176,Clubhouse Pictures
41032,"Shaken, Not Stirred Productions"
76273,Cultural Ministry
1257,Butcher's Run Productions
8968,ABC Video Enterprises
41537,Dos Corazones
60490,Triumphant Entertainment
19507,Outlaw Productions (I)
6542,Pricel
15180,Sands Films
18775,Belford Productions
44678,Toy Soldiers Associates
61300,Wildcat Hollow
9375,Juonifilmi
52136,Aurora Entertainment
53165,Zero G Room
23119,Rai 2
89437,Ghiznoz Productions
62711,Talent United
68353,CKRush Entertainment
14787,Arrowstorm Entertainment
822,Happinet Pictures
14171,Centro de Capacitación Cinematográfica (CCC)
764,Polaris Film Productions & Finance
37007,Pervasys Inc.
26716,Hopscotch Productions
71175,What's Wrong with People?
81981,Grupa Filmowa
7045,Panitalia
59346,Turbo Productions
78966,Soficinéma 9
430,Lonely Film Productions GmbH & Co. KG.
3321,Million Channel Ltd.
49988,Green Lake Films
1951,Aspen Film Society
6617,23 Giugno
77917,Alicia Films
53599,Dark Art Films
3567,Room 9 Entertainment
73816,Possibles Média
17032,Barry Mendel Productions
3313,Sunbow Productions
4912,Big Fan Productions
8146,Splendid Film
80646,Produzione Cinematografiche Inter.Ma.Co.
70408,Tri-Coast
20636,Pistachio Pictures
7524,Ballinran Productions
13577,HR. Boe & Co.
12935,BBC Arts
20411,Sinemart
21620,Nina Conti Production
85150,영화사 집
2316,Compañía Iberoamericana de TV
8631,Premiere Bobine
16771,Sino
37890,Party Productions
23632,Snowfall Films
25136,The October People
8384,Hokkaido Cultural Broadcasting (UHB)
22957,RainCity Productions
20306,Primary PIctures
80995,Fine Point Films
88421,Setembro Cine
23910,Saint Aire Production
2453,Lord of the Wind
24309,Crazy Wheels Film Corporation
16517,Chase Productions
4123,Media Principia
14580,Treehouse Pictures
13444,Outlaw Sinema
4777,Ozla Productions
93219,Brisa Films
214,Eagle Vision Inc.
34853,ISSA
13722,Harry Reynolds Productions
4601,Lazonafilms
14007,4th Row Films
7839,Mandarin Film
24235,Ananya Films
3455,Rifilm
12181,BrennFilm
49022,Soread-2M
46137,Manitoba Film & Music
17071,Lewis Motion Picture Enterprisee
11561,Recorded Picture Company (RPC)
93149,Karta Film
60028,Hyperion Productions
14063,Granada Television
12709,Firecracker Films
51401,Blonde Audiovisual Productions
14393,BNJArmor
5889,Film Horizon
52831,Stockholm Syndrome Film
6190,Infinity Prague
87210,Channel A
12516,Nibariki
18441,A&E Networks
80070,Let's Be Evil
9346,Premiere Productions
10314,Canart Films
37437,Amulet Pictures
52109,Typhoon
53379,Firecracker Company
78139,Beijing TV Station
94814,Duddy Kravitz Syndicate
22005,O'Brother Distribution
76928,Promenades Films
12142,XYZ Films
6367,PolyGram Audiovisuel
78455,Canon Productions
8125,New Atlantis
7745,Euro Film Funding
57986,The Picture Property Company
5661,Cinema Center 100 Productions
52619,Fifty First Films
33606,Fewlas Entertainment
20093,Scooty Woop Entertainment
53677,Clearwater Holdings Limited
49374,Palle Fogtdal A/S
55271,Dasa Films
23636,Mostow/Lieberman Productions
129,Section Eight
36748,Zillion Films
58719,Medyapim
72900,PRPL
72228,Yellow Fever Productions
9330,Frank Capra Productions
74798,Toolbox Films
27349,Freddie Fields Productions
26999,China Film Company
12751,CLC
63925,Crucial Films
4534,Hong Hwa Motion Picture Company
52377,Haile Addis Pictures
15989,DAL Productions
2979,ETIC Films
75652,Soul Mining Production
18540,Unité Fiction
2201,Rickshaw Productions
71881,T&C Pictures
10996,"Straight Talk, Inc"
3353,Element Pictures
14087,Ursus Films
912,Karma Films
49671,Film Boris von Borrisholm
4519,alta vista productions
60123,Media 3.14
9038,Far Hills Pictures
52337,SkyLand Entertainment
11948,Rio Dulce
85307,Beijing New Film Association
19658,Jackie & JJ Production
46221,Zookeeper Productions
41912,Magen Boys Entertainment
71243,White Mirror Film Company
1541,Terra Film Produktion
309,Angoa-Agicoa
10380,Nitrate Film
42235,Malbicho Cine
41962,A Hot Dog
10593,Wrather Productions
2066,Zanagar Films
77221,Gigi Films
40949,Once and Future Films
29716,TOEI Company
41470,Albacore Productions Inc.
54873,February Films
37497,Jersey Shore
39060,Sandfairy
11062,International West Pictures (IWP)
68721,Star Edizioni Cinematografiche
4116,M M Productions
11484,G.A.S. Films
57659,Nabi Pictures
6502,Steinhardt Baer Pictures Company
13404,Incendo Productions
33089,TeamTO
45468,Interfilme
78595,Sierra Pictures
30376,The Pacific Trust
58091,Cannonball Productions
53011,Q&Q Medien GmbH
61973,A.D.I. Inc.
89445,Independent Film Centre
53496,Les Films Upside Down
12186,Seltzer Films
52518,Agenda
35793,Inter-American Productions
87962,Triple Play Productions
78239,Cofimage 6
22964,JR Canada Productions
93013,Production
11620,Orange Cinéma Séries
201,Arte
15705,Just Chorizo Productions
19927,Government of Malta
10624,Takarazaka Productions
80787,Ashlee Films
11488,Prairie Home Productions
36152,Cartel Pictures
16442,Pacific Bay Entertainment
46844,Tall Man Films
1610,CED Productions
26647,Jonai Productions
24089,Chang-Hong Channel Film & Video Co.
26834,Priority Pictures
33882,Compagnie des Films
60600,Storefront Films
51613,Lita Stantic Producciones
41789,New Film Production S.r.l.
12384,Chubu-nippon Broadcasting Company (CBC)
20351,Sofica Cofinova
23370,Constant c Productions
8724,Australian Film Finance Corporation (AFFC)
16749,Simkoe
17842,Kimera Film
61770,Salon Pictures
11645,Interamericana Films
23805,DLSHS
1892,Bhansali Films
16680,Verdon Productions Limited
439,Prokino Filmproduktion
958,Japan America Picture Company
21469,Lone Wolf McQuade Associates
66349,High Treason Pictures
31014,SpyChimp Productions
12343,Farbfilm-Verleih
35920,Niki Marvin Productions
65803,Lichtblick Media GmbH
20500,A-1 Kino Video
5272,HMS Projects
3283,ACH
13391,Grand March Movie Production Company Ltd.
69656,Brucks Entertainment
15460,Ignite Entertainment
61488,Evdon Films
73956,Runteldat Entertainment
3960,ArieScope Pictures
7977,Rizoma Films
41311,Spelling Goldberg
78137,Hunan Broadcasting System
25766,Cine-Neighbor
67999,Jos-To Productions
20572,McMurdo (Canada) Productions
44555,Ariane & Garoe SL
7742,John US Productions
13957,Near Dark Joint Venture
7139,Thirupathi Brothers
49855,Quota Productions
823,Telepool
72091,Beijing Going Zoom Media
68960,Alian Girls Films
16838,Oak
78546,Svenska Ord
18092,Generation International
3124,One More Thought Entertainment
6363,BenderSpink
74406,Five & Two Pictures
13221,Kingsmere Productions Ltd.
23697,Karla Films
848,Cofimage 16
20938,Liberty Pictures
40538,Snowdog Studio
18122,Maine Studios
14239,Alced Productions
13552,Laundry Films
78057,Dangerous To Know
20440,LionsGate Entertainment
61011,Scythia Films
27100,Zeynofilm
45234,ATKO Films
44127,Ystad Österlen Filmfond
76145,Ernst Lubitsch-Film
14115,Landers-Roberts Productions
2449,Anna Lena Films
22838,Bingo Movie Development
2662,Trans-Film
7706,Freedom Films
59592,Tango Pictures
23398,Picturesque Films
68742,Alliance Media & Entertainment
54391,Casadelic Pictures
384,MacDonald/Parkes Productions
45119,Hollywoodmade
64041,Lawrence & Holloman Productions
18643,La Luna Entertainment
26233,Sofica Sogécinéma 2
24472,Urbanchillers Films
56684,Fred Silverman Productions
6110,Showking Films
84593,Société des Producteurs de L'Angoa
15099,Essaness Pictures
459,Les Films Pomereu
20754,W B I Films
2696,Mogador Film
768,Ghost House Pictures
39222,Replay Pictures
7343,Etb (Euskal Telebista)
23200,Shelter Productions
17386,Sargeant
4730,Slough Pond
8850,Extension 765
75579,Cave Pictures
40159,Good Times Films S.A.
74487,Takeuchi Entertainment
73949,KirchMedia
66659,NorBud Productions
15282,Steel Mill Pictures
95108,Payam Films
16048,Fewdio Entertainment
83715,Dawn Associates
8087,Creative Scotland
48329,Capital Markets Film Finance
8500,Romana Film
10875,Hong Kong Asia Film Financing Forum
75378,Non Stop Film Service (koprodukcja)
57209,Global Grassroots
8431,Nais Film
11761,Mark Canton Productions
91219,I Film Dell'Orso
11639,Peter Carsten Produktion
11904,Digital Graphics
8659,Vrijzinnig Protestantse Radio Omroep (VPRO)
94719,Just Friends Productions
76635,West Films
78959,Gospel Truth Pictures
4225,Langfilm
36920,Maestranza Films
15166,Renkli
33728,NightSky Productions
17178,Filmgalerie 451
34602,De Productie
21588,Mushi Productions
59086,I'm Filming Productions
41309,P&P Endemol Argentina
17088,Simcha Productions
91146,Matthew Reese Films
19146,Dharma Productions
72919,Uhlandfilm
357,Vía Digital
52900,The Fool
10889,British Film Council
60106,Pisces Rising Productions
3006,Krasnaya Strela
63430,Puppy Entertainment
53812,Taiga Filmes
3645,Barwood Films
47103,Rouge Productions
17461,Lizard Cinema Trade
76623,Innoform Media
70083,MyS Producciones
15751,Gene Corman Productions
40174,KT Entertainment
4594,SilverLight Entertainment
62764,Secret Handshake Entertainment
52455,Ascent Film
50963,Philippe Martinez Productions
11278,Inferno Distribution
4992,EGM Film International
37153,Neway Star Pictures
4229,Molot Entertainment
90445,Franklin Street
22466,Mad Films-Mi
27970,Riba Film International
12061,International Cinema Inc.
21897,Foresight Unlimited
826,Capitol Films
14035,Cité Films
72028,Mindstream Productions
89041,East Midlands Media Initiative
11232,Fox Family Films
2081,Beyond Films
9372,Metronome Productions
3827,Desert Skye Entertainment
7092,Chubu-nippon Broadcasting Company
34667,Howard Hall Productions
51992,Alan C. Fox
83091,MG2 Productions
4639,Arzu Film
10309,Masada Productions
17408,A Major Films
15782,Seventh Art Releasing
3989,C&P Productions
38921,Claussen+Wöbke+Putz Filmproduktion
46848,Phil-Am Enterprises Ltd.
14444,Collective Eye Films
6733,Reliance BIG Entertainment
41051,Into the Wild
64301,Script House
19671,Keep Your Head Productions
7252,Dangerous Films
6314,The Catalina Production Group
25261,Noir Blanc Films
7273,Phi Group
74917,Ministry of Culture Lithuania
9313,Esparza / Katz Productions
67342,CPH: DOX
62478,Al-Ahramm Studios
2446,Makar Productions
22827,Roman Empire
394,Videofilms
13968,Europa Filmes
57031,Allspark Pictures
9177,Eisei Gekijo
67871,Broomstick Entertainment
52256,Thor Pictures
14046,AB-PT Pictures Corp.
8607,Visual Eyes Productions
2498,Whenua Films
10218,Jack's Camp
525,Ixtlan Productions
3311,Joe Wizan/Todd Black
22843,TheThird Mind Pictures
85045,Ranfilm
47896,Tony DiDio Productions
16777,New Element Productions
43,Fox Searchlight Pictures
89132,AE Two Film Productions
57795,Orinoco Films
86710,Three Dots Entertainment Company
21002,HorsePower Entertainment
6189,Turner Pictures (I)
2863,Gen Productions
94954,Bronze Age Films
31794,Pledge This Holdings
1836,Contrafilm
12148,Hori Production
10560,Arturo González Producciones Cinematográficas
53214,Group Effort Films
42033,The Sam Company
78218,Trinity Race
85999,absolutely productions
25933,Circle Pictures
9334,GötaFilm AB
66693,Produzioni Cinematografiche Romane (P.C.R.)
25826,Télémax
51626,Over 9000 Pictures
20128,Percolate Productions
27,DreamWorks SKG
90281,FR Productions
6677,Syfy
89190,Rodgers & Hammerstein Productions
12427,B.A. Filmproduktion
24785,Pontchartrain Productions
81993,29 fevralya
81994,Filmstudio Demarsh
45732,Savage Production Ltd.
84420,Amy International Artists
60536,Nadiadwala Grandson Entertainment
44211,Fast Producciones
64776,Rajvi Pictures
13072,Skouras Pictures
7699,Palomar
6784,Skinworxxx
20826,Ivan Foxwell Productions
80717,Universal Majestic Inc.
8050,Tessalit Production
12354,Fairway International Pictures
57318,Proaction Film
89839,Pili Films
76913,Académie Franco-Russe du Cinéma
57071,Leitmotiv Production
7258,Alliance
996,Pearl Pictures
78619,Stormchaser Films
40512,Gädda Five
31167,Dubai Media and Entertainment Organisation in association with Dubai Film Market (Enjaaz)
16889,Burning Blue
5231,Cineplex-Odeon Films
63630,H&H Creative Ventures
11621,Ministerie van Nationale Opvoeding en Kultuur
75169,Knowledge
12693,Les Films Agiman
24034,Chiyoko Commitee
14707,ANIMAL DE LUZ FILMS
92047,Mountaintop Productions
26995,Animal Kingdom
65846,Antarctica Productions
17009,Universal 1440 Entertainment
8094,Strange Dog Productions
89082,Imperfect Films
22340,Dalian Wanda Group
802,Egg Pictures
50966,Cinema Nosso
7963,Les Productions René Goscinny
4253,Don Carmody Productions
31739,Bouncing Betty Productions
413,Proscenium Films
68193,Seven Film
7100,Patagonik Film Group
80115,Omega-Cyrano Productions
65858,Sitting Cat Productions
19495,Ex-Bo Productions
1240,Film Bangkok
77208,Gama Entertainment Partners
19090,MuchMusic
13184,Annapurna Pictures
8784,Valley 9000
19433,Manzanita Productions
68201,Don Films
37343,UKFS
76447,Cinéfeel Prod
2391,Devonshire Productions
68941,Filmcontract Ltd.
36201,Tiger Aspect Pictures
15314,Aeteas Filmproduktions
199,3 Sat
72417,Mustang Films
5257,"Film Department, The"
34852,Christian Bourgois Productions
14406,Ambush Entertainment
6849,Société Française de Production (SFP)
10916,Kurtti-Pellerin
29238,HorseHead Pictures
65157,Cyclops
46850,Dix International Pictures Inc.
4933,Pine-Thomas Productions
80198,Thanasis Vengos Tainies Geliou
2972,National Wildlife Federation
71767,Carver Films
25577,Safehouse Pictures
9344,Iselin-Tenney Productions
16453,Periscope Productions
44072,14 Reels Entertainment
302,Ibermedia
49971,Grimm Pictures
3620,Film Par Film
95294,BDE Entertainment
52679,HD Vision Studios
90707,Masima Contents+Channels
12466,Wunderbar Films
78973,Films Internacionales (FISA)
26105,Radio-televizija Federacije Bosne i Hercegovine (RTVFBiH)
8180,Cosgrove Hall Films
42373,DareDevil Films
11601,Silver Lion Films
50798,If Only Production Services Ltd.
50092,Just Films
37081,ESX Productions
21172,Alter Films
89161,Gary Kurfirst Pictures
14757,Nordisk Film Production
19227,Yerevan Film Studio
15276,Channel 4 Television Corporation
21121,Greycat Films/Neo Modern Entertainment
32615,Second Television & Radio Authority
87212,Maeil Broadcasting Network
10161,Gilbert Films
36712,Alarum PIctures
14536,Springbok Productions
21736,Caballo Films
15866,Beijing Gallop Horse Film & TV Production
79707,Hallmark Hall of Fame
77964,Creative Projects Group
11051,Hallway Pictures
20578,Gratwick Films
722,Temple Hill Productions
7215,Incentive Filmed Entertainment
46431,Graduation
13040,Kasdan Pictures
476,Underworld Entertainment
22542,Apjac International
93700,O Le Tulafale
7608,Eyeworks Film
13692,Zazi Films
10176,Banner Films Ltd.
62699,Screentime New Zealand
26253,Huayi Brothers & Taihe Film Investment
53666,Triple Threat Talent
69,MFPV Film
37441,Filmfair Communications
734,Producers Circle
64901,Redcloud Studios
25021,Constellation
60535,Rhodes Pictures
20657,U.K. Productions Entity
94478,Iberoamerica Films
70447,Angel City Media
55217,Lieurac Productions
2529,Videofilmes Produçoes Artisticas Ltda.
20001,Logolite Entertainment
71795,Santa Paws Productions
79654,MURDER and murder Production
41861,GyaO
6111,Arte France
2286,Linsefilm
14908,Curtleigh Productions
10331,Terra Mater Factual Studios
81915,Cineye Films
12883,Nomura Babcock & Brown
30668,Brotherhood Company
61273,Zimbalist-Roberts-Bernds Productions
881,Daiei Studios
30062,Greydon Clark Productions
41978,Top Shelf Productions
8870,CatchPlay
6454,Caméra One
89127,Eficine
33616,Sprout Pictures
779,Lucky Red
6136,Film Plan Financing Number 1
73856,And Maps and Plans
59456,Evil Ed Productions
76468,Pikachu Project '98
11290,Robert et Raymond Hakim
60302,RC Pictures
53363,Selma Enterprises
51194,Logan Pictures
60103,Smokescreen Inc.
51360,Precinct 13 Entertainment
1978,Global Pictures
92213,G.M.F. Productions
66410,Clasart Film- und Fernsehproduktion
22449,Les Films du Triangle
94865,Chimney
12467,Nomadic Pictures
1094,Homerun Productions
14368,S Pictures
49930,Sakura Films
21018,ZEILT productions
1852,Plateau A
84456,Marui-Kobunsha Corporation
17349,2Plan2
21471,Burning Bright Productions
1254,Television New Zealand
50650,Ozymandias Productions
3459,Serenade Films
3378,Blue Snow Productions
59576,Punkrobot
19529,Redemption Productions
25980,Film Finance
1804,North by Northwest Entertainment
20638,Commission du Film Île-de-France
8370,Rhayuela Cine
8208,Studio O
12807,Overture Films
52064,La Piedra Films
42932,Headquarters
2742,Disarming Films
71833,Mifilifilms
32558,Sontalia
77020,Hermes Space Industries
3407,Shanghai Film Group
12508,Studio Hraných Filmov Bratislava
6620,Pacific Business Group
89313,Gruskoff/Levy Company
13665,Raymond Stross Productions
46225,Untitled Entertainment
43872,MCI
16934,View Askew Productions
16341,Bill Melendez Productions
53530,Constantin Film Ltd.
11009,The Post Republic
20170,Canadian Television Fund
14950,B.P. Schulberg Productions
2392,Berwick Street Productions
26027,Teleclub AG
4847,Vista Street Entertainment
7831,DesperaDo
20927,Blood & Wine Productions
8000,Broken Road Productions
611,Bryna Productions
39263,Artisti Associati
56781,Fog 'n' Desire Films
23267,Elrina Investment
40415,Goodbros. Pictures Entertainment
4285,Universal Cartoon Studios
80999,Vegetarian Films
26771,Státní Fond CR pro Podporu a Rozvoj Ceské Kinematografie
85690,Americano LLC
13685,Norma-F.R. Productions
65928,Sea Smoke Entertainment
24445,New Deal Studios
6149,Monarex
8177,Rothkirch Cartoon Film
14129,Lindbrook Productions
74335,Earthome Productions
60832,Corona-General
73862,Filmways Productions
56629,Red Rose Productions LLC
21296,Shouchiku Co.
8321,Tres Mentes
4267,Delphi Films
2636,Tag Entertainment
67327,Splash Entertainment
92456,Code Blue Foundation
73331,Ministry of Propaganda Films
20451,Redbus Pictures
2060,Continental Film
33131,Libra Productions Inc.
37714,Regency Television
5730,Turner Network Television (TNT)
68096,LHR Productions Inc.
17008,CC Capital Arts Entertainment SRL
55249,Dirty District Entertainment
71158,Joseph L. Schenck Enterprises
69247,Dragonfly Pictures
55008,Paradox
73567,Coproducción España-Argentina-Francia
58055,Frank von Zerneck Films
82962,Nemperor
19965,Chime Films
86767,Alpha Pictures
36546,ADC Films
13332,High Spirit Inc.
1137,S.N. Prodis
40566,Lionsgate Home Entertainment
6342,Bueprint Pictures
36995,Anuline
2511,Zero Film GmbH
24674,Polski State Film
20783,Fiction Films
15040,Novotny & Novotny Filmproduktion GmbH
22058,Krisjair
31421,C.B. DeMille Productions
15843,Alby Pictures
27049,Pride of Gypsies
10044,Revue Studios
41821,Cofinova 9
695,Lee Daniels Entertainment
20693,KGP Kranzelbinder Gabriele Production
76723,Call of the Wild Productions
79961,Chaotic Good
10870,Ghana Film Industry Corporation
63744,Producciones Labarouta
31052,Deutsche Film- und Fernsehakademie Berlin (DFFB)
7523,Le Big Boss Productions
25674,Endemol Entertainment
16554,Nasser Entertainment Group
30271,Birchwood Pictures
76889,HvD Productions
39530,Astrakan Films
25410,Almighty Dog Productions
89221,The Wing-Scope Film Production Ltd.
35002,Lucky 7 Productions LLC
86925,Stormheart Oy
56801,MD4
103,TVE
78905,S & L Films
60016,Rice Films
86628,Sushi Typhoon
77486,Blue Falcon Productions
62265,Glass Man Films
20665,4M
13576,Director's Cut
21898,VIP Media Group
8536,Leverage Management
65869,Windmill Theatre
79062,Friday Films
93249,Gaslight Pictures
36600,The Oxford Film Company
3060,Soudaine Compagnie
1655,Új Budapest Filmstudió
83940,C.P.C.
5589,Continental Produzione
75045,Tartan Works Ltd.
73262,RTV Zagreb
4888,M6 Studio
61211,Spede-Team
76605,Bobi Lux
63495,Films 1420m
18040,24/7 Films
7407,Insurgent Media
47767,Parafrance Films
86647,Odenkirk Provissiero Entertainment
22375,StoneBrook Entertainment
2256,Les Films de L'Observatoire
3427,Ambience Entertainment
79027,XF2 Canada Productions
44610,Sig Shore Productions
85100,Apex Entertainment
12848,Fresh & Smoked
298,Carlyle Production
55802,MM2 Entertainment
3996,Mandalay Television
17367,Cosmo Film
67617,Mars International Productions
10912,LiteGrip AB
11812,Mitsui Bussan
5752,Sony Pictures Entertainment
47936,Channel Four
17434,Skinny Nervous Guy
12854,Caledonia Pictures
58484,Chaocorp Distribution
5263,Amercent Films
23679,Pomor Film
77305,Dulce Compania
7682,T. Films
15392,Blacklab Entertainment
24826,Sentana Filmproduktion
3294,Flame Ventures
60171,33 Pictures
46297,Farraj Factory
14714,China Film Group Corporation (CFGC)
4662,Cinemancer Pte Ltd.
22359,NEF Diffusion
59429,Legendary Digital Media
9142,Five Star Production Co. Ltd.
4194,Karz Entertainment
16700,Pravoslavnaya Encyclopaedia
7586,Walt Disney Home Video
36638,Fadsin Cinema Associates
11046,Two Streets Entertainment
443,Big Talk Productions
73046,Gerard Butler Alan Siegel Entertainment
55576,Erre Cinematograsica S.r.l.
18149,Prometheus Film Productions Ltd
79613,Compass/Zenith International
15606,Jaguar Productions
71953,Robson Street
10795,CEI Incom
2188,Artisan Entertainment
1958,Jonia Film
8210,M6 Métropole Télévision
22761,Produire à Paris
85122,Foxboro Entertainment
72129,Calach Films
68063,Winchester Films
11547,Ancine
23911,Artist International
16789,Unfollow Magazine
49734,American-International Television (AIP-TV)
19781,Cinema One Originals
3453,Umbrella Films
37451,Sigma Cinematografica Roma
60045,Concepts Unlimited
1803,Entertainment Farm
3588,Carr-Santelli
47440,Ventura Valley Films
14408,R.D. Banshai & Co.
4014,Halcyon International Pictures
85082,hauskunst Filmproduktions
12729,PAN Film
9961,Mundo Ficción
16434,Sathya Movies
82699,Longitude Entertainment
79480,Miraj Entertainment
85674,Bang Post Production
17043,Iskra
5762,M.S. Productions
93118,Elite Group Entertainment
34471,Callender Company
2455,Red Om Films
32569,Walls Farm Productions
32397,Merchant Pacific Corporation
85569,Miromar Entertainment
12215,South Creek Pictures
86290,C.N.M. Entertainment Ltd.
14119,H.K.F. Productions
2364,The Montecito Picture Company
33253,Conseil Général des Côtes d'Armor
16868,Futurikon Production II
14988,Icelandic Filmcompany
44308,RTM Film Inc
93630,Pyramide International
59426,Erma-Filmproduktionsgesellschaft
18029,Whodunit Productions
11451,MCL Films S.A.
25844,72 Productions
16734,Atelier Koninck
43374,Good Harvest Productions
9242,Ydex Eurociné
11999,Universidad del Cine
7395,Les films du Worso
1903,Columbus 81 Productions
69292,Unstuck
93972,Credit Agricole Vita
10354,FM Entertainment International N.V.
9290,Capital Films
18312,Halburt Productions
369,Bungalow 78 Productions
36864,Cecchi Gori Europa N.V.
9053,Ouille Productions
67874,Fondo Regionale per il Cinema
11200,Buena Vista Home Entertainment
17653,22h22
16252,id films
85743,Canal + Belgique
33132,Rem
11565,The Safran Company
24039,No Prisoners Productions
5051,Faso Film
58248,Unfaithful Filmproduktion GmbH & Co. KG
1762,Yellowbird Productions
7220,Capcom
21242,Never Been Kissed Productions
17877,Libra Films
22333,Flat-Out Films
6652,Warner Music
13999,Avon Productions (II)
41942,Confédération Française Démocratique du Travail (CFDT)
62562,Great Western Productions
27925,Kodamsha Co.
21451,American Entertainment Partners II L.P.
4022,Wonderland Sound and Vision
4234,Original Pictures
15978,Gorham Productions
60718,Blue Production Partnership
64858,Beijing Mahua Funage Company
20637,Commission du Film France
2279,MR Filmproduktion
78339,Runway Pictures Inc
37662,Window Productions
21896,Easedram
77634,Filmberg
830,Senator International
5594,Warner Brothers-First National Productions
3609,Terwilliger Productions
64806,Wisconsin
40409,Maha Productions
20761,Wide Angle Creations
43535,Plum Films
18450,Broad Appeal Productions
92735,Axelrod-Ett Productions
2246,Material Entertainment
19690,Caneo Films
873,The Lloyd Segan Company
41977,Sider Film
90610,Smudge Films
68110,Pixomondo Munich
43613,Trouper Productions
53499,Evergreen MD
31782,Thomas H. Ince Corporation
4405,Middle Reef
12687,Iron Ocean Films
44099,Sri Saravanaa Creaations
36907,Hilary Henkin
77405,Marble Road Productions
5469,Agora Entertainment
23889,Fünfte Babelsberg Film
75357,BondIt
53728,BMW Films
1347,Aubrey Schenck Productions
181,Channel Four Films
7805,Intermondia Films
92103,Daylight Media
2134,Film und Fernseh Fonds Bayern
36176,Concrete Pictures
93629,Fortress Film Clinic
25862,Studio Image Soficas
49105,Film Maker Aps
813,DiNovi Pictures
1232,2003 Productions
20064,NEW
72537,Aurora Filmes
19105,Eidos Interactive
35000,Brooklyn Films
56472,world cinema fund
21785,VCL Communications
15066,Shot - Szumowski
54129,Corinthian Productions
36414,Platige Image
3916,Cold Iron Pictures
82165,DropDrop Studios
80071,Indiepelago Films
60919,Marlboro Road Gang Productions
30999,MMK Media
62151,Electra Compagnia Cinematografica
42325,American Work
4583,Lazennec et Associés
93631,CNC Aide aux cinémas du monde - Institut Français
1575,Lewis Gilbert Productions
25828,Walker Worm Film
12592,Inverness Productions
22536,Solomon/Hackett Productions
12202,WV Films III
11487,Sandcastle 5 Productions
3461,Senka DOOEL Film Production
187,Victor Musical Industries
6052,Aardvark Films
17524,Filmstallet
17336,Hungarian National Film Office
3810,Joel Productions
4736,Ardent Films
23460,Solid Entertainment
14687,Remus
36057,AOG Films
36852,Mire
11027,Stratus Film Co.
42206,Thinking Bee Productions
27097,TRF Productions
5485,Zodiac Pictures International
51814,Young Gang
5795,Kennedy-Buckman Pictures
12204,Tiger Moth Productions
23790,Splendid Productions
87522,Crotalus Productions
736,Little Shark Entertainment GmbH
13907,Les Films Alyne
11006,Aldamisa Entertainment
77196,EG Productions
83151,ADHM Films
78182,Hotel Productions
29843,BBC Home Video
16105,Dakota Films
2418,Cherokee Productions
8464,Do Productions
39712,Seon Film Productions
23318,Mutressa Movies
3136,Cream Productions
12565,Goldstreet Films
28189,Rai Trade
47351,M3
4636,Social Capital
19055,Astro Shaw
18405,Kinotar
48778,Gravity Pictures
9090,ERA
1260,Synchronistic Pictures
12021,CoBo Fonds
2761,Fine & Mellow Productions
20477,DiC Entertainment
2166,ABC Circle Films
49069,SF Film Production ApS
37260,Burnside Distribution Company
49800,SATPEC
22973,Dolphin-Films
65129,Dark Harbor Stories
37124,TAFF Pictures
49830,Sindicato de Trabajadores de la Producción Cinematográfica (STPC)
119,Danmarks Radio (DR)
2907,Stick Films
39917,Matador Content
2704,Maurice Devereaux Productions
17950,Caravel Film
50867,Goodnight Film
770,Kingsgate Films
903,David Brown Productions
49943,Greek Mythology Entertainment Company
53823,Spaghetti Film
46212,Gema Films
6332,Dune Entertainment III
6234,Квартал-95
61242,Hope Town Entertainment
44679,Producciones Rodas S.A. de C.V.
4856,Elite Film
601,Blake Edwards Entertainment
38071,Edition Video
82669,All Media Inc.
12300,Deutsche Fox AG (Defa)
494,AVCO Embassy Pictures
18708,Valeness
2958,Bentley Filmgroup
71222,Ibéria Films
19375,Moxie Pictures
79383,Chester Media Producciones S.L.
22880,Fast Track Productions
51719,Fernwood-Reynard
67253,Gone North Productions
52372,William F. Broidy Productions
33214,i/o post
28775,Big Focus Television
25687,Boneyard Film Company Inc.
12200,Province of British Columbia Production Services Tax Credit
47897,Cal-Am Productions
16960,Headstrong
22221,"Toei Company, Ltd."
55032,Russian American Movie Company (RAMCO)
44751,Vision Associates Productions
20465,Galafilm Productions
74425,Raintree Pictures
6572,Stone Productions
48105,Stan Margolies Company
4303,Yan Film Group
2890,Fox Atomic
70409,Mediacom Filmworks
93203,Daga Filmes
4903,Nero Films
5422,Sherwood Schwartz Productions
21953,Feature Film Project
37723,Storm Vision Entertainment
4638,Films du Rond-Point
67252,Micro Fusion 2003-2
35019,BV McCann-Erickson
36124,Handprint Pictures and Essel
7872,Rapi Films
10598,Costa do Castelo Filmes
20304,napalm FiLMS
58987,Time Inc. Studios
36898,Hungarian Filmproduction
40329,Child's Will Productions
11624,Visualeyes Productions
14281,Le Monte Entertainment
78996,Huayi Brothers Pictures
43760,Imaginarium Entertainment Group
55353,Indira Productions
297,Aardman Animations
7178,Corrino Media Corporation
40956,Jagtoria Films
80612,Small Red Star Productions
36112,Rebecca Productions
84047,Office Augusta Co. Ltd.
74205,Minor Miracle Film Cooperative
35018,Romanian National Center for Cinematography
21240,Star Flow Entertainment
65414,Wooso Pictures
6255,Jim Henson Pictures
28410,TIFA
79577,Sforzando Productions
53198,Pegaso Producciones
6049,Anglo-Guild Productions
28567,Neoplanta Film
59398,Puerto Vallarta Squeeze Productions
81321,Negod-Gwad Productions
57003,Lost Footage Films
86565,Riche Productions
15513,Rodando Films
63611,ETA films
89166,Nihon Ad Systems (NAS)
12669,China Entertainment Films Production
17837,RCR Media Group
10554,Elektra Film
36434,Ocean Blue Entertainment
69286,Mantar Film
8460,Double Helix Films
16971,Pacific Motion Pictures
7808,Fidès
12861,Corrado Schoner Productions
7956,Castelao Producciones
480,Tobis
87902,GR Films
79209,No Such Productions
31702,Midwest Films
3893,JF Productions
76778,Paulilu Productions
12783,Bercol Films
52586,Maxima Film Compagnia Cinematografica
46317,Barracuda Films
88831,Third Eye Pictures
34993,Happinet Corporation
85721,Fox Entertainment Group
58257,Circus Pictures
28556,Springall Pictures
52622,Natural Nylon II
83688,Meridiano 89
72459,Kvadar
65607,Pindrop
3026,April Productions
74863,Nomimun
77848,A Plus Image 5
59644,Lochness Productions
5670,Shree Ashtavinayak Cine Vision
21275,Kinostudiya ''Mosfilm''
43466,European Incorporation
50803,Hobohm Brothers
3434,David L. Wolper Productions
3097,HDNet Films
10198,CoMix Wave Films
76897,China Television (CTV)
4376,First Artists
25412,Belle Epoque Films
6312,Nautilus Productions
39246,Asgard Entertainment
81596,Hanwha Entertainment Fund No. 1
465,Twickenham Film Studios
12865,Getaway Films
17738,Majestic Pictures
8262,Quiet Films Inc.
40456,Kirghizfilm
20574,Secretaria de Estado da Cultura (SEC)
19903,Lone Runner Entertainment
10227,Mandeville Films
31060,Hallmark Entertainment
73333,Highway Films
55037,Inspirational Films
6962,CNC
9967,Zeta Audiovisual
76708,Soapbox Films
53529,Matsumoto Production Company
17823,Alive Films
19816,Denver Film Productions
64282,Topiary Productions
34143,Le Pachte
24458,A Plus Image 2
14999,Hope & Glory Pictures International
53962,Catacombs Productions
22955,Black Sky Entertainment
1184,Procinex
14677,Network Movie Film-und Fernsehproduktion
1975,Sneak Preview Entertainment
31465,Chosen Film Company
429,DC Comics
26598,FM Entertainment
635,Les Films Alain Sarde
42767,Paper Bark Films Pty. Ltd.
1989,barefoot films
14965,Many Rivers Film
52942,Loumolo & Co.
85450,Medienproduktion GmbH
5987,Innocence Productions
4346,Olhos de cão
79935,Cosefa
23490,Gestevisión Telecinco S.A.
67872,Majestic Film Partners
6359,Cipher Films
16599,Yellowbeard Associates
9054,BosBros
819,Mars Films
21786,Green Communications
7689,Local Production
3677,Crone Film Produktion A/S
24301,Drugaya Kul'tura (DK) Produkt
91713,Bombay Berlin Film
5835,The Frankfurt Group
29475,FSC Productions
46062,Spy Next Door
73068,RYOT Films
14319,Sycamore Pictures
14157,True Love Film Productions
88054,Reel One Films 4
24014,Nutcracker Holdings
1632,Lionsgate
25489,RTE
167,Deblokada
6925,Pine House film
22710,Les Films de Montfort
20773,Republic Entertainment International
1376,Films Montana
27102,Conseil de l'Europe
16064,William Conrad Productions
90077,Supernova LLC
5248,V.I.P. Films
38954,Ferdos Films
3213,Disney Channel
857,Julian Blaustein Productions
30169,Asian Union Film & Entertainment
26065,Piste Rouge
51454,Factory
79380,Stop and Play Europa S.L.
62950,Gregorian Films
5703,Wayfare Entertainment
11052,Catch Productions
3100,Eastern Counties Newspapers Ltd.
8993,Film Development Corporation
13133,Universal Film Manufacturing Company
5153,Estudios Churubusco Azteca
161,Claussen + Wöbke Filmproduktion GmbH
27705,Evanstone Films Ltd.
11019,Devoted Productions
73376,Stag Pictures
5007,Eagle Rock Film & TV Productions
40151,Gonella Productions
16974,British Film Institute (BFI)
74744,Screening Emotions
20858,Navaron Films
38016,FU2 Productions
70149,Studio Okno
89163,Kids' WB
12866,Produções Cinematográficas Herbert Richers
6145,Kuukulgur Film
40021,Brightwater Film Production
27352,WV Films IV
5874,Gloria Productions Inc.
2619,Manigolda Film
14739,Spitfire Pictures
44431,Kaos Cinematografica
31217,Hellhound Productions
67109,Rocking Chair Productions
76461,Artistry Limited
13425,Osmosis
3706,Manga
86980,Floris Films
21812,FST5
8288,Zentropa International Sweden
50838,Incurably Curious
2807,India Take One Productions
16428,Dudley Pictures Corporation
18321,Poultry Productions LLC
20219,Les Films du Nouveau Monde
2093,Sofimage
57427,Laskey Productions
13870,Capri Productions
2567,Abbout Productions
72473,Evangelish Reformiarte Kirche
9962,BD Cine
5869,Les Productions Lazennec
11596,Bones
4559,Zopix Company
19027,Sahara Films
2245,Entertainment Films
42187,Jeffrey Konvitz Productions
4894,Associated British-Pathé
57070,LRT Lithuanian Television
93494,Conseil Régional de Haute Normandie
56628,The Convex Group
55259,Centuria Films S.L.
2401,Drew Associates
51690,Music Television (MTV)
56359,Formula Features
16120,Prodif Ets.
13524,Revision Studios
75923,K & H Productions
29646,Magna Global Entertainment
7693,Count of Monte Cristo Ltd.
8730,Renown Pictures Corporation
2179,Collision Entertainment
6344,Pavel Lungin Studios
44752,Lisa and David Company
52028,5-Second Films
22046,Victorian Film
20966,LeVision Pictures
1633,Next Entertainment
22844,Amalgam Features
40690,Deutsche Film-Gemeinschaft
35001,Defender Film Fund II
5853,Deiz Production
17725,Redhead Productions
43384,Strata Studios
64339,Rupam Chitra
73777,Full On Studios
818,Gimages 5
36887,Roven-Cavallo Entertainment
4558,Safir Films
15410,EPIC
77550,Moana Films
3058,Crossroads Films
70833,"Fyzz Factory, The"
900,Les Films de la Tour
8871,Corner Store Entertainment
69968,NBCUniversal Entertainment
22587,CAB Productions
37833,Picture Perfect (I)
42385,Efer Productions
79776,British Film Finance
17055,Capstone Entertainment Group
35500,Tozart Publishing Inc.
84216,Fu-Film
11949,Quixote Films
42652,Swan American Film
16689,Taska Productions
76679,Aquarius Audiovisual
51762,Bregman-IAC Productions
12141,Pt. Merantau Films
49625,The Reuben H. Fleet Space Theater & Science Center
12274,Dore Schary Productions
11193,Keep Movieng
73192,Pelican Point Media
11613,Radiotelevizija Beograd
6053,Moviescripts
4784,Terra-Filmkunst
34981,Iron Horse Entertainment (II)
82786,op-docs
7870,Aspa Producciones Cinematográficas
63267,Exhibit A Pictures
1497,Marianne Productions
38407,Dada-Filmi Oy
29520,Tama Production
14809,Ekran
6355,Silverstar Ltd.
1287,C.O.F.C.I.
83069,Luminary Entertainment
48819,ApolloMedia
13864,Cinema National
15903,FONCA
80297,The Movie House Sales Company
20644,Business Location Sudtirol Alto Adige
37676,Camberwell / Fly Films
89600,County Natwest Ventures
8515,Sociedade Óptica Técnica
36613,Knightscove Entertainment
77155,MonkeyBoy
64312,S.V. Murder Mystery Movies Inc.
5702,Euro-France Films
94448,Ordnance Pictures
22913,Metrodome Distribution
2302,Svenska Filminstitutet
95126,Cinequest Films
63568,Lookbook Films
5779,Comptoir Français du Film Production (CFFP)
4754,Dark Maze Studios
87827,Helios Productions (II)
12810,Boogiefilm
73124,Neil Breen Films
45,Road Movies Filmproduktion GmbH
74691,Polski Instytut Sztuki Filmowej (współfinansowanie)
38188,Contempo III Productions
49924,Silver Peak Productions
42138,Park-Schilling Productions Inc.
7738,Sketch Films
3549,Sagittaire Films
8376,A&E Home Entertainment
16685,United Artists Pictures
80041,Mrinal Sen Productions
6260,Aries International
23050,TVP Film & Multimedia
43313,Unjustus Films
48874,Mile End Films West
21732,Edward L. Alperson Productions
45754,Alexander Groupe
200,Corazón International
2217,Pretty Dangerous Films
1778,Dentsu Inc.
8411,Metro-Goldwyn-Mayer (MGM)
41344,Moviecraft Entertainment
25876,Headshot Films
73226,Bandung Productions
69299,Unframed USA
64040,Quadrant Motion Pictures
4222,Screen Guild Productions
2243,Hammer & Tongs
47283,Fellers Film
55265,Chapter One Films
241,Herzog
9340,Enjoy Movies
72759,SET Film Workshop
13765,Lake Films
23700,Abbolita Productions
16261,Tricarico Chavez
41914,Cinema X
93135,Centre de Creation Industrielle
54019,Channel 101
10850,Teakwood Lane Productions
43494,T-Stop Productions
41671,New Kingdom Pictures
415,Laurence Mark Productions
79105,Endorfina Studio
71874,Magilm Pictures
1807,Warwick Film Productions
21195,Koi Productions
6920,J.S. Productions
13497,Prosperity Pictures
26396,Studija 2
90779,H&M
11397,Sofica Soficinéma 4
175,Caravan Pictures
40495,Cart Before The Horse Productions
91900,It's Alive Films
3312,Martini Films
12348,Nationale Loterij van België
26083,Katira Productions GmbH & Co. KG
10968,Team Cherokee Productions
36113,Zupnik-Curtis Enterprises
52231,TRES Cinematografía
21622,Braven Films
16262,Nice Dissolve
7488,Production Champion
71150,Living Condition LLC
2244,Millennium Pictures
80713,Daro Film Distribution
68209,Erber & Koch
52072,Samwilla Productions
20416,Regione Lazio
74293,Mathematic
34455,Votiv Films
39804,Aoi Promotion
35625,Premiere Entertainment Group
2450,Naflastrengir
21125,Detention Films
10073,ICIC
14245,Messidor Films
31102,Norddeutsche Filmproduktion
40758,Sheen/Michaels Entertainment
33905,"South Australian Film Corporation, The"
71632,B Media Développement
75369,Département Fédéral de l'Intérieur
31718,Oy Vey My Son Is Gay Productions
1093,Shoreline Entertainment
24446,Film Visions Funding
84803,Aviacsa
4141,Associated Producers (API)
88814,Fat Cigar Productions
76190,Stampede Films
62749,Windmill Film
26953,SimonSays Entertainment
50619,Romper Stomper Pty. Ltd.
11376,NHK Enterprises
56520,Entertainment Events
68506,Gold Star Films
4603,Edward Halperin Productions
77921,La Jolla Productions
2674,Telecinco Cinema
1824,Gravier Productions
67721,"FINEP/Ministério da Ciência, Tecnologia e Inovacão"
86346,Kazahfilm Studios
14070,Cinema Artists
9996,Syncopy
89904,Stormy Weathers Production
24563,FallBack Plan Productions
56112,Dismage
800,Wheel Productions
3962,Leomax Entertainment
18178,Gearshift Films
13255,New Century Producers
38085,VBT Productions
73536,Senator Global Productions
90733,Neon
70733,Tom de Mol Productions
86947,Fel-UK
50983,KillerWolf Films
48185,Expatriate Films
33729,Dodici Dicembre
72737,Pantheon Film Productions
13480,Haishang Films
42269,Black Dog Films
12017,The Monty Python Partnership
43918,Beware Doll Films
35664,3 Days in Vegas
8944,Pausilypon Film
37511,Net City Filmgroup
11030,Envision Entertainment Corporation
39359,Thunder Perfect Mind
93502,Planete et Compagnie
66625,Almega Projects
31347,Genesis Productions Ltd.
93571,Pegasos Film
28149,Rogue Star Films
38157,Cosa Nueva
7810,Aparte Producciones
29725,HOT
72987,Film Base
11791,People Tree Films
11799,Département des Alpes-Maritimes
40444,Clifton Productions
41434,Tom Girl Films
21590,Pressman Productions
15127,Boll KG
60332,In-Cine Compañía Industrial Cinematográfica
23420,Vaughn Productions
22042,Ace Productions
79218,Puvisate Ltd.
4852,Mystique Films Inc.
15017,Steve White Entertainment
2856,Eddie Wong Films
5173,Warner Bros. Home Video
42978,Goldmine Productions
94714,"Vista Organisation, The"
15303,Extreme Video Snc
60847,"Albfilm, Tirana"
19240,Euroimage EOOD
38664,Sheinberg Productions
62132,Paul Edmaond Decharme
2159,Hal Roach Studios
25999,Beactive Entertainment
38115,Shoot First Entertainment
2105,Thura Film
35149,Sezione cinema Edisonvolta
3234,Studio Pierrot
24360,Phoenix Entertainment Group
21817,ANA Media
10526,Champion
73658,Irving Asher Productions
89135,Maysville Pictures
10887,Y Productions
21215,Eleven Eleven O'Clock Productions
4003,Halestorm entertainment
69011,A Product of Malitsky
6638,Inca Films S.A.
6563,Barbarian Films
816,FilmEngine
80170,Boot Girl Production
7837,International Artists
20748,Visitor Pictures
33419,Snowback Productions
2648,Road Rebel
85872,Cinemilagroso
4685,MK Pictures
77803,Robert L. Lippert Productions
3623,Kazakhfilm Studios
73688,Excalibur Motion Pictures
5214,Rainbow Productions
10505,New Breed Entertainment
20266,Dog House Post Audio
21013,International Pictures Three
5986,Pantheon Entertainment Corporation
1608,Wayans Bros. Entertainment
8608,Magnum
23664,Essential Pictures
77476,Size Matters
65624,Check the Gate Productions
72634,Jorva Entertainment Productions
2365,Capital Arts Entertainment
44940,Darkstone Entertainment
11617,Gaylord Productions
19999,School Pictures
11704,2M
2027,3sat
89544,Atomic Arts
9214,Clonus Associates
7507,DRO Entertainment
10519,Cinemaster S.r.l.
5087,Scotti Brothers Pictures
4905,Paragon International Pictures
22919,Rishon Films
69387,Neil Breen
87308,Sombracine Producciones
24720,Flying Dutchman Productions Ltd.
4818,Rick Sloane Productions
51117,Thousand Mile Media
17388,July August Productions
85572,Fast Film
95164,Twentieth Century Vixen
8318,Kilarney
85283,Los Angeles Media Fund (LAMF)
15058,Casablanca Filmworks
88165,ACCI
95970,Production Group S.r.l.
79897,Progress Communications
5121,Dante's Inferno Animation
14085,Hardy Pictures
8135,Anchor Bay
48022,Institution Post
52537,Athena Cinematografica
720,Goldwyn Films
2896,Platinum Equity
6663,C-Films AG
7642,The Total Living Network
13969,Globo Filmes
10011,Alta Producción
5533,Jerry Lewis Productions
26958,cinegrafik
42210,2 minutes
4491,Avventura Films
85745,"Direction du Développement et de la Coopération (DDC), Département Fédéral des Affaires Etrangères"
85,Konrad Pictures
74695,Ming Productions
33783,Big Deal Pictures
23019,Evolution Entertainment
1882,Outov Productions
77290,CineMart
27724,Mirisch-Kappa Production
87116,Many Cups of Chai Films
243,CB Films
52596,Ciclic - Région Centre
25570,BBC Drama Productions
37041,IDG China Media
8509,IndiePix Studios
2738,Lithuanian Film Studio
10496,Orphée Productions
41602,BB Film Productions
20848,Rough House Pictures
24373,Delphi Productions
3105,Rockers Film Corporation
29564,Telefónica Studios
14056,Artistes Alliance Ltd.
59460,Paraïso Productions
14535,Elstree Distributors
538,EMI Films Ltd.
92996,Abbasi Bros.
5834,Brown & Stretic
64597,Virtual InterActive Inc.
13439,Optix Digital Pictures
8676,uFilm
92471,Exhibit
24018,Paloma Juanes
3632,Romulus Films
2998,Infogrames Entertainment
72829,Thillaye Productions
84189,Ein Shams Films
3907,Pull Down Your Pants Pictures
10484,Produzione D.S. (Dario Sabatello)
69262,PHD Productions
22969,Springwood Productions
5067,Steve Krantz Productions
11461,Bad Robot
86900,TIK Film
44962,The Movie Group
2724,Abandon Entertainment
34625,Directv
42328,Old Vic Productions
14145,Little More Co.
24161,Cinegreen
9016,Between The Eyes
13592,Play Film
5879,PRC
3208,3Mark Entertainment
79733,Talent International Film Cultural Company
55914,Konami
23462,HJB Filmproduktion
6592,Wanda Vision S.A.
51852,Blood & Chocolate Productions Ltd
61649,Curtains Productions
41474,Rodeo
79822,Flexibon Films
29201,Les Films de L'Autre
62350,Loop Filmworks
77713,Dog Day Films
10556,Colosseo Artistica
25757,Quality Pictures
23992,On the Road
79030,XM3 Service
58231,Saarländischer Rundfunk (SR)
76293,Fundamental Entertainment
74580,Johnsonese Brokerage
6768,Kadokawa Eiga K.K.
23608,L&G
11018,Penta Pictures
13369,Super Crispy Entertainment
53200,Audiovisual Aval SGR
27376,STS Media
18990,Radiant Productions
21996,Loterie Suisse Romande
11582,Case 39 Productions
21631,Cofimage 13
18655,Morning View Films
7157,Koktebel Film Company
7001,Isabelle Films
48690,PayperMoon Italia
78621,Cole Blooded Inc.
75621,13th Dimensional Video
57412,Manfred Guthe
37553,Margaret Fink Productions
33768,Solution Entertainment Group
24734,Filmwerx77
109,Rome Paris Films
17827,HPLHS
5793,Kastle Films
20793,B. A. Filmproduktion
52166,Industrial City Films
3684,Tree Kings Productions
76,Zentropa Entertainments
8339,Facet Productions
29687,Indiz Film
80108,Devisha Films
14359,Scott Pictures
44602,Canal+ France
75511,Direction de la Cinematographie Nationale
64577,Roman Spring Pictures
47783,Visionary Films
7341,AXN
94975,CRM-114
79,Village Roadshow Pictures
90732,Telmar Films Intl.
1858,Project Campo J.V.
50500,FullDawa Films
3387,InterCom
12997,Limbo Film AG
14551,Capelight Pictures
6416,Svensk Filmindustri
30833,Visual Arts Entertainment
11935,Fonds Images de la Diversité
8116,Wind Dancer Productions
23482,Taki Corporation
27610,Camfam Studios
15191,Laser Films
8089,Animal Logic
45779,Passcode Entertainment
12226,American Film Institute (AFI)
82261,SNPC - Società Nazionale Produzioni Cinematografiche
9240,Hispamer Films
12409,Horticus UK
60690,Films & Casting Temple
86699,Maddock Films
29702,Old Jim Productions
25481,Cinematic Productions
73930,Studio GDS
989,Four Square Productions
10584,Group Film Productions
60621,Busted Shark Productions
17550,Desperado Film
24428,Revolver Picture Company
21941,Continental Media
64425,Casual Productions
49673,Film and Co.
1905,Integral Film
18952,Spectacular Trading International
41929,Compagnia Cinematografica Antonio Cervi
90506,Stone Circle Pictures
14485,Velvet Star Pictures
2054,Ruby Films
15568,"Zespol Filmowy ""Pryzmat"""
66252,Regner Grasten International
45358,Merced Media Partners
73629,Nassour Studios Inc.
370,Melampo Cinematografica
3334,Adam Fields Productions
9965,Anima Estudios
26977,Sarabande Productions
8423,Compagnia Cinematografica Mondiale (CCM)
5419,Edgewood Productions
25473,Nu Image / Millennium Films
85869,Ramón Acín
1887,Lorimar Motion Pictures
16274,Thomas Coleman and Michael Rosenblatt Productions
27523,Pure Mutt Productions
79731,JC Group International
2723,Lin Pictures
50513,French Quarter Film
55423,East of Harlem (UK) Ltd
15706,Phoenix (II)
25321,Cinimod Film
52046,verture Films
35976,SUN-Productions
3566,Spinal Tap Prod.
33782,Witzend Productions
68539,Hochschule für Bildende Künste Hamburg
46504,Blue Voo Doo Technologies
67525,Tobann International Pictures
4170,Playtone Productions
7911,Just Vision Films
11492,The Foundation
9266,American International Pictures (AIP)
7490,TSBD Canada Productions
3889,Primesco Communications Inc.
10962,Freefall Films
42218,Indifferent Entertainment
20567,Four By Two Productions
19750,Disney Double Dare You (DDY)
20037,Augenschein Filmproduktion
9129,Media Development Authority (MDA)
39698,American World Pictures (AWP)
84825,MMM Film Zimmermann & Co
53348,Jeepers Creepers II
7330,Blind Spot Pictures Oy
55588,Lychnari Productions
3497,Corporation Image M & M
1016,Man's Films
1724,Regina Films
81175,Illuminati Films
3978,Robert Stigwood Organization (RSO)
3383,777 Films Corporation
12182,Rebel Film BV
52351,Rabbit Bandini Films
11907,Lisa Film GmbH (München)
68461,Ora Film
6901,Prescience
53267,Kenneth Madsen Filmproduktion A/S
2580,Coquette Productions
2852,CCCP
6937,Dharamsala
44632,Gravitas Ventures
53247,Impostor Pictures
39718,Agav Hafakot
7926,Studio Filmowe Kadr
93896,Off Center Media
77549,Liberal Region Productions
94943,Beijing Zhongbo-Times Film Planning
612,Artists Entertainment Complex
3708,K Sera Sera
46525,Auro Cinematografica
49512,New Picture Company
8194,Lagarto Cine
3337,Empyreal Entertainment
80697,KuroKitsu
63197,A Atalanta
52086,AFC
2304,Finnkino Oy
337,Creado Film
9269,Global Entertainment Productions GmbH & Company Medien KG
63631,Gettin' Rad Productions
77966,Hanson
40751,Cowry
3643,ERP Productions
19194,Andrew Lauren Productions (ALP)
18700,Grafton Films
10892,Everest Entertainment
4508,Nederlands Fonds voor de Film
21923,Projection Pictures
37749,Farpoint Films
1641,Rodeo Productions
18120,Loco Dawn Films
26138,Iconolatry Productions Inc.
4374,Spader Knekt
4810,My Own Worst Enemy
57537,Diablo Entertainment
62708,PCB Entertainment
17691,Luxfilm
5992,Inspired Minority Pictures
25438,Lauron Pictures
80107,The Amazing Film Company
67325,Sabella Dern Entertainment
28401,Tovo Films
7676,Entertainment
46416,CVD Studios
6279,Continental Producciones
60615,Visionbox Pictures
79785,Lock & Valentine
44246,The Sci-Fi Channel
5738,Stonebridge Entertainment
25569,BBC America
16912,Maximillian Productions
82459,Mad Films
8250,Bona International Film Group
95254,Film Council Productions
48089,ESCAC Films
2492,Playhouse International Pictures
17825,Seagal/Nasso Productions
5864,Gebeka Films
23634,Riddick Canada Productions
5828,Strada Film
53334,Archimede
13398,TBS
1826,Play Art
33770,Siren Digital - Hollywood
65339,Ferns Entertainment
84282,Pipa Filmes
708,Beijing Film Studio
3423,Film Direction
14154,Essex Productions
86993,Adoor Gopalakrishnan Productions
2015,Darlow Smithson Productions
11295,Snow Globe Productions
18206,Killarney Film Studios
80401,Century Hero Film Investment
10495,Thunder Pictures
20063,롯데엔터테인먼트
72725,QC Entertainment
14688,Alicia Produce
3555,The Chimney Pot
94410,Dracula Productions Inc.
12875,Vacationeer Productions
10130,Ciskul
72590,"U.S. Department of Defense, Information and Education Division"
3603,Vision International
22621,Tres Tunas
6751,HBO Sports
7741,Landscape Entertainment
23123,Mars Film
84330,Bluverde F.V.T. Produktionsgesellschaft
18061,Slava Film
20678,Odeon
17811,Mad Dimension
16927,Klein & Shamroy
3395,Matila Röhr Productions Oy
11325,Blade Runner Partnership
46234,Independent Television Service (ITVS)
67723,La Procirep-Angoa
20092,ArtImage Entertainment
73964,SAF Productions
86523,Culmination Productions
27753,Ambi Pictures
52075,Reliance
11192,DaKINO Production
24487,"Pennebaker Hegedus Films, Inc."
2916,K2 Communications
72948,A & D Studios
17980,HBO Documentary Films
41208,Faro Film (II)
2913,Warner Bros. France
60221,Ordinary Road Productions
36557,Imbissfilm
2238,Elsevira
75485,MAG
70472,Toho Eizo Co.
7561,Nexus Factory
6361,TMC Films
1950,New World Pictures
80016,House of Nod
42711,Neena Raut Films
7436,Birdsong Pictures
2575,21 Laps Entertainment
94301,Window III Productions
18881,Spelling Films International
13867,British Lion-Columbia Distributors
18701,Wessex Film Productions
653,Komuna
52258,Ananã Produções
20347,Banque Populaire Images 11
19828,Lonlink Productions
23846,Harbour Productions Limited
35143,La-La Land Films
11045,"Nasser Group, North"
74312,Maya Entertainment
90596,Vaco Moloco
41819,San Nicola Produzione Cinematografica
13840,Aniene Film
33846,Fotocomics Productions
8902,The Producers Films
18919,Follow Through Productions
77293,Servientrega
6448,Darclight
24380,V/M Productions
21190,Otomatic
5867,RTBF
2213,Rainmaker Entertainment
905,Phase 1 Productions
25909,Landau Company
27331,Frantic Films Live Action Productions
2814,Great Scott Productions Pty. Ltd.
29577,Münchner Lichtspielkunst
193,Excelsa Films
83243,Flat World Productions
80099,NASA Entertainment
32661,Beijing Dachu Changge Film And TV Culture Co.
10640,Shochiku Ofuna
79321,New District
58637,Tremolo Productions
13951,Bryanston Distributing
29393,Lion Films
79517,Countryman Films
486,Portobello Pictures
7502,Союзмульфильм
76563,Full Twisting Double Back
90658,Fetisoff Illusion
7492,Discovery Channel Pictures
22977,Enigma Film
38181,American Films
34309,Pandastorm Pictures
2399,Reggane Films
92630,Pritish Nandy Communications
25344,Cinares production
22106,Widget Films
41756,GH Three
91,Lama Productions
58241,Sofica Valor
42880,MVP Pictures
73443,Studio Kajino Company
48199,Premium Movie Partnership
11556,Mirae Asset Capital
84722,Von Vietinghoff Filmproduktion (VVF)
3951,Warrior Poets
86969,BMore Pictures
46201,Norsk Filmfond
10330,Universal International Pictures (UI)
80933,Guarango
17021,Lucamar Productions
10499,Compagnia Europea Cinematografica
19634,Team G
25975,Aggregate Film
21543,Nu-Image Films
85354,Shanghai Hongliang Media & Culture Co.
35852,Semi-Professional
53303,Werc Werk Works
6847,Beech Hill Films
20990,EKZ Productions
8518,LBI Entertainment
30900,Mirage Studios
23001,Alva Films
4668,Vap/Cave
69639,TSF Productions
3476,Walt Disney Animation Australia
87550,MOOVIE the art of entertainment GmbH
567,Office Kitano
7342,Atípica Films
35480,Walrus & Associates
91896,Gnu Films
7856,Digging to China LLC
93164,Planet Pictures
22453,Mainframe Productions
7869,Ágata Films S.A.
67892,Cuel Lavalette Productions
7694,Delante Films
24312,Lupo-Anthony-Quintano Productions
18298,Videal GmbH
13573,Canal Brasil
28309,ATG Productions
18923,Moholy-Nagy University of Art and Design
1266,Octagon Films
58245,Héritage Films
44916,Société Lumière
21015,Moviepool GmbH
15418,Daystar Productions
21868,Arsam International
2675,La Parti Productions
27268,North Light Film Studios
520,Pacific Data Images (PDI)
7475,Arc Light Films
19070,Kaikai Kiki Co.
24820,Les Films 2 Cinema
5565,Adam Productions
16232,Picnic Productions Pty. Ltd.
8791,Sherwood Productions
3336,Ice Cold Productions
12231,Sententia Entertainment
21380,Roxbury Pictures
13829,Apropos Films
4375,Sony Music Entertainmant
4406,Banana Split Polska
23876,Stoller Global Solutions
6992,Avalon
19143,JA Entertainment
15731,Hans Domnick Filmproduktion
58136,Hangman Film Company
11283,CTV-Media Studio Corporation
51235,Taggart Productions
81551,Vamonos Films
85253,Soficinéma 11 Développement
91006,Das Werk Productions
18811,Brink Films
18682,Out of Towners Productions
10398,Scary Movies LLC
7326,Film Fonds
36542,Yorkshire International Films Ltd.
56050,SF Norge A/S
10200,Joseph M. Schenck Enterprises
1341,Regent Entertainment
18713,Prana Studios
1974,Duplass Brothers Productions
28504,Filmtre
3693,Alpine Medien Productions
6184,Tribune Entertainment
32732,Anwar Rasheed Entertainment
64720,revolcadero
60704,Electric Eel Films
20788,Gulfstream Pictures
8780,Walrus & Associates
1664,Zebra Films
35665,NG Production
10091,Barton Films
17956,Transcinema
1503,Telemondial
64295,In Film Praha
6007,Auteur Entertainment
79532,Large Format Cinema
21138,DeA Planeta Home Entertainment
67653,Seattle Film Co.
29193,Lionhead Studios
1464,Summer Knowledge LLC
13621,The Group Films
44646,"Golden Tripod Film Co., Hong Kong"
3231,Apple Creek Productions
64997,Octobertrain Films
73554,Rospofilm
73670,Seine Pictures
68479,Ark Angel Productions
75642,Les Films Aleph
20856,Realitism Films
75510,Filmi Doomireew
21122,SnowPiercer
11554,Korea Pictures
10676,Cinesur
15309,PONY CANYON
7380,Initial Entertainment Group (IEG)
7576,Eon Productions
2795,Ott Medien
2730,Motown Productions
13152,Nice Guy Productions
71884,Snowman Enterprise
3895,Chaiken Films
75839,Walter Schnoch
21247,Clasart Film + TV Produktions GmbH
135,UIP
86758,rebel one pictures
8940,CL Productions
2805,Pact Productions
16850,ApolloMedia Distribution
18888,Les Films du Passage
8183,Harlequin Productions Ltd
2926,Alexandre Films
16101,Metro Pictures Corporation
16853,Rook Films
23574,Resolution Independent
5160,Winner Arts
11021,PEQUI FILMES
45767,Metalheads
22657,Sédif Productions (as S.E.D.I.F.)
47348,Greenhouse Media Investment
84421,National Mutual Australasia Ltd
477,Hughes Entertainment
84161,Vetter Brothers Filmworks
95677,Filmityö
3534,Goodspeed Productions
5833,Morningstar Entertainment
95472,Sofilmka
73249,Pellikola
4297,Redwood Palms Pictures
60601,Cloud 9 Film Partners
6357,Far Cry Productions
21415,Myung Films
90333,La Station d'Animation
52749,Oh Production
3850,Geneni Film Distributors
3565,Fern Gully Tales
38512,Saban/Scherick Productions
74210,Oh! Show Productions
12554,Rosa Entertainment
65301,ASC Audiovisual
12098,Cofimage 23
28805,Cinema West Films
11816,Mitosfilm
4133,Allied Pictures Corporation
22101,Cone Arts
70801,Iwerks Entertainment
776,Phalanx-Jaelem
3983,Blue Gardenia Productions
76387,Filmlab
2299,Wonderland Films
76510,PEP Pictures
6233,Леополис
14857,Apache
75674,Valdivia Film
9385,"ZRF ""Syrena"""
42531,Market Road Films
47082,Oro Films
19038,Film Communications Inc.
63571,"Enelmar Productions, A.I.E."
7948,Terra Firma Films
22948,Feelgood Entertainment
21497,Starlite Films
879,Out of the Blue... Entertainment
19803,Pantera Productions
1492,Atlantis Film
6435,Hallmark Productions
86092,Catalyst Global Media
32814,Catalan Film and Television
7619,Dimension Extreme
44997,Zwart Arbeid
4400,Universal Pictures UK
28003,FLX Comedy AB
12011,Quo Vadis Cinéma
71861,Brigitte
84423,Failure to Launch Productions
2355,Hirsch
20345,Centre National de la Cinématographie et de l'Image Animée
7620,Bend It Films
52882,Ulula  Films
18371,Omnia Film München
11224,Benjamin Productions
33022,Go Faster Stripe
4284,Century Films
23946,Nederlandse Christelijke Radio-Vereniging (NCRV)
70995,Imagi Production
75232,Mifune Productions Co. Ltd.
3197,Celebrity Productions
7996,Films A.B.C.
27453,Factor-Altman-Mirell Films
72662,Big Eye
4733,1992 Number Four Limited Partnership
901,Carlton Film Export
11776,Film Fund Luxembourg
12246,MDBF Zweite Filmgesellschaft
6450,Studio Pierrot Co. Ltd.
3753,Kismet Film Company
3310,Tulos Cinema
6743,Novofilm
36778,Secret Films
927,Palace Pictures
2452,UK Film Council
6562,Planet Productions
38015,Busted Tranny
18507,Metro Film
7295,Relativity Media
13931,Filmes do Equador
13850,Sverdlovskaya Kinostudiya
7294,Reliance Entertainment
42592,Hobo Pictures India
5383,Torus
21834,Paramount Pictures Digital Entertainment
76193,Bowden Productions Limited
4163,Tambarle
16214,Made
87589,j.j. films
850,Eurimages
3599,Speak Productions
2505,Shadow Stars
1403,Franchise Pictures
46126,Živa Produkcija
26742,Collective Pictures
8640,Samurai Productions
61337,Dollface
89475,Krypton Productions
32175,Abominable Pictures
10969,Sepia Films
19778,Winter's Bone Productions
80201,Brainfeeder
90117,Screen Artists
91744,Volcanic Eruptions
16464,Bando a parte
9012,Vostokfilm
2950,Bigfoot Entertainment
28513,Cinema Design
2281,Les Films de Beyrouth
63635,Three Rivers Entertainment
2995,Atmosphere Entertainment MM
1988,Epic Productions
75050,PRO-FUN MEDIA
7059,Aurora Films
41249,Rolize GmbH & Co.
16804,France 3 Cinema
59352,GGB-14
78322,Bluewater Pictures
20774,WT Canada Productions
892,Qwerty Films
5085,Televisió de Catalunya
79049,Winning Edge Partners
15263,Normandy Productions
3707,The Film Factory
80004,Adrian Țofei
44382,Decla-Film-Gesellschaft Holz & Co.
57945,Paloma Negra Films
74602,Studio Produkcyjne Orka (Koprodukcja)
73213,Napalm Love Productions
68549,Emmitt Productions Limited
16832,129 Productions
37385,Ark Media
13042,Kartemquin Films
8824,The Alfred Shay Company Inc.
53199,Ibermedia European Community Program
26265,Ronald Shusett/Gary Goldman
8383,Cinema Iris
87859,BAF Berlin Animation Film
7411,Imax Filmed Entertainment
14628,Bethsabée Mucho
55440,Insomnia Media Group
86779,Les Films à Paulo
65518,LF2 Productions
73727,Boys Next Door Productions Inc.
43650,Motion Picture Pro Studios
84121,Thirst Film
10915,Turner Classic Movies (TCM)
22622,Consejo Nacional para la Cultura y las Artes (CONACULTA)
3437,TE Encore Films
74731,Once Upon A Story
24049,Sierra / Affinity
4385,Good Night Productions
75171,Astrea Media
76685,Kinofirma
61661,CleftClips
66500,Well Tailored Films
9195,Touchstone Pictures
39838,Toledo Pictures
1647,PM Entertainment Group
79736,Hollywood Storm
40840,Cine.Ar
38114,Selima Films AVV
12628,J.P. Gorin
11673,Wüste Film Ost
22152,SK Planet
68189,Frank Ross Productions
39958,Great Movie Ventures
2764,Chessman Park Productions
66079,Kino Oko
35461,Pathé!
66739,Qian Yian International
14055,Sunshine Pictures
3165,Funny Business Productions
2036,Y Filme Directors Pool
14137,Moonlight Productions
42182,Filmel
21509,Levinson Productions
87211,DMM.com
8015,Procusa
93632,EMC Pictures
25057,Manetti bros. Film
59024,Schuetzle Company Productions
89247,UCLA Film and Television Archive
3417,CTV International
19951,ApolloProMedia GmbH & Co. 1. Filmproduktion KG (I)
12493,2 Player Productions
63627,Canal Street Communications
8415,TIT Filmproduktion GmbH
84846,Deep in the Heart Pictures
89143,International Cinema
11605,Authentic Films
77870,alain poire
464,National Film Trustee Company
7325,Icicle
11272,Peregrine
67540,Goliath Entertainment
38010,Wild Ocean Films
14389,Burroughs Productions Inc.
22936,Sir Dark Knight Productions
78967,Indéfilms
31740,School of Life Productions Inc.
79439,Phoenix Images
31023,Joroni Film
6700,The Manitoba Arts Council
78963,Ministère de la Culture Italien
15105,M.E.G.A. Films
92161,Crestwood Pictures
88849,Season of Darkness LLC
6574,Lions Gate Family Entertainment
14161,"Kanzaman, M.D.A. Films S.L."
48861,Air Bud Entertainment
655,Strike Entertainment
3689,East Wing Holdings
18623,Zodiac Produzioni
80276,Late Bloomer Productions
18209,Alpha Core
20241,Crystal Sky Pictures
373,Asymmetrical Productions
59111,Recluse Films
64596,CrossFit Inc.
92469,StarStream Media
22902,Tripod Entertainment
4321,Shubert Organization
10893,Big Screen Productions
8179,Taurus Produktion
10084,Singular Audiovisual
14175,Davis Films
8934,Studio Hamburg WorldWide Pictures
94951,Xinghui Production
54613,Lyric International
747,Inland Empire Productions
11024,Coyote Productions
22901,Afraid of the Dark
11995,Depth Entertainment
63445,Yeti Films
4724,BLT Productions
15894,Soficinéma 8
34999,Bauer Martinez Studios
16979,Radnitz/Mattel Productions
34988,Sincronía
87514,"Experimental Film Studio, Moscow"
67823,Star Partners
61131,Rock Paper Scissors
21456,Cangrejo Films
82956,Wang Bing Film Workshop
59149,Megafilm
39848,Péndulo Films
11898,Blue Haze Entertainment
79619,Vision Comunicaciones
25905,Jascat
41176,Savage Films
4403,Stuber Productions
21773,"Film Community, The"
78716,Vermillon Films
90249,IM3 Entertainment
77449,Jules Verne Adventures Productions
463,Michael White Productions
39085,Furnace
88123,Graffon Film (H.K.) Co.
5004,Hazeldine Films
58334,Splendid Medien AG
10105,Apatow Productions
6576,Hammer Films
20606,Galassia Film
4896,Gala Film
7030,Tarentula
27718,Dub
12342,Cineworx
1806,Warwick Productions
7981,Pathé
1589,Pro7
6889,Pop Gun Pictures
20166,Marston Productions
17885,The Kaufman Company
10872,Popcorn films
3138,Harcourt Productions
43412,Pyramid Productions
73642,Garrett-Klement Pictures
91568,Buena Vista Film Distribution Company
95345,Chuck Productions
23577,Karé Productions
55465,Televisa S.A. de C.V.
5374,Marv Films
3887,Velvet Steamroller Entertainment
10326,Anglo Enterprises
63105,Animal Planet
24781,Speak Thunder Films
21579,Code
8911,Bigelow Productions
12040,Vera Cruz Studios
40745,Broken Films
23189,Greeks Productions
35731,PostPanic
2315,Paramount Classics
6041,Colossal Pictures
18771,Metaphor Production
30794,Sony Computer Entertainment
13046,Cuomo Cole Productions
81930,John Krimsky and Gifford Cochran Inc.
80450,Naho Productions
5023,Alliance Vivafilm
40424,Goatworks Films
21224,Levity Entertainment Group
8840,Homegrown Pictures
57347,Blue Productions
1152,Independent Television Service
32434,Lotus Productions
17719,MJZ
75283,Little Big Productions
11727,Yomiuri Telecasting Corporation (YTV)
51100,Graal Films
87259,Coldwater
11472,Dirk Productions Ltd.
29654,AB Films
10470,Chris Montan Productions
4279,IDT Entertainment
20656,Babieka
92629,Forum Films [ca]
21918,Sheerface Productions
29566,Atresmedia Cine
74459,Visualizer Film Company
6566,CNCAIMC
32696,Beijing Enlight Pictures
45636,David Evans Pictures
6105,Soundsquare
25323,Amber Pictures
23709,Koala Cinematografica
9040,Proletkult
15345,Puzzlebox Films
53716,Sanitsky Company
49843,Girafa Filmes
1801,Rene Clair Productions
45587,Sri Venkateswara Cine Chitra
841,Pathé Entertainment
80862,Edgeline Films
12616,Guerilla High Productions
73310,"Fyzz Facility Film One, The"
76822,Les Films des deux mondes
7587,NGN Productions
29053,Australian Film Board
25838,Occupant Entertainment
5636,Beijing Jinyinma Movie & TV Culture Co.
20244,Kudos Film and Television
5040,Morningside Productions
12387,Tohokushinsha Film
54278,Aspetuck Productions
22309,Piccadilly Pictures
13070,Tomy
92540,Spectral Alchemy
15222,foprocine
3068,Bess Movie
77296,World Cinema Fund
36605,Entersport Holdings
19211,KinoMost
6682,Ltd.
12727,G.R.P. Cinematografica
20108,Hooks and Taylor Entertainment
8028,Dorothy Film
55066,From A to Z Productions
3619,Win's Movie Productions Ltd.
29972,Compagnie des Phares et Balises
80114,ME2 Productions
6881,Parafrance
52263,United Feature Syndicate (UFS)
47851,Cut
19481,Babelsberg Film
3063,Synthetic Worlds
49972,Barunson
51081,Cascade Films
14343,Stein Film
12703,Releaseme Productions
4205,Groundswell Productions
3362,Geneon Entertainment
11035,Caroline Productions
43628,LaLoggia Productions
21556,Les Productions Unité Centrale
93503,PXP Productions
2748,Clubdeal
84279,Governo do Rio de Janeiro
31317,Meridian Films
18984,Blind Guy Films
1066,Distant Horizons
19923,Distant Planet Productions
25380,Zbang Film
10104,New Regency Pictures
13617,R.U. Media
36433,MJW Films
3528,Thunder Road Pictures
8487,Sanrio Company
40669,Les Films du Rivage
34673,Mirror Releasing
12477,Film i Skåne
3713,Mobile Masterpiece Theatre
15307,Cinema Entertainment
4026,Emote Productions
13954,Rollins-Joffe Productions
72535,Breakout Movies
78298,Belga Productions
41973,Capital Film
18055,M&C Films
33681,Black Label Media
19117,Katapult Film
8100,Mafilm
65815,Metakwon Filmworks
80500,Endorfilm
49991,Digital Media Factory
16207,Nichiei Agency
19829,Kut Productions
25087,Arnon Milchan Productions
8092,British Film Institute
59869,Downtown Community Television Center
10540,Transeuropa Film
73574,Kukumajsa Productions
2269,China Film Co-Production Corporation
12034,Cinémage 2
19149,Frank Seltzer Productions
10898,Légende Entreprises
80772,Maximum Force Joint Venture
67475,Manny Films
37071,Tubedale Films
7618,Sick-A-Scope
39657,New Line Home Entertainment
81593,Sidus FNH-Benex Cinema Fund 1
3529,Studio Nue
62512,Nut Bucket Films
1466,Live Stock Films
35442,Radio Televisión Española (RTVE)
30926,Skyline Entertainment
16320,Animatógrafo
57635,Route 17 Entertainment
48188,Transfilm
33197,Iluminura Filmes
23461,Angel Venture
59663,Compadre Entertainment
28391,Antea Cinematografica
50479,Hello Please
13073,Tokio Films
3349,Scanner-Rhodes Productions
39602,Manny Coto Productions
6313,Weintraub Entertainment Group
16312,Crave Films
54935,Lockheed Martin
8188,Neelmudra Entertainment
19776,Prospect Park
30571,Westwind Productions Inc.
21304,Cabin Fever Entertainment
20088,B.D.S. Productions Inc.
81646,ESPN Films
10313,Astral Bellevue Pathé
67720,CNC - Nouvelles Technologies en Production
44599,Fladen Film
93899,Fine Line Media
4137,Sack Amusement Enterprises
90274,Busterburger Limited Partnership
22641,TOKYOPOP
69189,Gwenaud Productions
60691,Australia India Film Fund
21106,Axon Films
33252,HH Sheikha Salama bint Hamdan Al Nahyan
23541,Lakeline Productions Ltd.
77946,Gray City
89133,Angel Eyes Productions
12617,Belarusfilm
2164,Richmond Productions
78626,Greek Film Center
16027,Portman Productions
67930,Chal Productions
50054,Schweizer Radio und Fernsehen (SRF)
39257,MyS Producción
58273,Productions 2000
946,CJ Capital Investment
52723,Inside Track Productions
22204,Sofica Manon 3
69882,Arcturus Entertainment
41720,Alumbramento
74679,La Volpe
82607,Longview Entertainment
780,Red Wagon Productions
11592,Silk Road
39734,Ketchup Entertainment
32542,Starburns Industries
24211,Stan Winston Studio
276,Guber/Peters Company
33837,Point Park University
8614,Twilight Motion Picture Seven Ltd. Partnership
43498,Resnick Interactive Development
93953,Netherlands Government
4602,Echo Bridge Home Entertainment
7459,Les Films Mareau
15398,Films Montsouris
3764,BSK Network and Entertainment
26773,J&J Jakubisko Film
55497,Sobras International Pictures
13509,The Actors Cafe
46244,Gosfilmofond
78136,Zhejiang Films & TV(Group) Company Ltd.
4218,Zeitgeist
18898,Ladoga
69475,Azerfilm
4621,Gébéka Films
7680,Tornasol Films
4591,Flashback Television
84424,Vita-Ray Dutch Productions (III)
3000,Worldwide Bonus Entertainment
25431,Branbomm
2382,Rainmaker Films
70128,Antibody Films
22921,Resonance Film & Video
74732,Greener Grass
12651,Askania Media Filmproduktion GmbH
22767,Solo Moi
31059,Pony Canyon
74203,Glasgow Youth Theatre
40891,Omnijoi Media
89849,Grindfist
2087,Blackfriars Bridge Films
63030,Templar Film Studios
4144,Hammer The Movie
17818,Beijing Enlight
37618,Britt Allcroft Productions
2377,Chicago Pacific Entertainment
15008,Beaver-Champion Attractions
34231,4 Kids Entertainment
14673,Blackfeet Pictures
17888,K. JAM Media
73026,Kôsuke
73162,Greendale Productions
9077,Martien Holdings A.V.V.
75515,French Ministry of Foriegn Affairs
39,Docurama
12217,Foundation Features
78300,Belga Films Fund
4470,United Producers
32996,Jason Films
42119,Vast Entertainment
61372,AliBella Pictures
479,Discina
4616,Freestyle Releasing
21154,Jacaranda Films
14701,Mayflower Pictures Corporation
66337,Upstate Murder Co.
29489,Sideshow Pictures
65337,Badlands Features
26637,Jay-X Entertainment
79178,Signe Baumane Studio
11056,Barnet Bain Films
23867,Unisol 3 Distribution
86024,Speedie Distribution
54781,Goi-Goi Productions
76769,Steve Walsh Productions
84025,Portabella Film
23029,Narrator Entertainment
11254,Soficas Investimages
61781,White Line Fever Syndicate
4467,Screentime Pty. Ltd.
15476,Lakeshore Drive Entertainment
3921,The Film
1332,R&R Productions
8872,Filmula
21758,Filmtown Productions
63953,Pica Pica Media Limited
22935,Silver Town Films
11982,Ashton Productions
49277,Lifetime Productions
40460,Joel Castleberg Productions
4522,Dalle Manus & Regi
914,Filmladen
63805,Revek Entertainment
19900,Sky Atlantic
5324,Brigada
96067,Country Road Productions
49968,Will Packer Productions
87840,Dozen Canada Productions
20615,AEC
1304,Meadway
73321,Felt Soul Media
44811,Alliance Cinema
79281,Bemar (koprodukcja)
23894,Spooky Tooth Productions
12046,Fu Works
56689,Dean Hargrove Productions
1095,Portman Entertainment Group
15186,Naya Sansar
8612,Mid-Atlantic Film
27901,Arts Council of Great Britain
5855,A Bigger Boat
20607,King Video Productions
54307,Mars Media Entertainment
37985,LERM-Film
36765,Adventure Pictures
4334,Daniel Sladek Entertainment
10258,Pimlico Films
32616,Mozer Films
93469,Film del Centauro
2467,Sponge Ent.
16657,Agência Nacional do Cinema (ANCINE)
64890,Slingshot Productions
56115,Apollo Productions
55067,Smuggler
79290,"Vladar Company, The"
11688,Contact Film
1099,AJYM-Films
25538,Friland
12838,Film Polski
1566,Spanky Pictures
4938,Atlas International Film
8812,Channel Productions
75278,Lowland Pictures
25065,VUFKU
505,Cruel Productions
12209,Castlering Productions
7549,Kansai Telecasting Corporation
17463,Nordisk Filmproduktion
3592,Warner Bros. Family Entertainment
28638,Cusicanqui Films
1178,Pathé Pictures International
5379,Desert Flower Filmproductions
3279,Vox3 Films
73759,Sterling Rock Productions
58546,Ripken Productions
45366,Static Prods.
95293,Bob DeBrino Entertainment
25012,Black Creek Billie
12218,Sundance Selects
5642,Royal Oak Films
11352,Prominent Features
41146,Cine Plus Filmproduktion
53670,Filmek A/S
89993,Regal Films Inc.
22455,Porta Produkcija
63612,ETA films
84797,Asghar Farhadi Productions
7747,Storefront Pictures
20992,Ternion Pictures
50911,Wernham Entertainment
15980,Incorporated Television Company (ITC)
50950,Jin Chuan Pictures
18622,Zodiac Productions
11751,Sidley Wright & Associates
1634,Truenorth Productions
68603,OFI
12706,Skylight Films
15010,Illumination Films
71966,Bling Unplugged
10517,Giovine
26676,O' Salvation
79282,Racing Horse Productions
43687,Layton
77481,akvo
92913,Fort Films Productions
80698,Vixens
28831,Shout! Factory
2325,Orsay Films
15342,Fifth Avenue Entertainment
9383,Blue Sky Studios
5777,Thrill Films
17414,MudBrick Media
66911,Banger Films
15583,P & L
66755,OH Films
10031,Morena Films
3320,Emperor Multimedia Group (EMG)
6461,Eyeworks
31034,City of Peace Films
6431,Northern Lights
10254,Millennium Films
13567,Volonteri Film
81756,Union Editorial
83486,European Inc.
70839,Double Windsor Films
24322,Red Dragon Productions
30294,8bit
8533,Liddell Entertainment
1528,Element e Filmproduktion
91183,CTM Films
76208,All in Films
90600,Deutsche Kinemathek für Film und Fernsehen
1277,Schlemmer Film
18697,Work in Progress
56492,Stewart and Wall Entertainment
2756,Vertigo Productions
93598,Cayman Went
6308,U.S. Office of War Information
64570,Running Miracles Productions
10293,Lee Rose Productions
14728,Canary Films
57176,Millenium
40865,Santa Monica Holdings
21571,Arable Entertainment
23277,Possessed Pictures
509,Rhombus Ringfilm
11548,BNDES
134,Rogue Pictures
70737,Cyprus Films
26932,Mrs. White's Productions
18136,Joseph Janni Production
1760,Dorje Film
55852,Pistolero Productions LLC
45228,The Company of Artists
93175,Middlefish Films
2754,Plug Music
40002,Fade In Films
48116,Antena 3 Films / Cangrejo Films
69191,Magellan Films
93399,Bokari
10123,Media Films
65608,Kriti Productions
11016,Like Mike Productions
40014,Producers Network Associates
5424,Les Films Odéon
22712,Three Good Men
38396,Attainment Media Group
23339,Ankor-Studio
11746,Daybreak Productions
5525,Wisteria Productions
3470,Stone Group Pictures
13700,Mark VII Ltd.
3952,Hemdale Film
9301,Kokuei Company
53427,"Dinamo Story,"
18921,Pam Williams Productions
27023,Kestrel Films
42031,Plaza Productions
919,Beacon Communications
4214,Jubilee Pictures Corporation
7155,Brand Mason
12905,Corona Pictures
19474,Epico Productions
43649,Lilies Films
30303,Erste MMC-Production
85516,El Bar Producciones
829,Vertigo Entertainment
646,D'Antoni Productions
5289,Wild Things Productions
13945,Rastar Productions
18927,Front Row Media
61092,Wellborn
28537,Sentinel Productions
954,Phoenician Entertainment
11342,Brood Syndicate
16,United King Films
20780,International Film Exchange
78004,Empress Film Production Corporation
5137,WVG Medien GmbH
85383,Millas Film
7069,Daly-Harris Productions
11340,Studio Box
11974,Robert L. Jacks Productions
22672,Pamec Cinematografica
58247,Alchemy Filmworks
80028,Velarium Arts
47593,Tonylyn Productions Inc.
33665,Sandollar-Schaffel Productions
6927,Cinepro
82780,Ho–Hi Pictures
24562,Blue Dot Productions
14179,Creepshow Films Inc.
255,Paradis Films
73867,Budding Grove
92454,Sustainable Films
37839,Huayi Brothers Advertising
2371,Celluloid Dreams Productions
20311,Syncopated Films
34890,Electronic Arts
499,De Laurentiis Entertainment Group
16375,Igeldo Zine Produkzioak
64599,SRS Cinema
23364,Todd McFarlane Entertainment
26025,Ascot Elite Entertainment Group
89142,The Department of Motion Pictures
30815,Promised Land Productions
47930,Good Lap Production
13382,Dayle
13466,Park Pictures
44975,Whyte Booth Pictures
11462,Alphaville Films
25206,La Sorcière Rouge
12561,Impact
2270,China Film Group Corporation
6876,red cam studios
9021,Shellac Sud
31157,Canal (II)
5110,Michael Balcon Productions
5673,Breakup Productions
40031,Wiseman Film Productions
26976,Deutsche Columbia Pictures Film Produktion
14366,Francisco Diez Barroso
79988,Level 5 Films
10986,Magidson Films
7248,Union Générale Cinématographique (UGC)
10299,Radius Productions
13534,First Look Pictures
14598,Dedicate Ltd.
31828,Avi Arad Productions
4689,gadd productions corp.
18043,Thunderhead Entertainment
73131,Kinetic Filmworks
1585,Norman Rosemont Productions
94358,Night Skies Productions LLC
28764,Electra Films
11486,Picturehouse Entertainment
86121,ABC Film A/S
3953,Island
1478,Sat.1
8591,Rotterdam Media Fund
5070,Shôchiku Eiga
7816,Gray Film
31142,Unclaimed Freight Productions
12797,Jinriki Hikoki Sha
16422,Fado Filmes
591,France 3 Cinéma
23818,Anthem Pictures
7525,455 Films
44303,Colosseum International
4107,NEST Family Entertainment
28045,Gansis
41427,Suzanne DeLaurentiis Productions
18603,Albarès Productions
69334,Gennaker
1684,Chenault Productions
1581,Mersham Productions
13880,Vsesoyuznyj Gosudarstvennyj Institut Kinematografii (VGIK)
93653,Cinereal Film
83067,Dark Web Productions
63902,Alabama Production Group
10186,Rainbow Pictures
748,Mosaic Media Group
14861,Before the Door Pictures
4162,Compact Yellowbill
81379,Kingulliit Productions
5009,Cornice Entertainment
80352,MPC Filmes
14758,DCM Productions
5696,Fred F. Finklehoffe Productions
3380,Spirit Dance Entertainment
30835,The Zalman King Company
87390,Gross Entertainment
77732,Stan Lathan TV
76491,SuperMega
3896,SRO Pictures
11661,Rysher Entertainment
20639,BBC Northern Ireland
49181,Studio Maj
79898,Historias Cinematográficas
13,Universal Studios
37297,PFG Entertainment
1343,Classic Films International
10869,Filmverlag der Autoren
52725,Untitled 03
73682,The Pacific Arts
40268,Hartbeat Productions
42899,Les Films de la Grande Ourse
82423,Cowtown Cinema Ventures
54226,France Télévisions Distribution
16311,Albert S. Ruddy Productions
4331,J Storm
90357,Nac Films
7460,Vendome Pictures
3653,Eros International
6023,Derf Films
73386,Best Served Cold Productions
25063,Program de Credits of Impuc
28807,Grai Phang Film Studio
51469,Avex Inc.
18619,Cobalt Media Group
73799,Valsts Kulturkapitala Fonds (VKF)
27350,Maybe Movies
1901,University of Southern California
5313,3D Entertainment
3248,Santana Pictures Corporation
10874,Korea Trade Insurance Corporation
89819,New Element Media
28184,British Instructional Films (BIF)
13702,Les Films Océanic
65681,Three Rivers Production
12149,Ogura Jimusyo Co.
4827,Panda Societa per L'Industria Cinematografica
74601,Odra-Film (Koprodukcja)
24148,Hepworth
856,Wild Bunch
75557,Films Kajoor
91911,Nouveau Film
90601,Deutsches Filminstitut
5865,Les Films du GrognonRTBF
75480,Media Transactions
1917,EM Media
49266,Eastern Film Management Corporation
6786,Grack Films
16844,Zero One Film
74,MOOVIE - the art of entertainment GmbH
54651,PJB Picture Company
14645,Entertainment Farm (EF)
16067,Suevia Films - Cesáreo González
65905,Fugitive Darkly Noon
63691,Normal Productions
1607,Gold/Miller Productions
37221,Feelgood Pictures
3959,Nelvana
52943,Gratitude International
42407,TFT Productions
55890,Norton Simon Inc.
54787,Wong Fu Productions
84800,Pauline's Angel
76718,Forte Andrzej Celinski Hanna Polak
4744,FUL Films
19551,Marvel Enterprises
3701,Mooseface Films Inc.
59725,On Entertainment
13395,Panorama Media
595,Eric's Boy
2984,Gearhead Pictures
90508,Santa Fé Films
17052,Trebitsch Entertainment
51965,Wonder Entertainment
95504,Prince Film
94818,The Northern Fund
27281,Pol-Ka Producciones
28557,José Pinto
76910,Conseil Général de Lorraine
3443,Zulu Dawn NV
10956,Film Properties International N.V.
6148,Cinema 23 Film
68807,Hodcarrier Films
22633,O. Hannah Films
23972,M7200 Productions
2751,CML Films
46457,Indio Productions
59189,Nutmeg Film Productions
58647,Tarkovspop
89723,20th Century Fox Home Entertainment Japan
2695,Archipel 35
80550,Sleeper Films
12906,Starchild Pictures
47426,Adi Shankar Production
94026,Rule
23545,La Vérité Production
66399,Aware Films
85741,Slovenian Film Fund
11933,Tax Shelter ING Invest de Tax Shelter Productions
15493,Allarcom Limited
77235,Doxa Producciones
1498,Ascot
26750,Take25 Pictures
21733,Double Edge Films
8806,CS2 Films
12918,Greenpoint Films
68106,Fondation Gaz de France
49755,Apollo Films
4347,Ramona Productions
9039,Stick 'N' Stone Productions
49386,Antzworks
12327,New Zealand Film Production Fund
69969,Sedic Deux
29386,Zeeuwse Maatschappij N.V.
41955,Oscar Dancigers Production
8118,Conspiraçao Filmes
75805,Timshel Production
37954,Attercorp Productions
31551,Pacific Motion Pictures Corporation
25539,Les Films d'Antoine
38079,Parkland Pictures
18161,Condor Films
1380,Australian Film Finance Corporation
8387,Rokkatei
16042,Gordon Bijelonic / Datari Turner Films
22300,M. O. B. Movies
3519,Big Arty Productions
4797,Maxper Producciones Cinematográficas (Maximiliano Pérez Flórez)
86473,Nat and Patrick Wachsberger Productions
72433,Fincraft Media & Entertainment
88014,black sand productions
22291,Gallery Motion Pictures
75355,Yale Productions
88943,Rox Productions
51938,YRF Entertainment
22119,Lennox House Films
55778,Producciones San Patricia
88319,Janel Productions
2609,De Line Pictures
43253,Whitehall Films
446,Thinkfilm
23529,Medient Studios
3579,Ashutosh Gowariker Productions Pvt. Ltd.
26004,Little Big Film Company
57488,Nevada International Pictures
85886,Universal Pictures International Entertainment (UPIE)
55533,Cinema Line Film Corporation
90830,trigno media
25114,Studio Dim
23885,YMIR Productions
4825,Win-Tone Productions
37016,Lumiere Productions
66411,Space Shower TV
4114,Lone Star Production
10059,This Is That Productions
13055,Vernon Films Inc.
79236,Work Point Entertainment
10018,Zuta Filmproduktion
61194,Fragmighty
948,SBS
62514,Metropolitan Entertainment
53997,Mars Production Pty. Ltd.
41577,Felix Media
76462,Investors In Industry PLC
1207,Reeleyes Film
28914,Studio-TV-Film
37683,Aquelarre Servicios Cinematograficos
4513,Romax
51513,Conde Nast Entertainment
3449,WGBH
39026,Wunderkind Pictures
6390,Giovanni Addessi Produzione Cinematografica
8913,Paramount British Pictures
71808,Cedar Partners
16188,Four Provinces Films
77294,Gobernacion del Cesar
416,Python (Monty) Pictures Limited
690,Handprint Entertainment
57626,April Films
89121,Gold Star Productions
10967,Home Theater Films
4361,RKO Pictures
53462,Matt Tolmach Productions
65962,TAT Filmproduktion
12088,Moffitt-Lee Productions
1784,Partizan
87476,barbican films
4864,George Pal Productions
47529,Apollo Film
36615,Potboiler Productions
76298,2425 PRODUCTION
61660,Comweb Productions
22858,Niama Film
5060,Microangelo Entertainment
54854,Langley Films
67260,The Electric Shadow Company
10609,SBS Films
80668,SLPF
67912,American Ninth Art Studios
105,Ciby 2000
3866,iDream Productions
52073,Coproducción Japón-EEUU
67713,Parkes/Lasker productions
43394,Adam Schroeder Productions
15537,Empty Box Productions
84964,(주)로제타시네마
85910,Blue Bandana Productions
23812,Swift Productions
38374,Cinépix Film Properties (CFP)
62629,Animakids Productions
20395,Carthago Films S.a.r.l.
35211,Hepp Film
4243,Gullane Filmes
73195,Island World Productions
71901,Bandoola Productions
85563,Tinker Productions
88015,pacific arts
52688,Meadway Productions
73975,Cinema Venture
4117,Pagoda Film
79023,Immagine e Cinema
29427,Royal College of Art
1764,Chris/Rose Productions
9351,Fade to Black Productions
7192,Stephen Low Productions
10906,Les Films Impéria
7188,UFO International Productions
24276,Silver Moonlight Productions
33,Universal Pictures
71834,Radio Canada Télévision
706,Sputnik Oy
43906,"Vega, Baby!"
735,Waverly Films
78056,Belgrave
95446,Kiosque
2404,Yeah
6607,Collina Filmproduktion
2537,Kennedy Miller Productions
22540,New Breed Productions
7053,Catch 23 Entertainment
2830,Rival Pictures
381,Campanile Productions
55586,Hargla Company
31892,Loew's Incorporated
2760,Miracle Pictures
40419,Durrant Fox Productions Inc.
85374,Union Patriot Capital Management
7313,Coatwolf Productions
11522,National Geographic Entertainment
51295,Night Fox Entertainment
21439,Holleran Company
28398,Chroma III Productions
25846,BSF Film
4790,IMA Productions
3767,Rockaway the Movie
4677,Charter Entertainment
73669,Seven Bucks Productions
87656,Les Meutes Films
3390,Vienna Film Financing Fund
65515,Jasmine Productions Inc.
13748,Vanwick Productions
11336,Shade Pictures
5278,Wildcard Productions
3505,Eurofilm
35613,Millman Productions
67226,Open Eye Productions
51747,Filmkompaniet MadMonkey
1142,c-style
63381,Highway One Pictures
89772,Hamilton-Mehta Productions
23408,Caviar
88606,Vertical Entertainment
75957,MS Films
85673,441 Films
10623,Pretty Mouse Films
3240,Artfire Films
7265,Aria Productions
3806,Shoah Foundation
3969,Dynamic Entertainment DEH
10927,Si Litvinoff Film Production
18399,Štúdio hraných filmov Bratislava
215,Double Feature Films
74208,Lotus Entertainment (I)
58679,Emerging Entertainment
78604,Worry Dolls Productions
7641,Grana Productions
72883,WanDa Productions
24016,Russian Roulette Ltd.
72104,Chaz Productions
18062,Fawzi Vision
63367,Jack Bond Productions
84545,Consellería de Cultura e Turismo
52428,Hacienda Film Co.
55652,Drama Svecia
2538,Studio Hamburg Letterbox Filmproduktion
21712,Cannon Italia Srl
36425,Seed Productions (II)
1247,Eddie Saeta
52944,Lotus Pictures
3232,NFL Films
14601,T.O. Entertainment
34171,Rain Dogs Cine
21485,"University of Southern California, School of Cinematic Arts"
68290,Tenafly Film Company
27255,Showtime Productions
9329,The Vitaphone Corporation
14234,Frank Melford-Jack Dietz Productions
7333,Bayerischer Rundfunk (BR)
