keywords_id,keywords_name
228267,circus clown
234221,david vs. goliath
33451,masturbation
201986,goo
220873,microbe
171953,dice
207276,woman dressed as man
238146,vanished man
176799,detective agency
168222,catholic orphanage
162461,golf club
4656,tv star
169449,algeria
8085,stockholm
165713,dancehall hostess
212407,french horror
221709,country bumpkin
223041,queen elizabeth ii
181155,torturing
220011,nuclear testing
4732,peace contract
181514,deadbeat dad
226620,political cover-up
157572,surgical operation
1937,document
208341,it burns
185433,outpost
191808,sea cruise
162845,revolt
188712,diplomacy
165492,novice
6375,george w. bush
210693,suez canal
166980,shrimping
183953,madman
4563,virtual reality
237302,railroad car
1406,night watchman
185742,emancipation
11960,naked scene
235480,lesbianism
2571,tv show
204035,different worlds
231174,head split in half
107,barcelona spain
14819,violence
198245,soar into the sun
177145,hyperspace
154787,irish rebellion
220188,seasons of the year
9070,beobachtung
230616,fat man
231209,king david
6795,ambulance man
206163,cable tv
178852,jungle jim
46959,tantrum
228458,overeating
210085,regency period
214963,northern canada
4703,ex fiancé
174274, begins with text
1356,billard
248,date
187320,storekeeper
235512,mutant spider
156202,late night
173646,swan lake
5969,black money
228417,plano texas
33482,war hero
191617,salton sea
4382,flashlight
40954,le havre
201680,mystical
180395,paddling
166701,ghost town
2089,harmonica
1417,jurors
215968,donkey kong
210925,talking baby
206086,declared dead
11526,vaginal sex
193919,newsreel cameraman
208797,homeless teenager
207928,19th century
224875,method acting
156535,militarism
178945,working mom
1585,snake
8122,canyon
214516,spelunking
217989,confession booth
1821,sunday
189219,argent
228836,kajaki afghanistan
236175,part of trilogy
170521,gynecologist
209225,extradition
204364,helter skelter
175211,reaper
187901,track and field
200784,detox
2203,unexpected happiness
206515,usa politics
14626,astronaut
190585,aesop's fables
174809,rabbit's foot
236643,lady's maid
187282,back to school
230878,strasbourg
209568,folk horror
161203,atheism
41406,middle ages
183794,bowels
166950,indoctrination
11034,b movie
191436,deleted scenes
2215,hurricane
217110,political documentary
161840,obstacle course
184152,traveling through a sewer
189262,righteous rage
15209,dead boy
163185,renewal
155351,muppet
1672,lifestyle
167542,carjacking
156630,remote island
587,amsterdam
7337,business ethics
10323,psychiatric hospital
397,bare knuckle boxing
238187,driving at night
5347,clumsy fellow
14675,lethal virus
9476,pünktlichkeit
4700,e-mail
159949,neo nazi
180340,voyeur
233714,bleach
1975,arabian
168546,air race
33775,book editor
10542,based on toy
33788,guide
155211,klingon
221805,degradation of lifestyle
163975,reckless driving
4098,civil rights activist
11239,distant future
2206,piggy bank
196595,succession
173490,unwanted pregnancy
189421,female corpse
5511,tang dynasty
231830,anzio
195917,irrigation
175644,phantom zone
6602,veld
180181,trapeze artist
234814,financial market
238230,rocket ship battle
5716,record label
9657,native american attack
179213,monte carlo rally
170141,tuba
802,regret
233438,student athlete
1591,ex-detainee
11659,paranoid fantasy
155963,driver
4170,john f. kennedy
5609,nostalgia
234932,math
157495,loss of pet
160190,aspiration
191584,home wrecker
222870,open season
222195,navy veterans
177571,playing cards
8617,botox
176381,spanish horror
160597,saloon girl
197361,hairstylist
18409,mental patient
41391,tequila
187828,sadistic laughter
190722,reunited friends
180982,radium mine
234731,people eater
238141,stephen king
220664,memoir
18007,birdwatching
8011,greek
211135,intertwined lives
165826,statehood
4835,lady diana spencer
9350,kugel
163070,burlesque
204298,loss of a child
186835,shared dream
226617,nuclear accident
633,record store
182266,rave culture
155864,clubber
188766,radio operator
8871,moose
232327,venomous snakes
156760,fake boyfriend
7862,private army
174244,brawl
155652,nuclear
6343,music tv programme
1646,autism
192381,maria callas
234042,late coming of age
5097,sterility
155336,smuggler
188705,radio show
33602,cowgirl
231404,oracle
161823,physical comedy
186906,boston red sox
209434,headless
207446,comedy of errors
162257,instructor
190567,mentalism
157302,soccer fan
391,flying car
2282,love of animals
231932,career vs family
168857,record player
155391,muhammad ali
157560,roadkill
226480,priesthood
170173,children's book
164148,dark past
166578,parent killed
190337,child soldier
5496,beauty contest
11241,post war germany
176488,hope chest
197919,tbilisi
14544,robot
182283,school closing
183800,split in two
192747,gidget
497,shakespeare
161958,immaturity
177334,drinking straw
215492,amputee
204701,pulp
190986,bite mark
1819,paddleboat
5046,automation
189131,psychoanalyst
201871,dare
209134,brigate rosse
211121,exhibitionist
4649,opportunist
11249,blood bath
171594,relay race
234579,portable computer
228924,gifted children
5303,utah
10449,sondheim
155803,drive over cliff
209039,mental health clinic
170466,fake accent
155355,floyd
3979,hidden camera
2510,giraffe
180670,rape fantasy
227532,hit man
228244,the sixties
198500,sickness
41557,shrine
228785,cancer survivor
14837,rage
228653,reference to the book of revelation
160364,impersonation
10398,royal flying corps
14828,city
168673,marina
166462,mob boss
3432,bangkok
174117,shadow boxing
156790,propane
221083,dirigible
175715,floating in the air
232122,tehran
919,smoking
209560,aboriginal
180471,frogmen
199356,veggietales
174433, lp recording
13141,based on manga
227467,bucharest romania
293,female nudity
177960,broken finger
185440,mine shaft
232812,women boxer
2900,buenos aires
9003,southhampton
191145,stage mother
167948,slob
9743,stranded
3997,power takeover
208918,animals gone wild
2042,beaver
237,gay
172594,airliner
6625,family secrets
10699,white rapper
157146,hooded figure
178977,jealous husband
215526,cooks
11405,throatsinging
193521,part animation
8818,glucksspiel
5548,bizarre
234759,cajuns
437,painter
9409,north dakota
157344,phone
4604,father-in-law
165282,high society
2763,human vs nature
10527,jedi
234176,inner circle
4831,prince charles
10361,jitterbug
15241,teenage rape
155633,mahjong
204302,bubble
3467,warhead
212738,british prison
193171,sitcom
1643,deafness
188693,told in flasblack
7323,savannah
234700,gender transition
226476,periscope
215257,unhappy marriage
5900,missouri
2854,ark of the covenant
171115,hot dog costume
234825,cardiff
180177,melodifestivalen
191882,telephone operator
227646,identity swapping
155561,bitten
155102,eggman
170383,disfigurement
10954,blood on shirt
155418,subculture
176502,peyote
155742,future sport
176095,jazz band
6282,workplace
222176,news broadcaster
15370,family in peril
237370,secluded beach
10905,big business
4101,political negotiations
209228,european adventure
4249,x-files
5396,sibiria
10115,snowman
236636,meddling father
11151,statuette
9714,remake
10171,ernest p. worrell
215790,animatronic
161534,pregnant wife
9492,fusion
3393,tombstone
169055,nba
208642,drive in classic
233853,q-ship
158252,giant animal
2682,shanghai
44449,gloves
2407,fireworks
182804,home renovation
199135,challenger tragedy
207881,toilet seat
170361,neglected child
208919,slugs
13017,drifter
156902,assistant district attorney
197344,변호인
183141,smart kid
229443,italian politics
7269,labor pain
181429,lost film
14808,scalping
168471,biracial
200908,evicted
17973,skin
169548,seed
3768,rest
173913,drilling
6309,double murder
230437,german cruiser
166268,history teacher
3801,space travel
190122,ziegfeld
184950,privileged life
170038,fence
5098,sperm bank
234901,family secret
187676,confetti
172655,desecration
225943,beastiality
187256,ballerina
549,prostitute
200407,mind alteration
230024,daddys home
1423,asteroid
227597,trama center
235635,suburban mediocrity
219605,lobbyist
206947,probation officer
40837,piano duet
10249,mengele
223504,distress signal
161254,carpetbagger
33885,car
209748,war machine
220423,terrorizing
177398,levitation
4079,lighthouse
9608,arab-american
4948,retirement
186803,music spoof
237224,mk ultra
1796,sake
177538,elephone box
9342,kubakrise
419,dude
165727,singing narrator
158020,movie theater
218124,chinese military
2905,foreign legion
5750,zeitgeist unknown
6757,ludwig der ii
238196,the light brigade
7449,naturschutzgebiet
4892,sultan
190261,scoop
190066,kurdish
14872,reward
7813,hockey player
7439,woman between two men
9621,johnny cash
182293,turning the tables
167200,fashion model
214809,ornithologist
9573,andy warhol
10657,lexington massachusetts
232810,interracial lovers
230460,coast watcher
192519,emigrant
14643,battle
2534,missile
14513,wrestling coach
5250,red sea
190804,popeye
236422,boy soldier
159999,healthy
185407,vampirism
5472,belleville
191275,sadomasoquismo
208024,headless horseman
155818,newswoman
190849,broadway show
193573,catherine the great
157906,outback
224548,drama class
8077,benito mussolini
905,alarm clock
186757,bank clerk
201110,indiana pacers
4067,incantation
2554,macho
161320,weightlifting
5854,room exchange
6897,bordeaux
238144,young daughter
155545,vice squad
6891,kaiser wang
158022,cargo ship
441,assassination
4718,gobi desert
8881,jury
3537,orchestra
166471,gardening
14707,brutality
11160,excitement
227615,van allen radiation belt
204003,bandit gang
206074,year 2023
227811,boa constrictor
11399,marine
165461,march
4271,hermit
231466,alejandro jodorowsky
2045,cynic
8097,leukemia
221245,clone army
548,countryside
4793,examination
15131,live audience
221727,chelsea
158206,forklift
33335,lifted by the throat
226030,dialogue driven storyline
559,peace conference
207268,neo-noir
154906,canceled wedding
237926,imminent scandal
8102,elementary school
11019,inferno
181222,mpaa
206281,alien fugitive
4376,lorry
189430,sound effect
175297,hipster
10110,motocross
8504,merlin
1873,yuppie
162463,volkswagen beetle
210110,fishing poll
2753,horse whisperer
1385,antwerp
232114,new year's
7066,sex education
830,car race
12392,best friend
216994,budweiser
15119,mugger
163082,gentrification
162344,antidote
168115,practical joke
160035,suicide note
4214,beguilement
232923,paul rubens
155513,dancehall girl
3577,snob
201069,commercialism
191111,syria
209974,cute
225156,concert tour
171252,pillbox
165718,argentine president
1515,block party
229388,filmes contra o comunismo
3373,snow storm
231046,hiding under a sofa
216932,ancient india
237185,public disgrace
10878,invasion of privacy
232783,pohjanmaa
4425,james dean
197319,giant dragon
18379,bee
236908,lemons
155163,turin italy
174571,louisa may alcott
218032,mass destruction
187551,telephone sex
221134,sight
234311,auto driver
220488,delirium tremens
2631,pedagogics
161842,recurring character
185979,fighting movie
2527,fox
225231,italian gothic
188179,soaked clothes
195789,marriage broker
235614,direct to video sequel to theatrical movie
11447,reference to al green
154079,collections
207923,tout
218006,trail of blood
208799,transphobia
185461,bar shootout
3208,bunny
157135,ealing
221955,mistaken parentage
208568,port city
163758,ex-husband ex-wife relationship
161204,natural selection
10669,pay phone
9755,parody
221159,halfbreed
207526,drawing room
33681,top hat
5164,pianistin
6975,himalaja
163798,lincoln nebraska
227842,wild and crazy
10727,kiwi
184418,british sailor
222344,guinevere
230834,organ player
33850,female politician
212416,diarrhea
177329,shadow puppet
157929,rubber plantation
225164,boyhood friend
178611,virgin mary
33475,songwriter
226471,goggles
204282,press gang
164716,reeperbahn
189401,brain surgery
208780,lakota
180715,giving birth
9201,derbyshire
11073,steamboat
208318,slasher spoof
232763,arrested development
188845,violin maker
227581,animated horror
2199,opera
155362,four seasons
172801,insomniac
181081,little girl lost
198680,tuscany
190703,birthday present
160362,screwball
199814,sorceress
11169,missing girl
175884,organ donation
41601,modern china
214653,jfk assassination
212610,female whipping
222743,female slave
168750,advertising executive
11192,adult humor
189978,fan film
191404,forest fire
3530,prague
221610,tell all novel
5332,greed
198400,music documentary
179011,hidden corpse
226861,catskill resort
167104,loner
10372,body guard
171165,black female judge
207768,professional ethics
4595,u.s. army
236101,unethical business
215860,plesiosaur
11722,male prostitute
229550,hayabusa
15174,ecology
14754,bow
208731,world war iii
194413,intellectual disability
210410,sinister
1603,extraterrestrial technology
159445,tear gas
5444,lonely hearts ad
237011,eccentric woman
730,factory worker
166490,troubled marriage
199371,bruceploitation
9571,motor sport
542,street gang
189392,gold miner
18114,exploding car
223603,underwater threat
160963,elderly couple
15261,erased memory
6707,student movie
6163,arms dealer
46962,discipline
192696,skyjacker
4319,french revolution
3264,corean war
236759,indiscretion
188775,miscarriage of justice
163272,chancel
11870,teen movie
163860,anesthetic
4165,saturn
2124,puerto rican
161302,eternal youth
169130,guitar player
226153,scuba diver
203113,collision
10863,medusa
209310,evil law office
3342,yacht
41307,lye
18092,guardian
196690,stewardesses
159496,golden egg
160153,dead
160309,child abandonment
219968,game commerce
159801,weir
179751,glamour
155450,cape cod
209423,small town milieu
2369,sinti and romanies 
12438,sculpture
173431,tarot
177882,right hand man
194287,laid off
165231,big break
195731,reality competition
181225,file sharing
14935,disarming someone
219785,reference to moby dick
10792,marooned
177958,mini cooper
157434,stuntperson
188354,swept away
15072,smurf
188759,recruitment
163441,adventure hero
173137,secret lover
1618,radiation
160934,ex prostitute
182148,bouncy castle
210459,summer cottage
208508,murder plot
216008,women's bathroom
9785,perversion
14934,shaolin kung fu
180981,package
11093,parenthood
10453,con artist
213798,allies
171937,monopoly the board game
159510,hollywood sign
10930,huns
233425,pseudo-scientific experiments
208584,scholar
3870,mickey mouse
190430,phillipines
190399,kill count
161207,catholicism
188847,crystal
207892,dentistry
198631,opportunity
212873,co-parenting
5334,vineyard
3993,inspiration
208795,bad mother
5060,patrol
237675,yasujirō ozu
5735,riding class
5640,vase
4303,waffen ss
233237,strangers
172958,mistake of law
3760,light
170007,japanese army
190287,life after death
237384,mod 1960s
208683,dowsing rod
228524,teen idol
234111,refuge
11088,treasure map
514,spain
68643,food fight
234303,hysterics
4152,kingdom
156661,threat
9046,leere
8126,pill
190015,kinky sex
164764,red curtain
231556,inuyasha
205731,invisible woman
199947,confronting the past
166973,salt water
5703,lizard
172784,well
154842,school teacher
6235,lunch break
190527,incomprehensible plot
226553,mayoral campaign
190477,cotton
226746,man in a bubble
170322,degeneration
5651,baptism
204902,euskal zinema
155951,indian food
159355,card dealer
183814,hebrew
165803,telephone call  
208633,secret service agent
188342,sleeping pill
210710,absurdist
3365,pearl harbor
229348,basejump
156183,west
207999,determination
163919,manufacturing
168219,biological experiment
222246,nephilim
155697,aristocrat
230906,loko
212,london england
186188,fossil
1811,wine cellar
204110,fake pregnancy
230570,kids on their own
2868,crusade
162708,mary magdalene
167352,crime lord
177380,cutting face while shaving
226428,playboy mansion
189984,tamil
9794,toxic
192609,supply train
178712,totalitarianism
176346,theater agent
7089,dominatrix
162342,discovery
181641,manila philippines
5385,survivor
227588,price gouging
165076,dame
198000,k horror
2968,grave
206546,drinking weekend
197708,mental disorders
201064,hierarchy
10225,pageant
158130,animal attack
11291,girl heroine
4488,apprentice
199756,wunschkind
199903,reference to jesus christ
211240,jew gentile relationship
4286,computer program
170431,blow up doll
191085,borgia
198678,religon
11921,sociology
183668,cloak
187468,elixir of life
226113,nobel peace prize winner
825,support group
33725,locker
155480,vespa
197336,civil liberties
11039,giallo
210717,identical twins
4316,safe sex
10968,lingerie
209945,tom boy
4260,brood
197339,hydroponics
212519,cheese dream
162632,chrysler building
219391,fax
181210,b-boying
15228,golf course
195201,velhice
158474,spear throwing
185677,extraction
11064,nazi germany
6383,music competition
237495,irresponsible sister
189397,country girl
199722,sculpturing
953,guitar
164476,fan club
464,total destruction
1189,profession
3469,utopia
197322,bucket of urine
191441,nightclub entertainer
234778,mission control
3974,reality tv
10352,phobia
10178,step son
165214,shakespeare in modern dress
190828,sexual inadequacy
172345,driver's license
223106,lord byron
170089,streetwise
15043,paranormal investigation
223530,creative
178648,ancient britain
234220,computing
191481,british politician
6199,dressmaker
3861,loss of powers
230125,noam chomsky
238043,crippled child
8207,crook
156119,payroll robbery
220979,aura
7579,rich woman - poor man
13015,terrorism
18396,catholic
227996,abandoned by husband
191988,sound
34029,chubby woman
12416,horror spoof
214978,vengeful
187272,escalator
159679,preparation
17996,puzzle box
193720,russian peasant
222800,ra
157466,necronomicon
15268,incompetence
178647,occult horror
11333,cigar smoking
156640,high rise
170457,lesson
215020,tarkovskyesque
1395,arena
173013,white dress
209090,unwed mother
160515,alien contact
209838,acapella
208005,statue
237037,mini skirt
3130,edinburgh
170713,duet
14545,automaton
6067,victory
208223,fortune
166865,happy slapping
18543,combat
155804,biloxi mississippi
197321,community outhouse
213874,jaws
188133,felon
14530,director
174316,pipe smoking
176592,traffic violation
155209,caregiver
191047,prison break
160263,white castle
207673,freak
191845,bank heist
14671,corporate world
225244,yak
5422,special unit
175241,shot through a door
14866,doorman
197221,naxos greece
190116,school life
192762,religiosity
215862,head bitten off
201864,hostile
895,optimism
234316,radio talk-show
182108,man in towel 
33650,disc
2296,border patrol
33495,afghan
188334,logger
180523,neighborhood
229067,trampled to death
3098,castle
206483,zodiac
238855,title appears in writing
232156,male psychopath
189153,yellowstone
232823,segundo de chomon
1582,saloon
171826,told in flashback
4337,famine
4559,dalai lama
167476,thunder
154800,hollywoodland
204914,light saber fight
169305,black american stereotype
171279,string ensemble
168835,emergency surgery
15055,kissing
15334,parking lot
168152,convenience store
33637,superpower
7682,tierversuch
6267,approved school 
234620,television studio
170821,mistaken for a special education student
159457,security
5876,reno
188684,fiddler
173642,first day of school
178026,environmental conservation
13087,disobey
184999,graphic artist
233762,ghibli museum
167331,loss of girlfriend
191103,torturer
10097,u2
184230,englishman abroad
1261,river
237378,teenage killer
167939,glass pipe
189138,reformation
12070,ants
202692,issues
213315,lake michigan
39833,maid of honor
160881,navy lieutenant
2653,drugstore
161272,high school sweetheart
211475,biological parents
161675,save the neighborhood
170646,death threat
206439,card
208234,marrakesh
162994,expert marksman
202760,hopeless
204967,runner
234360,puppy mill
163226,ventriloquist dummy
171993,mumblecore
2797,mother-in-law
174584,birth of twins
226035,economic inequality
10266,prom
9957,loneliness
155225,theme song
238423,stage actor
201063,social science
1483,sports team
7293,girl from the province
222287,murder of family
160589,frontier town
195426,kgb agent
1861,nice
156081,tomb
202661,destination
195327,chaplain
5167,restaurant owner
188299,ranch owner
220629,anti war argument
192598,suicide hotline
227369,organ harvest
34137,dungeon
2122,death penalty
237206,segovia
157764,testosterone
888,screenwriter
160131,morphing
155873,defense attorney
234280,irresponsible parent
189139,unmarried mother
234502,aptitude test
8664,oberflächlichkeit
6112,firearm
11435,briefcase
187996,female doctor
156157,arm sling
197671,black superhero
209044,white supremacy
170189,suburbanite
209586,awkward
211533,court of owls
221870,rowdy
190977,usherette
467,megacity
9585,makler
12341,pitbull
15172,shampoo
12364,mass suicide
156035,gold prospector
5884,life extension
33858,right wing
166801,streetfighting
183559,decapitated head
5522,grand canyon
11112,search
15078,pervertion
220414,linguistics
234095,feel good
41276, powder
172740,visually impaired person
33860,falklands
194138,random
233005,cybernetics
235737,cream
33709,head
156641,monitor
168135,awkwardness
158026,meat hook
856,paraplegic
3302,bloodthirstiness
222268,escape attempt
41260,sensuality
186712,housing development
198318,auctioneer
4332,peter pan
186781,equal pay
33864,long hair
229652,alien encounter
180668,homicide detective
193985,bristol
227323,king philip ii of spain
155791,american football player
33738,beaten
185645,dhampir
44365,poseidon  
3994,battle assignment
194704,glenda kemp
238161,location in title
3932,pride and vanity
207419,infected
515,women
171987,fake psychic
663,fortune teller
10765,gunshot wound
8914,schnaps
3249,hologram
188242,aphrodisiac
192606,nutrition
174019,american president
161246,pacific theater
15230,red wine
6949,patent
223620,lost in the woods
220448,bipolar disorder
7130,tresorknacker
190975,king louis xv
227510,hearing impaired
12193,reporter
160955,second marriage
197197,iggy pop
9200,handlanger
220522,unsolved crime
11462,lost weekend
11525,sherwood forest
170578,bell ringing
41401,winning
180059,death of king
1739,holocaust
188017,hanging posse
11017,spell
236943,phallic
166450,south pacific
181086,tradesman
4914,malice
156020,pegleg pete
2163,civilization
167308,dog biscuit
236370,music studio
166280,letter opener
178539,maverick cop
9903,balloon
3781,coldness
11532,grindhouse
155239,loot
180242,sweetheart
172471,divorce lawyer
228336,obituaries
165606,rock odyssey
1202,monaco
237983,anti-crime crusade
220416,kiowa
207774,disinherited
170167,pizza hut
238714,believed dead
177303,valley girl
207938,sapphire
159099,gojira
178474,flunking out of school
158018,caving
190005,year 2079
182800,ice cream parlor
187340,escaped slave
161163,industrial music
3216,white rabbit
8701,hundred years' war
160605,nietzsche
3597,evisceration
207255,salvajes
223200,social security
3913,loss of taste
1381,sun glasses
2358,helix
10037,le mans
206999,troupe
33442,feces
175514,prank telephone call
177771,rommel
180491,cycling
234341,real estate developer
7147,todeskampf
180187,bluegrass
168573,la marseillaise
15201,music fan
4391,wretch
227744,ngo
207792,reiki
7368,alienation
190107,snowed in
185629,bloodsucker
2218,temperature drop
178719,wuxia fiction
10350,beautiful
187303,argonaut
311,human evolution
220712,costume horror
180510,palma de mallorca
155702,used car salesman
4300,parachute
157954,progressive rock
206437,shoujo
235349,pendelum
221179,holiday resort
194470,queen victoria
2352,narkolepsy
198710,yoda
13148,medicine show
206201,ford
169929,reference to liberace
229186,bonnie prince charlie
160887,based on game
162881,raccoon
173272,flood
234007,nave espacial
172354,backhand slap
177026,french court
159434,one last job
169664,iron mine
191077,d&d
196271,stanley cup
166472,beanstalk
4380,black hole
208173,lost in the desert
161282,drilling station
6145,right and justice
237369,police pursuit
161202,quackery
1501,allegory
10514,muay thai
188156,native american captive
11024,female soldier
221178,stampede
33553,walkie talkie
8081,entrance examination
166096,cup
184110,government regulation
177703,western u.s.
196909,famous authors
217133,post cold war
196134,pheasant
18194,detour
4039,biotechnology
208708,bullet ballet
213761,kos
2711,marcus square
157317,driving lesson
160800,congo
228409,existential drama
237646,cyberbullying
177493,stock market
2100,new building
6127,"securities, stocks and bonds "
195870,tv documentary crew
169522,lollipop
180734,masked superhero
2156,homeland
204233,ethnographical
238208,dead end road
232761,perros
174262,music journalism
6523,illegality
170191,short sightedness
15235,house fire
162701,racial prejudice
193132,symbiote
970,parent child relationship
225778,rockstar
157984,prediction
4683,tgv
169931,exercise machine
175915,freezing to death
171812,military funeral
181943,petition
8982,plymouth
5066,stoning
220491,anti-authoritarian
8361,hypnose
165798,mugging
163131,flying dutchman
229685,baseball players
6747,recycling
160497,wrongful arrest
226791,gainesville florida
181016,sewer of paris
198334,part fiction
225500,pregnant woman murdered
195378,dust devil
4014,giant plant
2410,choirmaster
221286,syndicate
9955,urban legend
179368,french canadian
163180,old friends
194255,bradley fighting vehicle
10902,new age
165184,show producer
10726,gang
178856,folklore
1008,guerrilla
186829,fishing net
3609,frustration
2598,museum
227427,learning the truth
162755,railroad detective
9398,long island
170729,yankee stadium bronx new york city
3198,price
181213,sword and sandal
6984,racial segregation
5162,bioscientist
235669,dark secret
188056,mosquito repellent
4565,dystopia
172280,based on supposedly true story
196606,관상
159138,death of son
168316,home front
9631,ska
4715,autopsy
162066,rock concert
190886,ma and pa kettle
163175,basil rathbone
170749,business trip
10891,giant robot
3655,special capabilities
2842,sigmund freud
207834,pet owner reunion
161247,drill instructor
1638,translation
9002,witshire
41640,septic tank
196637,bone car
188622,yodeler
9281,ethnic cleansing
158175,bear attack
193076,breadwinner
213,upper class
175994,oil tanker
5295,planetary configuration
209220,live action and animation
10177,corporate
225412,andino
209233,yigal amir
1752,detective inspector
215414,didgeridoo
194531,natural gas
188748,talking cat
160225,miller
233292,animal rights organization
8499,implantat
33636,irak
171965,film preservation
195784,optometrist
221122,eternal life
173631,mikhail gorbachev
188237,teenage romance
162941,african violet
15095,revenge motive
210662,cold case
161998,night vision goggles
156154,haitian
235818,hommage
180079,san quentin
4458,post-apocalyptic
188850,haiku
6134,automobile industry
171670,resentment
190351,horrors of war
4636,church service
18522,one against many
165431,anti war
1475,telepathy
229884,adoptive parents
6628,syphillis
718,confession
194020,living in sin
233857,german navy
4456,frog
208637,turbulence
34268,rescue from drowning
232769,poliisi
188858,hindi cinema
171247,grave robbing
217120,amazon river
228181,sexual initiation
229800,incarceration
5801,nerd
207705,cuisine
3064,ultimate victory
158538,north korea
235481,scissoring
191589,marvin the martian
185426,monterey pop festival
176012,airfield
3199,clown
206845,violent fantasies
212028,thule base
155244,vendetta
6791,torpedo
189422,nazi occupation
2685,bailiff
207392,grabbed from behind
201156,debut
171052, epileptic seizure
196579,dodo bird
162466,screwdriver
8183,carnivorous plant
170703,snowball fight
193025,planting a tree
164641,flapper
180241,claim
9856,flashback sequence
10223,puritan
179021,corpse in freezer
41179,iraqi 
4116,heaven
226146,25th century
213070,duck hunt
172772,mentor protégé relationship
227379,rationing
195306,evil baby
1698,ideology
33403,bayonet
181471,railyard
192805,public relations man
212001,hormone therapy
211248,first contact
10390,hindi
158899,daffy duck
8651,kuwait
234364,crane the bird
195446,sword and planet
162177,subjective camera
10893,soong sisters
188290,eternity
12393,golden gate bridge
5997,sign
2336,ladykiller
215285,crate
5922,north carolina
7994,water monster
195435,snake attack
179412,scientifically inaccurate
171438,poetry recitation
191784,art scene
201535,hercule poirot
14576,pedophile
171817,groom
212609,dog missing
1465,loss of family
160937,self love
4020,typhus
11516,sexual promiscuity
5906,sex addiction
155819,val lewton
238223,road worker
7507,collage
224947,german abroad
194265,comic strip artist
229845,ancient mystery
189399,militant
2298,bankrupt
4633,state of emergency
10278,ninja
1567,intensive care
1964,cave
9481,dophin
229809,female child abuser
5666,installer
185341,test by fire
232798,seventeen
188839,courier service
9774,prison guard
166531,card playing
226740,chain of command
169079,candid camera
7186,dismemberment of human beings
192284,time off
206008,hourglass
677,atomkrieg
155727,mike hammer
158871,women in prison
15169,goose
223181,'comfort women'
236838,genetic memory
232481,zorro
222243,based on anime
4631,looting
187355,sunset
7542,foreign worker
172592,death certificate
166856,hangar
208891,portmanteau
5550,oedipus
188723,foxhole
198982,off the grid
8066,kaserne
220201,musical theater
180343,man carrying a woman
195374,ritual killing
9610,coup
227041,locked bumpers
163924,childless couple
221092,aircraft carrier
206597,stage musical
11823,pacific island
6942,schilf
209197,unlikely hero
159497,goon
234224,pc
240,underdog
11161,paedophilia
193907,evil alien
190283,greenwich village
232790,sleep paralysis
33651,ex priest
44452,shake
210267,sea air
196953,community spirit
156834,adopted
170610,floating on inner tube
9717,based on comic
234292,viper
238544,violent storm
720,helicopter
192522,danish animation
208043,bar exam
12563,mutilations
6953,obsequies
238241,foran
207992,under duress
6533,kodiak bear
7289,cafeteria
6979,straßenkids
173458,army life
7903,ayahuasca
192591,the slits
1977,denver
156241,dying world
196607,the face reader
215859,lake superior
234339,superficial
189449,disorder
5865,cabriolet
11087,gold coin
219902,cognac
7063,children gang
18432,female martial artist
206995,equestria girls
1930,kidnapping
213743,fc barcelona
11171,vagabond
2921,school friend
233083,complex relationship
276,philadelphia
154681,april fool's day
202649,psyche
34094,extramarital affair
156642,tower block
12610,unspeakable evil
725,lovesickness
211708,heartland rock
162780,gorgon
211404,toronto maple leafs
230868,robery
5808,pregnant minor
185204,danish history
33618,machine
181128,frozen
190742,solitude
202199,trepanation
198688,trumpet player
160756,drag strip
221746,doubtful survival
15218,special forces
196905,step siblings
5156,current
162258,jujitsu
1241,persia
235595,legless man
8775,panther
162715,ruins
211467,trick film
176425,creepy neighbor
9248,bühnenauftritt
7832,wettermann
186239,shot in the throat
192170,trespassing
164162,hit by a car
228084,missing teenager
177998,nobility
12389,dirty tricks
166835,morgue attendant
185628,cross breed
2866,exam
4583,speed of light
232193,daikaiju
1735,amateur detective
180294,pineapple
7919,dyslexia
5175,petrol
10910,wealthy
186391,cattleman
11290,cab driver
227952,centro de capacitación cinematográfica (ccc)
188344,riviera
40842,organic food
162722,indian attack
194297,calcio
3272,secret intelligence service
154841,chakri dynasty
169054,flint michigan
163914,newspaper clipping
10338,morphine
179668,keepsake
10897,mime
188134,golden gun
238812,murder case
4049,decoy
227783,extreme pain
190629,crime wave
188629,double exposure effects
235134,estranged mother
167531,fire truck
182178,sushi bar
179532,audio flashback
206705,chaos and mayham
196730,locked in bathroom
6411,dog-sledding race
171886,world record
161663,street children
221966,ballet performance
233325,energy absorption
7873,mr. hayd
2345,spaceman
208449,reggaeton
237207,quince
185644,chief of police
231022,bullet hole in windscreen
222782,two guns belt
157524,tropical island
230896,circus performer
172551,dismembered body
18024,hungarian
196992,ominous tape recording
166475,goofy
8732,talent-scout
33619,pardon
6337,patriarchy
7046,naherholungsgebiet
156024,corrupt politician
187307,endorsement
199289,movement
230607,antihero
4470,punk
237630,greta garbo impression
10028,steampunk
162727,jailbreak
5827,hiking
197147,bryce canyon
235228,lookalikes
12633,evil lurks there
210635,huang feihong
194341,cube
2341,nanny
177820,wanting a baby
220845,cold snap
181313,granada
1766,velociraptor
4900,shortage of money
176776,samoa
174803,elephant carving
158139,tourist attraction
2736,fire engine
191268,kz sachsenhausen
228470,kiev
233132,biker gang
226233,apollo program
11615,internet
791,mentally disabled
193078,bow hunting
203699,mad hatter
177178,alien space craft
4409,military base
173986,losing weight
171497,rhetoric
222334,confinement
15070,forever
188666,criminal mind
228304,psychodrama
3888,giant spider
33711,entity
213794,spanish spoken
41413,child eaten
189920,harlem
195304,grapes
184184,bauhaus
7795,reicher amerikaner
2321,bunker
234815,street-wise
177964,contract killer
183979,bail bondsman
186710,landscape architect
168551,italian stereotype
5300,allied
236988,pet adoption
6297,japanese mafia
1946,restaurant
2102,brother-in-law
10244,based on cartoon
159950,neo nazism
159278,obsessive love
2656,hat
155646,kickboxer
2812,computer virus
229299,affair
8873,yeti
7625,young man seduces old man
207671,episodic structure
4743,jihad
7113,paratroops
9914,slice of life
6255,insanity
4637,parish
8018,adoptive mother
158120,exterminator
171176,girl power
40847,near future
833,white house
230660,funeral ceremony
5096,natural disaster
175529,pretending to be a prostitute
3532,tangier morocco
5442,expiration
197198,patti smith
40244,medical profession
4801,respect
163949,pawnshop
233174,gus
160370,war room
210488,action figures
157788,british soldier
162726,prospector
225470,vlad
195222,nunsploitation
12449,sparrow
158254,pantyhose
208663,fan convention
4616,apache
13099,ressentiment
221246,separatists
238421,fortune hunters
1797,loyalty
5941,calypso
2591,tarot cards
217043,fragment
184426,ruse
166250,self expression
215762,naruto
238687,dog movie
183881,shot by the police
17998,pearl jam
238596,los angeles river
9316,vlies
158747,metrosexual
5535,elocution
208709,columbia university
3649,holy water
220446,violent man
885,villa
225964,female masturbation in public
206628,andean
224663,new french extremism
208928,falco
18090,town
213286,sexual encounter
6317,guillotine
11718,feminist
385,jules verne
9115,weisheit
227205,diving accident
13159,chinese
3797,bicycle
4593,atomic bomb test
219364,philanthropy
160342,female detective
188028,extravagance
236940,deaf child
168481,disguised voice
210531,thai boxing
9553,ancien régime
190026,primatologist
228635,ghost shooter
12335,aunt niece relationship
8119,persuasion
166244,beatboxing
18128,inmate
158768,ground control encoder
178710,stormtrooper
33598,woodchipper
163223,prize money
176256,closed mine
190835,unemployment benefits
383,poker
173971,taunting
4460,terror cell
6790,north atlantic
2161,mouse
2521,kongo
2985,designer
210229,taoism
5484,reincarnation
201125,detached
182100,luxury hotel
160303,melbourne cup
5255,hygiene
10459,dilemma
221658,electronics failure
5212,advancement
210107,vow
10494,super cars
197107,goth girls
1779,mercedes benz
159075,miniature people
163533,fainting
4485,flower girl
4426,sadism
180162,death row inmate
11162,miniseries
3343,coral reef
6840,criminal past
1639,clarinet
210990,stake
234642,pupils
8559,china town
33797, ryman auditorium
158436,porn actress
18118,disguise
3617,nuclear scientist
4906,suspension
227432,kuala lumpur malaysia
158774,terrorist attack
2691,distraint
195242,clark kent
2832,recession
9812,honor
235459,cattivissimo
230232,kochi
2176,music teacher
171830,lab results
165493,puppet show
200828,luxembourg
1366,shotgun
191790,debutante
7865,winnetou
197952,scandinavian
228459,wildest fantasies
228932,pasha
157296,bankruptcy
204232,nightwing
41581,jack frost
10103,children
214463,post 9/11
209756,agent coulson
229034,escaped animal
188533,blood on face
159290,sports history
41604,oakland california
180788,foreman
228638,ceasarean birth
237297,malaysia airlines
210530,spiritism
191814,past life
168659,murderer duo
160970,apartment complex
191387,land sale
206791,supersonic flight
5509,spanish civil war
14662,nature run amok
173674,kaposi's sarcoma
701,cuba
11246,barbed wire
172490,lights turned off
2694,cold turkey
4432,gathering
219949,mixed heritage
4526,concussion
197750,business school
158040,exotic pet
184497,maternity ward
154797,harpsichord
190494,pragmatism
169215,gas rationing
238198,british lancers
10554,john candy
6673,egoism
230218,cine familiar
232999,cameos
477,train station
12397,massage parlor
15053,united nations
12346,eta
190014,taboo sex
15033,remake of swedish film
592,capitalism
188914,born again christian
215982,zaragoza spain
158502,frisbee
186711,methadone
155746,deserted island
15344,shot in the stomach
225209,dreams
224636,horror comedy
231613,reference to david bowie
203672,care
184483,divorced mother
226226,prom night
156593,ritual murder
9309,elite
207793,aversion
611,hobbit
196484,ancient aliens theory
166113,marriage problems
196374,shakespeare's romeo and juliet
221816,disobeying orders
166958,prehistoric creature
157908,psychedelics
3776,officer
170556,gynecological exam
210234,man eating plant
235456,unlimited energy
206584,istambul
11265,mind reading
2559,film maker
172812,logbook
160742,sharecropper
223377,spear gun
679,cyborg
199778,princess diana
175247,burnt face
208788,medical drama
1499,pastor
220427,tipping point
226411,corrupt policeman
238134,military outpost
9518,nationalbank
6460,chile
156017,frontiersman
3600,gun rampage
156785,cyanide
18053,divorcee
11431,wrestler
155794,physical abuse
179093,criminal underworld
167516,coworker relationship
208936,gulf war vet
173634,reference to lenin
10180,homosexuality
210654,mushrooms
10866,barack obama
191412,huckleberry finn
159287,gas mask
207844,college student
202720,continuum
193280,ziegfeld follies
235910,innocent suspect
162601,wrong turn
191440,jewish family
235600,controversial film
160200,remedy
176697,collar
14692,hook
173277,public relations
169725,sick child
163682,puerto rico
2613,luxury
225840,pool party
172829,music professor
5944,nairobi
5515,heir to the throne
18096,spear
5894,bagdad
195880,pt boat
238591,flamethrower as police weapon
3337,metereologist
165830,shotgun wedding
10098,farscape
223558,topics
237392,dead body in water
41645,based on video game
234368,kickass
171040,living alone
10612,celtic
234199,rapier wit
10957,comedy team
156162,martial arts training
2387,new delhi india
170452,reflection in water
165259,political unrest
10631,stockbroker
184116,hedge fund
3878,eavesdropping
202621,chaotic
11029,turkish army
179017,hick
235729,husband wife relationship
210856,amazon tribe
195323,evil dictator
215397,pinoy
198187,stemp
193604,desert battle
187368,pillow fight
4278,invasion
229586,shakespeare's king lear
183523,log
208561,pharmaceuticals
161280,biblical plagues
194757,turntablism
41155,pants
178656,iranian
181318,asperger's syndrome
9139,student of medicine
200223,depth charge
221772,floreana island
2468,foster parents
214313,matches
14774,flask
183962,raped by animal
195243,bruce wayne
179853,vagrant
199327,classified ad
2876,blackbox
190084,chance encounter
224673,king ghidorah
182638,mullet
170125,cosmetologist
156772,peony
2038,love of one's life
2480,eye operation
155693,erotic drama
3575,jerusalem
193718,golden mile
217964,nihon
199974,neo-nazis
460,free love
158386,golden retriever
155710,rock musical
1328,secret
8150,revier
33426,gang member
10456,athlete
2263,algerian
5960,illuminati
33586,latino
1317,card game
155842,supercomputer
44450,gong
1025,great britain
185268,wheat
8093,vorfahren
224930,buzkashi
197486,female bully
155735,new york subway
221064,united states naval academy
208172,prison wagon
221080,unique visuals
910,bondage
13131,cannonball
181046,european
191101,steamship
3077,leader
12971,zookeeper
744,madrid
188647,silent film star
207414,pilot school
209572,new year
206545,young couple
172111,goebbels
234730,unkillable monster
191072,snowglobes
204383,overflowing with imagination
232772,perustuu näytelmään
1897,oregon
3407,suffocation
3882,gang of thieves
228988,slow cinema
4687,pretended suicide
5834,fustigation
191706,citizen
1291,central and south america
195197,avós
196904,extended family
33736,pregnancy craving
195279,television network
171842,sinking boat
155716,rookie cop
2872,window
165675,prison matron
156169,backyard
185028,selective coloring
206794,melting pot
10135,hellgate
160078,public housing
208012,horror host
215181,bélico
5696,grunge
10870,revelation (book)
183241,change of heart
157256,forensic science
215007,pothole
181316,senegalese
163066,gdr
172364,man punching a woman
230996,crashing through glass
201137,compound
41151,throne
155552,elmore leonard
208283,failing business
12422,drug stealing
190850,crazy horse
180782,laywer
163437,mongolian
33829,whaling
182703,gene
220373,class struggle
11313,winnebago
208426,shamanism
226394,operation anthropoid
166888,bad landlord
2901,crusader
192167,funny hero
1023,fire escape
9600,mensch als objekt
2708,hitman
9951,alien
2998,gi
231645,alexithymia
236225,bare chested male bondage
2993,police chief
1161,brazil
236529,воин
206810,imaginary kingdom
168663,jamaican
41605,tail
192098,roller skating
157912,bigotry
10901,coincidence
155623,lourdes france
33505,gothic
4891,offer
156948,missing child
223369,screen test
198319,fake ghost
169311,disgruntled worker
188842,quartet
34130,makeover
175894,chat session
3094,australian
15274,nervous breakdown
236239,digit in title
184595,switched at birth
238593,bradbury building
226887,falling
211371,gamble
4934,theory
8721,arctic
163228,runaway train
234625,camping equipment
5307,peace work
234167,theater audience
18171,thunderstorm
187300,low iq
206182,iron cage
176016,editor
15178,food industry
156771,cutter
208981,television set
199981,hill
220440,south india
9713,friends
187237,sexual domination
178636,talk radio
41610,saint
6956,treasure hunt
11200,look-alike
9898,animal rights
238231,remote contolled robot
14991,tentacle
2784,mother role
14669,older man younger woman relationship
596,adultery
209194,addams family
10040,automotive
7074,paperboy
193513,kindertransport
4065,pit
237473,love child
5769,global warming
159620,big con
2808,russian
189439,boasting
237249,twin
234959,delightful
33343,spit in the face
207555,077
170375,exotic dancer
9934,ישראלי
168000,illegal grand prix race
15088,deficit spending
33795,salem
34134,veterinary
227201,designer drug
1732,innkeeper
209349,darth vader
158973,black and white and color
223375,sphere
218142,racketeering
160192,backpack
33707,pen
8498,elite unit
188456,lost ring
9890,jail
5737,book burning
5897,bathing accident
195345,transvaal
1740,pop culture
14888,burning man
158642,long lost relative
204949,hongseong
166539,loan officer
170286,strict teacher
33467,new home
191008,nebraska
200690,matriarchy
163984,marijuana pipe
226038,hammock
227365,friendship between men
190802,ivanhoe
8440,ex-cop
214501,sex offender
161630,nascar
185477,trapped underwater 
347,aristotle
223268,group home
7564,jane austen
234244,russian film
1691,dance
4581,jam
205598,stolen jewelry
7540,circumcision
11033,first lady
9762,varg
41416,spalding gray
1536,religious education
201834,avocado jungle
231342,fumetti
6525,fast
159333,caper comedy
199040,strip
238795,abused wife
234264,christian movie
213449,fall of saigon
182599,technicolor
162127,corporate state
1890,camping
11006,german american
10882,toupee
190636,crime syndicate
188840,delivery service
175321,girl fight
206938,caucasian
207695,japanese mythology
231986,marimekko
156273,critic
228559,manic depression
221660,fortune hunter
236170,early 1900s
15162,dog
170345,creek
156245,mysterious force
3296,car mechanic
161972,caught masturbating
5566,maya civilization
193643,music concert
178213,delivery boy
158259,child killed by animal
1254,music style
229852,genovese syndrome
10053,sexploitation
215122,griffin
158968,gay lead character
221285,occupied france
162119,corporate conglomeration
49960,business start-up
4037,in vitro fertilisation
4109,independence movement
189207,epiphany
33430,centipede
169117,phrenology
8045,russian mafia
2676,honeymoon
10638,pharmacology
237085,vore
238264,high kick
169603,re animate
33874,polaroid
154903,homophobe
235606,models
7699,speed date
236485,paid dance companion
171063,social network
188479,condemned inmate
2885,prison cell
10875,metal
234091,evasion
173141,carried on shoulders
1907,fictitious marriage
238263,sad story
229214,tora-san
17992,broken arm
10157,zatoichi
188294,damsel in distress
226028,eccentric man
159546,pharmacy
235497,sung dynasty
191138,stock car
1595,ex-girlfriend
15460,bound and gagged
159306,crane
7544,muezzin
219965,nanobots
170100,crazy uncle
14560,body in chipper
179018,stock broker
163678,favorite
180172,framed for murder
18112,durham north carolina
227825,storm drain
3777,training camp
170330,swine
170768,child psychiatrist
156510,horse and carriage
3680,apparats and technics
161037,goldfish bowl
233413,cultural heritage
187803,duffel bag full of money
10958,man hunt
9791,number in title
228208,motion picture studio
236625,female police chief
191093,colorado territory
11258,suicidal
210992,record industry
237650,writing contest
238142,stabbed to death
195239,travelogue
172512,female police commissioner
227816,provincial life
2904,mummy
174552,shop owner
4654,undercover agent
1760,casual meeting
8911,stalljunge
229247,katanga conflict
4327,stroke of fate
192008,kafka
161307,bronx
202967,afterworld
5938,mermaid
228523,inspired by true events
206295,terrorized
12995,historical fiction
238586,bulletproof skin
163396,disarmament
234062,transport pilot
190941,hidden room
166853,arm cast
166571,hired killer
10730,denis leary
233380,weekend getaway
2823,physical work
156837,connecticuit
171251,corpse in coffin
227461,reference to whitney houston
185217,polar ice cap
10512,tucson
233175,underestimated
177309,simon says
5440,adversary
15269,female boss
205975,mash up
232085,hobo
174324,ant's nest
232054,goa'uld
166583,suicide by cop
11452,celebi
158045,piranha
158468,chinese history
226818,absurd humor
11016,kansas city
2807,finnish
206752,naziploitation
214724,rally
208335,miami beach
40948,roadside bomb
161353,women in prision
160992,insurgent
178639,death ray
231225,friends with benefit
225554,anatolia
235243,snake cult
161032,bookcase
2803,affectation
156193,ice block
187200,french colony
207272,fake believers
208560,rumpelstiltskin
4607,core melt
1895,jet lag
4640,disabled child
156166,mormon
238613,fear of intimacy
46958,good and bad
179575,samson
650,gymnastics
162482,severed ear
2070,olympic games
233462,person snapping
33815,hidden weapon
206737,getting home
208710,picasso
201768,cinéma vérité
166463,night club singer
177449,tip
238205,glowstick
197013,raptor
155882,dying mother
194705,gauteng
161791,kaiju
204959,grieving parents
3221,rave
161201,alternative medicine
224298,batgirl
207922,stolen jewellery
179433,haunted castle
238065,volatility
227715,down on his luck
208728,special education
196564,costa rica
10063,repentance
160177,mountaineering
155894,wild girl
5458,men
487,cairo
3071,prince
235380,minivan
12446,another dimension
209941,death of best friend
199892,stage manager
234361,animal rescues
213280,basque
14867,knife wound
194421,rebirth
5333,guest
9752,child on drugs
162275,set up
6292,jordan
238067,fissure
194430,small village
156335,bar hostess
8041,sao paulo
209563,bride-to-be
4711,norwegian
164263,marital rape
9084,clubhaus
233146,swiss bank account
236523,stolen necklace
173297,nightclub singer
186743,real estate development
201056,illogical spaces
165372,pagoda
2408,côte d'azur
6385,traffic warden
168359,police surveillance
192743,the olsen gang
1794,yakuza
9715,superhero
233580,shawl
2016,vandalism
208280,accident victim
2819,exhibit
170333,innocence lost
230519,wild sea
18107,silencer
15240,platoon
214519,rocky relationship
159792,barrister
2809,sami
157282,airplane manufacturer
169271,escaped prisoner
193012,winnipeg
207317,christmas
223938,entitlement
184534,rolltop desk
160387,ex nazi
198643,aviatrix
2847,entrapment
226463,human bomb
207476,dingo
190821,family curse
208712,greenland
158670,charter schools
156149,doberman
1624,vichy-régime
458,hippie
2922,suburbian idyll
175518,scientist bar
164282,showbiz
186395,wakayama japan
197606,regime
158012,ape man
232631,king of the jungle
5463,the carpenters
187253,way station
3177,fan
166579,adopted brother
189103,underground lake
579,american football
172879,whistling
180412,plagiarized novel
418,white russian
223331,virginian
237546,chiseler
44494,timer
1627,patriotism
165137,school dance
160840,dream sequence
236073,confederates
172538,creator creation relationship
33794,day care
2920,cheerleader
214745,venezuelan history
159093,shobijin
202085,kids music
220933,fine art
7161,sri lanka
159858,strongbox
220395,ex fiancée
1731,writing
6964,tribute
4227,toronto
173024,hanging a picture
186789,dream world
165261,english lesson
157812,blood lust
7950,grocer
176125,reference to google
195199,natal
200567,zumba
171431,clothing store
1936,blackmail
2867,pest
173373,e-sports
4246,loan credit
184345,neorealism
191712,life of saint
163120,slave trade
207148,stb
34333,lgbt child
197528,traveller
6291,tardy hall
200711,granddaughter
169366,half naked man
10505,promiscuity
10588,political incompetence
232129,incommunicability
4053,trabant
210659,roadmovie
159661,crushed by a car
222964,rotunda
234284,dokumentation
202703,deadly
202716,crucified
179571,tijuana
221871,unlikely heroes
160227,new dvd releases
14688,multiple stabbings
158370,dog sled
3401,drum
188658,water wheel
198735,klondike gold rush
6517,young people
236644,insolence
7416,police band
193226,madrid spain
237371,valiant wife
200557,morse code
237169,newsreel office
237499,orchids
205634,clubs
10084,rescue
9649,god
161351,nazi exploitation film
665,uss enterprise-a
155464,over-the-hill fighter
206695,master warrior
195862,naval warfare
162124,buried memories
6025,photography
226643,escape from slavery
161266,teaching
6555,stage fright
3315,radioaktivity
221685,eyewitness
206571,bride in black
148534,cunnilingus
159201,baseball player
186756,old testament
14756,destruction of planet
178183,pizza delivery boy
2062,restart
177077,rocking chair
34112,wig
156378,land
167959,chatter box
156808,hospital fight
209140,negotiator
196683,operetta
230074,muammar gaddafi
206416,cable car
33556,urban setting
163968,marijuana joint
160945,expectant father
9900,warthog
3638,solar energy
8766,freddy krueger
2492,bank robber
219869,humvee
197951,time of war
162370,operative
6476,toy shop
2516,boat wedding
18300,english countryside
6122,sell
17987,killing spree
186724,man on a toilet
157931,dungeons and dragons
46955,implant
4530,parking garage
181165,station
157168,ice skating
154976,shooting party
175494,record collector
238365,alpine cabin
5133,body exchange
46954,journal
6854,primitive time
638,bruce frederick joseph springsteen
158402,pinata
1532,meditation
226188,local food
226465,holiday inn
192215,beastmaster
14913,water park
33601,covered wagon
227411,secret hideout
221664,"snowfield, co"
234727,teenage heroine
183896,neighbor neighbor relationship
10111,ouija
4791,rehabilitation centre
228843,volvo
167186,house trailer
158606,pickup truck
237406,animal agriculture
1487,tennis racket
14725,racecar driver
6281,partnership
181100,amazing grace hymn
229847,mania
2898,armor
190392,nhl
236909,homebound
5634,pawnbroker
189146,pro integration
227207,lost in jungle
188665,botched robbery
192343,rajput princess
41365,council
206915,estranged sister
222177,fact checking
228036,sadako
160243,classmate
163270,breeding
204133,lima
1635,deaf-mute
206813,supernatural ability
6538,winston churchill
617,shire
227169,bomb shelter
13027,wedding
170813,tantra
206701,criminal heroes
169620,correspondence
221000,balkans
4107,british empire
193013,extremist
180374,vcr
236484,dancehall
14613,elephant trainer
202723,powers
172112,sacramento
233265,interviews
171341,underage sex
44451,lost
9738,ufo
226464,wrigley field
9259,vampire hunter
8910,kobold
163085,tunnels
235491,ocd
192536,war dog
215292,anger issues
1396,colosseum
191296,gulf of mexico
10766,youth gang
6438,anorexia
198047,little town
181558,cuban missile crisis
3039,palestinian
10850,sexual harassment
3547,coast guard
207776,feelings
41392,fiesta
6257,genius
217310,accidental crime
1756,opression
181655,congressman
10100,puppet master
202291,totem
6618,snack bar
157008,catholic church
160860,battleship
18486,child molester
190881,luxury liner
215074,errand
2974,jesus christ
174818,brain damage
2322,thirst
165290,guttersnipe
238821,tennis pro
162034,surrender
182026,video wall
188659,business deal
225966,film casting
3473,carnival
183568,blood diamond
4017,cut-off hand
159944,recording
206162,obscure
185324,devoted wife
206558,guitar case
234598,remake of asian film
1802,revuegirls
155757,betting on horse
226475,naval battle
3704,plant
232254,legal dispute
207679,troma
41395,scare
167250,teleprompter
3650,child hero
169110,reference to oprah winfrey
18431,female ninja
210277,death train
10520,slave auction
236650,music industry
235158,endless tunnels
4826,repair
164861,repossession
177040,fashion design
1295,europe
7814,hockey coach
11318,landlord
7255,search for witnesses
235597,pseudo-hermaphrodite
233,japan
187416,water gun
4399,victim
163239,spaceport
178379,steam room
5539,shield
171366,multiple storylines
163173,hit and run
5489,murder of prostitute
188016,seamstress
198259,하울링
33820,walking on roof
159491,part
164555,one eyed man
182772,snowing
9863,lancaster bomber
160856,armada
199690,urban comedy
236472,lower class
168268,saloon singer
213817,isi disi
207251,worst movie ever
197220,drunken
155395,endurance
236989,grand duke
160331,astrophysics
156190,billboard
4639,crow
8133,lasagne
4238,chosen one
189142,welfare
157741,body part
164364,vacuum cleaner
156818,seashore
155626,shot in the arm
187328,retirement party
207775,blacksploitation
187888,mysterious photo
154909,marriage for money
222047,angel of death
174008,red square
15155,witness to murder
190833,british man
13072,falling in love
188618,reformer
10808,dulles international airport
191821,foodie
158713,bdsm
172218,shopkeeper
156334,corporate crime
232793,feature version of serial film
158547,air raid
196399,rape revenge
18105,sharpshooter
33679,unprotected sex
228645,memento
855,fictional place
203423,masked hero
18126,sermon on the mount
233041,hollywood history
10919,cyber
158153,first class
159399,los angeles international airport (lax)
225938,axe
164359,hanging from the ceiling
191439,allan quatermain
238533,summoning spell
155245,deli
2634,expiation
165660,talking to the dead
197915,kabuki
213854,urologist
3694,weather
211352,gene simmons
207847,matt scudder
14649,oil spill
168033,jay and silent bob
440,missionary
3568,lone wolf
171273,push ups
192417,russian civil war
223212,nantucket
12996,dogme 95
167975,state trooper
7722,flanders
8057,cincinnati
199364,rehab
156155,cd player
6044,promise
1443,clerk
236955,eve of world war ii
175499,personal ad
5245,cinémathèque française
156793,stuffed toy rabbit
238195,animal trap
282,video game
232076,desperate
186804,shipyard
14769,devotion
207850,workshop
155896,wild child
174038,personal assistant
12016,holocaust joke
229222,crawling through mud
155375,austria-hungary
198634,warpath
161810,foosball
157418,boiler room
221172,russian occupation
10484,listening device
191210,horse thief
3972,simulated reality 
165614,lgbt in the military
165193,financial crisis
207833,making money
158194,perfume
175600,doing the right thing
169075,dead parent
168676,city hall
191107,andy hardy
183203,destroying a car
3816,intention
4402,peasant
226410,cabinet officer
154782,police funeral
169129,target practice
11221,blood
1653,explosive
40850,destiny
4928,bait
815,soulmates
10020,code breaking
4265,somalia
207560,thunderbirds
222044,dallas mavericks
157444,dismemberment
176345,east side kids
201867,lead
188987,boyfriend girlfriend relationship
11858,red
14617,mole
170575,polka dot dress
10141,battlefield
186356,escape from jail
170116,writing class
156764,pre-code
11871,testimony
156592,evil nun
192708,beer bong
11208,conspiracy theory
428,nurse
8783,scavenger hunt
170279, mugshot
178873,skateboarder
1450,shepherd
191301,battle of trafalger
185522,pie machine
155620,former child star
162712,secularism
237396,history lesson
2150,cocaine
4541,conciliation
207457,celebrity roast
206888,andalucia
225588,marine conservation
185736,conflagration
223469,bulldog
41589,dying
206204,corsica
162916,manicurist
191975,sports scandal
41240,madcap comedy
5283,hells angels
1900,immigration
4193,retiree
2463,harvard university
181508,shoulder holster
181623,fake id
154788,alternative comedy
237426,landlady tenant relationship
173139,preserved corpse
191952,hitler's diaries
236967,remains
8807,special olympics
210329,sharia law
208793,romantic entanglements
236782,agent orange
3460,russian revolution 1917
200148,inbreeding
228595,ltte
187227,lemon tree grove
164663,courtship
5733,turkey
157268,hijacker
4217,exchange
208290,pentathlon
213236,european women
176834,social media
161271,beast
179461,newburyport massachusetts
225125,quarreling couple
155797,hemingway
171070,arrogance
3318,paris orly
4239,leonard bernstein
33942,leotard
221958,legalized murder
231389,moving van
196996,broken doll
7021,pakistan
10522,wall crawling
197999,room service
5424,women's prison
186507,advertising agency
9454,frontier
234168,supersymetry
225644,restoration
188747,air pirate
12100,fictional game show
233433,complaint
11187,grim reaper
213040,self reflection
157974,tease
163055,satanic cult
163656,gun violence
12208,narration from grave
10061,dysfunctional marriage
8056,quantum mechanics
192590,the damned
207684,canadian history
7948,skunk
7856,racist
8052,kigali
207182,the durango kid
209012,riedrich schiller
156770,tightrope
167507,dallas texas
221875,apollo 11
10057,institutional discrimination
194018,talent manager
2581,giant wave
221445,sexual exploitation
188974,vehicular accident
6298,postcard
201484,complication
196960,dead grandfather
231027,mosque
183133,aspiring actor
238810,wrongly convicted
192592,siouxsie & the banshees
8985,zeus
197239,regeneration
184975,frontier justice
161251,basic training
228086,tragic love story
3055,soviet troops
189108,buried treasure
172945,double entendre
207514,rock and roll star
11666,microphone
213294,treaty
233655,erotic dream
181582,lung transplant 
9550,doc holliday
12436,architecture
9381,nymphomanin
220014,alpinism
227750,false alibi
447,post traumatic stress  disorder
187273,mix up
11343,brighton
215193,college graduate
174985,shot in the chin
156086,canterbury
217321,joy ride
10782,nejat İsler
206544,bomb attack
155585,halley's comet
178650,bus trip
8663,overweight woman
471,mount rushmore national memorial
156553,mascara
6844,stalker
197466,care package
191311,comatose
237805,stingy
9939,fish and chip shop
187789,planting a gun in someone's hand
209098,fatal disease
5394,rematch
156137,music history
207244,publicity man
208032,school paper
227177,street shoutout
161288,existence
11110,dead soldier
161520,terrorist plot
235970,faked accidents
197990,mega corporation
11730,internal affairs
18514,death of family
226419,apostasy
173966,osha
6443,child pornography
167830,corvette stingray
196142,comedy of manners
232412,underwater world
1700,massachusetts
197955,honest cop
163081,law enforcement
188841,daydreaming
7973,bosnian war of 1992-1995
180909,golden fleece
5416,transplanted organ
2227,evacuation
181068,protective father
167486,shackles
211681,first world problems
1706,experiment
33784,muggle
220790,cucumber
232778,student soldier
11338,wild animal
4682,basement garage
191741,award
173976,one armed man
33534,folk singer
217878,ingrid bergman
184784,bank officer
4606,cinematographer
224955,plant based
181050,wealthy man
175980,greenhouse gases
163534,jacobs ladder
15038,secret plot
11836,contest
193305,dishonesty
159521,claude monet
17981,foster sister
46951,mirror
206189,chinese culture
11700,rock music
9925,zombie animals
9665,cover-up
186192,animal senses evil
191431,godard
9344,sexology
9677,psychokinesis
5488,parfum
174465,mine car
228163,adopted daughter
10568,science fiction
1866,bad smell
215071,musical tones
193698,torture porn
5155,bat
182223,iraq veteran
3430,pickpocket
162356,mechanical engineering
212518,photos
11728,burglary
4424,pain
189599,beans
173686,red scare
197514,provocative
18054,self help guru
18001,rock band
221838,women fighters
159468,millennium
4090,colony
157748,fast food
47022,social life
238220,frying a fish
33574,childhood home
189389,financier
206266,war games
170418,public humiliation
164605,withdrawal
9253,slapstick
5558,lavender
157688,shock humor
717,pope
220863,cheat
6789,foreign legionaire
4276,machinegun
189433,tyranny
5069,bad power
185505,film student
10580,russian roulette
10424,tour guide
222130,lost continent
170179,mentally handicapped man
165092,british youth
167311,judo throw
222185,1st century
170195,homeless man
6081,nation
750,rura penthe
6888,interior of the earth
14588,disillusionment
183654,hanged body
186714,fall guy
181523,teacher student sex
208220,destructive
14712,young woman
155298,aeroplane
228264,zamindar
155436,classic noir
7101,substitute teacher
10176,gun battle
217062,british nobility
159413,jewelry heist
173606,betting
7635,thai-boxen
215076,death of uncle
178095,balmedie scotland
7335,lawsuit
206792,dream like experience
15214,buddy
233360,air attack
167510,beach resort
15120,kindness
208403,celebrity photographer
184130,doubt
5398,sponsorship
163331,hieroglyph
171416,autopsy room
9748,revenge
231847,general douglas macarthur
232428,boy murderer
186654,brooklyn dodgers
168442,denver colorado
2324,bulimia
41405,glasses
9473,raser
9032,excavation
525,foreigner
233084,complex characters
9576,beförderung
221162,puzzle box creator
189966,holiday season
1845,fire brigade
227995,cane cutter
2404,masked ball
194176,coastal town
197111,rubies
3019,autograph
159279,manipulativeness
166594,transforming robot
11297,judgment
191834,gothenburg
182396,new york city ballet
208507,alternative universe
180093,press room
208126,crown jewels
158438,lost shoe
236785,live turkey
1447,indiana
172856,music recital
34061,american abroad
924,italian
15108,justice
210183,midlands
197602,denunciation
15224,candle
236778,autocracy
3569,latin
179100,hulk
17953,country
238345,german alps
11254,loss of virginity
194735,western cape
168483,student protest
226879,flowers
5723,siddhartha
207197,mistaken for jewish
190621,mystery writer
11219,navy seal
3636,face operation
198778,last job
203476,wax
1296,shared universe
206467,race car crash
14529,improvisation
197487,witness to a crime
11275,erotic dance
4945,wrecker
11677,secretary
184659,radio show host
160936,electrical device
15199,rabbit
201026,attractive
7090,goa
3561,electromagnetic pulse
10992,executioner
180445,strength
222511,woman and child
173544,glbt issues
190197,hooliganism
214780,courtroom drama
6078,politics
161705,jacuzzi
202423,knoxville
46953,speedo
15100,lock pick
197591,roller skates
223084,perm
33499,bhutan
225528,obssesive
224819,munnar
181957,hard labor
207010,dance teacher
3524,doping
156814,filipino
234762,stumped police
15133,vibrator
179435,beforecreditsstinger
197207,classic albums
11798,slumber party
229949,altruism
197804,insurance detective
238180,indian reservation
185460,silver mine
3293,gas attack
170087,tire
229212,otoko wa tsurai yo
10425,viagra
162836,weed+
173700,end of trilogy
155713,car robbery
226006,impotent husband
3817,chance
5152,midnight
3973,insurance salesman
209417,parental advisor
6415,stage show
165607,reference to kant
220836,hanging judge
212644,anti-depressant
155061,yellow dress
366,sex-shop
210084,empire fashion
158215,lion attack
222156,film theory
13032,cougar
187826,camoflage uniform
1438,office
170611,wind chime
210689,virility
157187,old friend
198333,alternative history
33550,displacement camp
158182,severed toe
223171,children's hospital
169086,political satire
226236,spacecraft accident
211821,kindergarten teacher
166676,contemporary art
33624,band
172442,parallel lives
190094,american-in-paris
9780,public murder
207441,unhappy
164290,crowd
225048,fetisch
10980,phone terror
1002,authority
163828,landfill
192779,mount everest
190493,phenomenology
196067,blues rock
226747,overprotective mother
44445,raining
196957,popcorn
206717,unlikely parents
171486,paper airplane
3743,season
178923,wedding date
157192,hardship
157239,computer fraud
204725,guyana
211709,post-grunge
18381,honey
6681,flu
33933,split screen
33352,police car
10622,lost city
6587,east berlin
225710,sexual discrimination
911,exotic island
6582,moonlight
238251,love letters
15190,gipsy
155296,kalahari
17977,underground fighting
2073,illiteracy
6448,watts riots
6544,senegal
3711,animal species
173637,reference to boris yeltsin
171068,entrepreneur
1571,return
236295,red squad
199024,newpaper
33621,desk
6316,daytona
163112,home birth
160738,neominstrelsy
11220,cryptozoology
178094,citizen action
238854,one dollar
191888,ploy
187347,dumb kids
237012,gift of ring
224587,monster island
185457,badlands
226184,fine dining
228069,stuck
166760,female psychologist
10181,based on play or musical
231322,gadgets
187255,puddle
5625,relationship problems
193017,nuns
173893,fire chief
189141,rich man - poor woman
208146,baton twirling
170036,pick axe
238616,reference to a yashica camera
3061,national socialism
173077,figment of imagination
11508,jewish
481,imperator
195240,investigative journalism
157238,computer expert
237981,numbers game
11804,noise-musik
402,clone
217499,house music
3556,seclusion
177877,occult torture
5657,australia
9044,amphibie
196402,all-star supporting cast
186825,cangaço
9854,artifact
186923,oil baron
221197,ultrasound
172507,miranda warning
208442,recovery
156115,feel-good ending
196290,angola
4487,boxing match
33702,bombing
189445,gypsy girl
219195,guitar playing
163543,psionic power
161031,death of neighbor
203995,font
11003,citizenship
604,dwarves
10170,premonition
183954,enigma
197823,lonely
187505,exotic locale
8846,konfession
160359,reference to plato
13068,impostor
237593,lone survivor
203586,vicious
157263,domed city
157961,artillery
10026,harbor
4224,singapur
161176,space opera
230137,cannibals
167986,racer
229731,abraham
218125,meltdown
238360,terrified family
1764,triceratops
204017,suspicious death
188169,electric train
11497,unfaithful girlfriend
220509,worldwide disaster
209022,massage therapist
176731,indiana jones
226457,adoration
219800,casters
4688,microfilm
173635,young pioneer
3300,cadillac
15036,ancient china
2033,hades
190380,prescription medication
167812,grapefruit
2552,chimp
214834,throwing star
9285,serbian
198719,nt live
158782,bombardment
194000,strained relationship
199602,obscene
237561,shortfilm
202186,rollercoaster
409,africa
184739,reference to john milton
2337,pedophilia
33731,stand-up comedian
183415,melting ice
158222,great dane
191828,favorite sibling
186281,dea
33360,employer
155428,trolley
171521,city boy
4648,naples
181115,william quantrill
237345,movie producer
236831,thermometer
2675,frigidity
163306,bracelet
196713,win at all costs
156117,illegal drugs
204357,cardinal
9194,harem
9427,befragung
1734,cop-killer
10059,boogeyman
189447,bipolar
18185,bike
1817,orgy
33347,apartment building
33683,beijing
157185,vampire bat
155081, hipster  
209065,baskeball
9270,konzern
185525,private eye
181345,nick carter
188,buddhism
11065,funny nazi
158264,indian war
200981,buried
5329,rice
205852,mind transfer
187527,cctv
238110,santé
3686,marriage of convenience
238159,tatoo
33844,margaret thatcher
14738,yard sale
4315,courtly life
44453,mango
201269,trendy
15098,great white shark
208664,beautician
156125,swimwear
219440,bitcoin
158091,giant insect
208518,burial
11873,king kong
18058,pig mask
205643,chinese movie
209421,rabits
10575,blue collar
2212,greenhouse effect
3766,colours
170771,fratricide
198410,renaissance fair
155238,hijack
6735,locksmith
4895,flying carpet
182391,milliner
235625,capuchin monkey
33333,cabbage
215485,condominium
238465,intergalactic war
10364,mission
9970,crab
41328,whistle
1948,literature research
177406,message
46952,heavy rain
234761,acromegaly
33630,doll
8490,castingshow
190904,mi5
9408,kleeblatt
227302,portrait of an artist
189342,underground tunnel
212411,violent sex
1729,migration
199688,african american comedy
189574,evil man
206411,john cazale
8032,florence
15076,cat and mouse
228367,Το Χώμα Βάφτηκε Κόκκινο
11104,russian front
220492,war trauma
1201,austria
172376,lucky charm
227419,mass hanging
10203,karl may
8231,insider
17980,green energy
167381,house on fire
171083,ivy league
18072,preacher
196645,prank gone wrong
208634,town gossip
155317,edgar allan poe
187196,french colonialism
196956,herbal remedies
18130,psychopathy
177317,ice cream truck
188860,socio-political drama
190034,the shadow
207682,off-broadway
155650,music recording
173685,thin man
168590,tough cop
190840,vhs video
180210,saved from execution
223172,abandoned baby
1326,infidelity
225690,quest for knowledge
13043,dating
787,mississippi
156080,newspaper editor
188765,bombardier
191329,komodo dragon
8947,viertel
185359,lotay
188552,scream queen
162804,sexual awakening
4313,condom
224552,iconic
10604,fast cars
160195,freezer
172492,minimal cast
168859,hypodermic needle
9808,cult comedy
33897,twin towers
188174,produce
217405,missed opportunity
11285,reference to hitler
196896,making breakfast scene
176038,pterodactyl
233048,shoes
4759,exploration
237352,antikriegsfilm
160064,cave girls
223342,jacques prevert
170051,lip flubby
204402,free diving
184923,yoga instructor
6932,count
197222,xanax
164494,uxoricide
1671,surfboard
232281,unofficial remake
225945,roma
228408,spoilt marriage
34135,pioneer
2727,porn actor
179780,chariot
191061,awkward appearance
209234,british fleet
186466,christmas horror
232932,heimdall
168534,ankle holster
207105,space and aliens
6277,language course
33979,surprise party
3658,career
234953,occultist
13007,spoon
204134,human interest
9720,woods
18029,trapped
163700,cockfight
208282,gospel singer
160627,gambling debt
222291,ranch foreman
7325,cockroach
184430,divorced man
1489,river thames
233544,tropics
196949,cassette tape
8729,lighthouse keeper   
6285,coup d'etat
196671,wartime romance
213764,abandoned factory
180077,don juan
190252,eichmann
3240,giant cockroach
3773,kampfjet
179026,sunscreen
3904,griffon
208563,santa barbara california
33592,cityscape
156875,nobel peace prize
214621,brechtian theatre
173925,playing pool
197284,mohammed
7980,motorcycle crash
12279,family drama
161281,geologist
220453,class system
3265,trojan war
193546,siblings relations
228285,mousetrap
228406,prevarication
3725,pregnancy and birth
179022,confession of crime
210536,appalachian trail
235156,egyptian princess
9479,stau
193225,driven insane
158763,thesis
156799,vermont
235251,tourette's syndrome
167195,time magazine
179467,berkeley california
10847,boston garden
2605,lodz
234827,bushranger
3715,man
603,elves
159938,dvd
215303,slender man
3396,probation assistant 
376,neo-nazi
12551,nuclear bomb
207082,pov
237568,child mistreatment
2101,garage
169930,group vomit
210812,industrialisation
208505,cattle empire
235499,10th century
173258,salmon
238130,brothers love same woman
395,gambling
4560,mountaineer
171795,last stand
226409,crisis of conscience
3444,disgust
156623,trapeze
169213,milwaukee wisconsin
9910,jesse james
182256,outsourcing
209714,3d
155861,workout
229893,als
222955,trio
212423,dehumanization
226825,shenanigans
155627,axe in the head
156295,trophy wife
171143,streaking
170019,potato
209528,cursed
4722,yurt
210386,man on the run
233296,students
178261,angel costume
167884,comic strip
631,apnoe-diving
237740,political allegory
155247,irreverence
11441,lifting person in air
177208,basketball game
186009,tragic death
166093,hospital gown
237972,bitter cop
206005,based on interviews
214831,suffragettes
177331,net
11051,tai chi
185983,budget cutting
616,witch
5470,scalp
236524,runaway bus
193603,white feather
156062,cumming
163137,mute girl
159459,new year's eve party
41203,clique
8162,industrial society 
41407,dark ages
2566,cohabitant
163097,female athlete
162138,head explosion
33340,barbie doll
155349,clancy of the overflow
1960,mine
9995,bell
207784,rendezvous
187239,scatological humor
163075,sideshow
2448,freight train
221295,sound barrier
196243,will hay
14782,trust
176709,red light
159312,nothing
215061,fleeing
202648,fragmented
212886,ski instructor
238815,monetary reward
162917,police reporter
170710,pinball machine
235212,football
157375,bludgeoning
7360,lithuania
6590,kündigung
6914,arsenal london
163755,polish
12200,saving christmas
4104,nonviolent resistance
13151,drawing
14773,eclipse
11401,carry on
3644,south africa
168550,reproduction
10437,metaphysics
221068,french woman
154949,bike riding
206850,canuxploitation
2435,warsaw ghetto
204894,george lucas
6559,basque country 
181224,the pirate bay
220811,field hospital
155543,mad bomber
41311,bird hatching
234319,scientists
33701,river patrol
180097,henpecked husband
190761,stigma
231767,grammy
211088,street prostitution
186948,book comes to life
169875,railroad track
222020,allergy drug
54610,dove
13046,grocery
11030,pkk terror
232519,america
163526,charter boat
221208,person to person
195988,nude modeling
191051,arjuna
162271,husband
235598,bearded lady
169220,lake placid new york
203998,slovenia
209788,girl scouts
183191,promiscuous past
230915,trench warfare
4127,one-sided love
172496,health food
15145,deadline
7513,bucket
231539,shoeshine
174519,old woman murdered
181055,better life
189007,publishing house
163985,ticket booth
195333,volstead act
155498,cb radio
14893,art
235429,aging aunt
10199,gay interest
202407,unsimulated
2143,loss of parents
195729,stage play
209461,silo
193261,draw bridge
206863,waiting
1507,clock
187024,british colonialism
6060,insult
697,loss of son
4405,marine corps
159013,woman journalist
194835,connecticut tobacco
5103,subjection
10330,run for the money
7493,tresor
186425,demon hunter
680,montana
161223,census taker
181134,tv special
10159,computer animation
10311,smashing pumpkins
10600,incan
13125,sadist
208692,mountain man
171028,elevator operator
236896,serial kiler
227245,goalkeeper
2639,falcon
14678,case
222915,forcefield
33407,hanging
190142,angst
226744,ill health
207771,snowmobile
207400,haunted attractions
10486,robin
165824,shivaree
1262,mountain
191519,scientist hero
185017,cortisone
171770,rollerblades
1556,texas
207968,judiciary
1338,bachelor
2967,leonardo da vinci
159560,bumbling
166235,clown makeup
158752,schoolgirl uniform
13149,pregnancy
156151,pigeon
174157,scientist assassin
190605,asian lgbt
188326,construction worker
1854,world of fasion
157690,mall
185401,indian western
209798,mother earth
202579,retreat
41385,racial tension
6099,jewelry
211286,all child cast
18512,slow motion
159330,empty safe
8793,ctx
192129,haunt
18021,detroit
11196,rebellion
33665,unpaid bill
226602,firestorm
156856,christian vii
237405,plant based diet
47021,bullet
2941,albania
9835,sexual fantasy
13083,rape and murder
12415,back from the dead
2686,chambers of a barrister
6656,one-man show
167889,short sighted
212572,battle of myeongryang
158064,graboids
186919,class distinction
187938,eye ripped out
214499,tv studio
162557,stilts
186423,shadowhunter
237017,sex pest
160885,uss john paul jones
167930,speaking german
237341,former co-star
160061,bullfighter
220215,pop idol
12371,gunfight
233429,gangsters
174371,italian soldier
344,inquisition
180175,cerebral palsy
193282,dark secrets
2641,verlies
155331,jewel
196273,anti-nazi
171452,faculty
3488,job entrant
190151,sadistic psychopath
8130,professional soccer player
161762,apple tree
8506,remote control
232068,frenchman abroad
228329,extraterrestre
156184,tranvestite
236423,meager rations
199861,putin
5149,banishment
167576,unlikely lovers
6576,hutterer
4850,computer war
2944,senator
235382,obituary writer
8810,laos
10938,old man
188512,prison camp
175023,microscope
973,refugee camp
194203,hilton sisters
33429,big ears
220506,online hookup
161043,suicidal thoughts
3563,st. petersburg russia
193128,robert pickton
196672,gated community
220200,pastries
189419,vermin
163188,confederate
210001,robotics club
198096,miss marple
1768,san diego
227887,flatulence
204975,lost world
4225,night shift
10261,stealing
155891,trustee
2441,donut
195439,father's day
157532,bitten in the neck
1922,houseboat
11512,public sex
5986,teheran
1583,mass murder
210121,vegetables
10055,stv
207697,accountant
194799,anti-asylum
5921,step mother
3691,forbidden love
209809,posh people
165748,coastline
183887,smashing a window
209631,englishman
1329,canada
178322,talking in sleep
156938,insurance
158387,dog actor
192197,priness
10510,yoakam
10859,tribunal
10064,new york city twin towers
158129,spider queen
164736,honkytonk
154794,royal court
206569,west ham united
232514,hunters
4001,eunuch
4051,ban from profession
198362,broadway actor
157661,bodily dismemberment
11411,wager
181219,creative commons
7386,gypsy music
206671,city life
206673,psychotic villain
209212,stick figures
203761,don
237386,counterculture
191540,indianapolis 500
4944,route 66
177044,austrian
185233,non conformity
211445,youtuber
6068,influence
3015,fast food restaurant
11513,cheating husband
228804,myanmar
33719,drink
11436,redemption
176708,chisel
158900,looney tunes
209339,mining accident
6262,delusion
231846,"operation ""trudy jackson"""
222,schizophrenia
167008,brushing teeth
934,judge
209358,acab
5147,sorcery
11180,big bad wolf
166121,declaration of love
231377,deacons
155814,photojournalist
155208,nursing home
6784,quiz
41282,political intrigue 
226581,ford mustang
2236,protection money
158478,white dove
234169,cern
232770,gangsteri
171443,reference to longfellow
192134,asperger's
207837,hammer films
214643,ifc midnight
235547,defraud
260,disillusion
7118,escapee convict
11606,space western
6268,driving school
223604,robot suits
178858,hecate
4894,wonderlamp
204062,housework
186849,literary adaptation
12417,tow truck
173995,doomsday clock
226499,manhunt
197758,female sexuality
212757,ex special forces
1631,concentration camp
8101,night train
11085,castaway
155809,riding the rail
166512,graveyard
190834,watching a video
8527,exzentrik
192655,guns
156538,carpet bombing
2292,communion
178355,san francisco giants
41000,griculture
197369,california sound
172391,catholic priest
4847,historian
160071,tough love
9783,bong
197278,gundam
6374,dixie chicks
11857,mental institution
207937,forced retirement
1240,eating and drinking
3225,ying yang
223341,serge reggiani
184424,yacht and yachting
186823,backcountry
196001,educational film
220608,engine trouble
226777,knitting
155877,over the hill
4092,morning prayer
6744,world trade organisation
9803,dune
165567,woman played by man
8201,satire
187252,mexican army
6410,hallucinogen
1594,ex-boyfriend
10184,airplane hijacking
5899,opel manta
198585,female boxing
209639,sitter
394,gypsy
9744,outbreak
230963,supreme court justice
3737,dying and death
190423,pioneers
157265,moon colony
169144,peace sign
3660,art collector
219786,new ager
8438,job
157676,disfigured face
734,bullfight
9267,outfit
161999,suitcase full of money
163976,reconciliation
209911,shoemaker
191750,ninjutsu
1224,radio station
161155,kids
8944,ordensbruder
222317,imagined entrapment
207973,afi
227364,evil brother
208177,mummified bodies
11487,midnight movie
156796,cautery
1675,illustrator
185312,goalpost
6650,hang gliding
207863,engaged couple
227497,turing test
170199,stitches
214820,robot human relationship
156026,east germany
9701,controversy
194402,paratrooper
1623,casablanca
193682,married
162301,english subtitles in original
172881,mysterious telephone call
166993,african american child
33558,practice
235354,fear of clowns
15219,rooftop
184352,rape and revenge
231747,opinion poll
11103,pow
183205,secret burial
226429,shooting range
15067,talking to the camera
196999,let the punishment fit the crime
212430,eaten by animal
33780,dentist
208051,building a wall
183434,noblewoman
215659,salvation
1522,repayment
196722,trying to impress women
10308,h.p. lovecraft
181611,chest
1909,coffin
170554,aspiring nun
159325,ponzi scheme
215716,rv par
2151,drug crime
180800,mission clinic
208307,forbidden hollywood
476,self-fulfilling prophecy
193536,cyprus
4306,observation deck
220301,brian clough
1227,cemetery
15077,horror movie
234671,desguise
187357,moonrise
215983,underwear manufacturer
213896,san andreas california
162724,scout
191815,breakdown
222514,shot in a single take
207662,eternal love
202958,mechanical
195013,costume drama
6728,stadt
9537,joker
463,swinger club
197122,cover girl
237034,liquefaction
8713,lager
4884,infection
10058,sorority
223922,driving under the influence
209139,far west
14620,raft
235649,childhood friend
228558,spousal abuse
210346,wookie
3883,danger of life
192544,donuts
166477,confessional
2695,ex-lover
9457,single
212755,personal diary
238751,bad attitude
176217,world domination
197914,marriage equality
40838,lyricist
10124,laboratory
173497,dance club
156401,car wash
2374,bad mother-in-law
158072,man eaten by monster
5397,street riots
166457,ares
2071,caribbean islands
18326,fired from the job
9082,art student
168350,bus station
233931,genre of art
41185,heiress
33447,banned film
158727,washington monument
8746,republicanism
161198,skepticism
164333,crack addict
4269,war on freedom
190072,odd job
206318,cholo
220204,winery
220447,deadbeat boyfriend
18132,newcastle united
214664,beauty standards
232768,ryöstö
4100,british army
157677,superhero spoof
167213,saturday night live
157186,swashbuckler
156888,military dictator
155556,doggystyle
4620,magazine
175930,extreme closeup
10106,ballroom dancing
198244,chicago cubs
206735,misfit partners
192414,smoky mountains
40984,exhibition
159940,exorcist
10399,dogfight
174653,pre viking age
33603,pijamas
156316,troubled teen
3799,ship
155273,busty
175208,mob hit
189093,ring
11260,serial murder
5526,ping pong
194409,the holocaust
204061,blue division
33632,apartment
226472,erebus
6378,ozone layer
34031,ancient culture
6539,joseph stalin
203519,europa
12189,extreme sports
1803,drug addiction
196734,military enrollment
223451,wishing well
191748,russian scientist
160588,ceremony
200565,wellington
204699,eating with chopsticks
235626,tortuga
4096,hindu
4307,reggae
12993,suicide mission
7949,racoon
2307,princeton university
168266,double
215457,new bluray
10423,tour bus
159188,reference to annabel lee
193933,comradeship
209634,holland tunnel
167119,reference to skittles
1899,hunger
157909,larp
185368,reference to woody allen
6344,liverpool
214965,savant
191325,power company
9756,netscape
11324,u.s. canada war
14521,man change
197094,back stabbing
10704,female yakuza
13143,beautiful  woman
172695,burning
33613,madame
234803,female criminal
210429,oxygen tank
188932,long black hair
202558,soho
11523,capital punishment
6396,worm
191586,trapped in space
213097,15th century
156139,silly symphony
6732,mascot
162904,estranged couple
10325,mistaken identity
192086,rental
227843,self-actualization
231887,inland empire
191029,marrying money
3038,israeli
196470,ego consciousness
8168,fishing village
196145,sattelite
178845,daughter of the president
1816,staircase
213800,tail coat
207404,premature burial
196084,all saints day
13116,one man army
178034,ruthlessness
193430,street kid
2490,loss of eyesight
238357,witness intimidation
232903,reading a diary
221821,shopping show
158233,anaconda
6088,governance
8083,pacific
166992,grits
226931,mic stand
213102,teen spy
170726,quarter
5419,bootlegger
206666,ultimate
4393,archer
174281,baby left on doorstep
230149,wine shop
10673,domestic life
208547,nuclear device
174947,wall safe
163652,friday the thirteenth
220315,gambling addiction
2679,artist
8723,poacher
188175,truck crash
223767,civils rights
207901,political prisoner
236600,scheduled rendezvous
4933,battle for power
6401,vegetable
197885,men disguised as women
172670,negligent homicide
227409,maui
158651,realism
209073,space carrier
195997,adult filmmaking
206549,genre film
9977,part live action
155751,stolen identity
3914,kitchen
213077,lost youth
178111,community action
14794,lust
180976,bugle
215533,french polynesia
6440,hit-and-run driving 
2279,bavaria
14559,hillbilly
162827,hyde park
238229,space aliens with human henchman
1781,mallorca
236356,death of a son
12420,unsimulated sex
170325,adolescent boy
199298,teensploitation
4132,birthmark
9902,wildlife
186407,theology student
6072,ruling class
191070,crutches
2913,diary
7028,run away
1274,pessimism
154061,global
4302,troops
9227,cocktail
12662,wrongful imprisonment
193115,capodanno
181226,politcs
169309,cashier
33713,grandmaster
7946,deer
165468,governess
182412,hat shop
4355,chinese civil war
7136,technical toy
193544,save the day
156042,hypocrisy
9565,salvador dalí
192213,wanderer
5693,argentinia
171236,smoke ring
193114,natale
6451,santiago
159450,high tech
193006,big oil
182550,attica
158895,shaved head
4394,test
176221,two-headed monster
155802,american football stadium
209592,holy week
15017,danger
9741,radioactive
209216,christmas present
2914,chief
169815,exhibitionism
211636,slave labor
1918,cooking
221957,constitutional convention
220197,beer pong
167625,talking to animals
740,aids
229182,computer worm
220,berlin
155641,credit rolling down
651,candelabrum
33966,scrooge
228691,conquistador
224350,bollywood-hollywood crossover
162716,pathologist
209984,cinema novo
238151,voice over narration
189388,famous
2461,mathematical theorem
172900,electronic voice phenomena
220139,novatadas
159511,television repair
4080,weather service
159245,scorpion
490,philosophy
220529,super bowl
4513,blind date
2005,tree house
235316,failed actor
41158,stakeout
158470,strategy
234849,tiki culture
9935,travel
156486,post-punk
233330,freedom of expression
218008,gold watch
2604,babysitter
161982,murder investigation
2547,new identity
171197,bon bon
6683,autobiography
1541,nihilism
208555,evil priest
188275,euro western
196975,supernatural phenomena
9273,coney island
212776,fighting supernatural
164121,nude drawing
227944,strip show
156187,cat house
197816,confederate spy
1674,stage
10365,holland
155535,interracial sex
9859,controversial
9712,possession
229982,democratic party
162946,blackboard
6585,leipzig
220833,last hurrah
5698,egg
208578,sunshine coast
5280,ghost world
201870,invite
13117,job transfer
220885,no memory
18269,moskow
18087,attempted rape
166465,boston blackie
157958,hostel
53994,shrew
186382,cardiopulmonery resuscitation
9840,romance
163186,seance
207783,domineering wife
220210,espresso
191583,beauty pageant
233636,human becoming an animal
18447,japanese woman
157775,bonfire
170268,skipping school
33782,diver
155613,goofball
209232,yitzhak rabin
236155,rodrigo borgia
156173,eye gouging
2511,methodist church
188083,brain surgeon
233036,dirt road
211158,absent parent
5959,angkor wat
158699,nova scotia canada
204267,heart trouble
231169,child sex trafficking
155242,shogun
208321,absent minded
10697,living in car
3011,exclusion
5157,electric shock
11869,mistress
235507,poison dart
215580,patricide
184740,reference to cicero
8627,stolen money
237427,angry sermon
218005,sex slave
12419,heroic bloodshed
1453,amnesia
158297,high-tension current
12642,shattered home
220332,female domination
9656,cattle drive
9905,german occupation
915,car thief
7835,massai
232256,bland personality
8461,prügel
178641,english country side
156091,missing person
200719,window dresser
1524,surfer
169995,boy scouts leader
5800,geek
228319,language rights
34124,mother superior
18360,role playing game
234898,darkspore
215325,what if
194260,shoeshine boy
33910,high school student
191409,captain nemo
175522,electrical torture
10521,fatal accident
159451,subway station
196249,joe meek
2452,crematorium
156167,skeptic
9023,winzer
215678,partially lost film
209091,big sur
156182,ducati
176806,cape town south africa
6520,armenia
7904,paraguay
160528,chinese restaurant
222931,santa maria school massacre
9817,behind the scenes
180498,post war japan
1313,mental disease
5647,natural history
3687,graduation
4809,tiger
180249,gunrunner
11695,automobile
236316,anarchic comedy
18187,family reunion
169606,dancing corpse
208443,zumaia
195999,sexologist
181320,stock fraud
214655,absurdism
2362,chaos theory
4813,last chance
163207,cell
3520,zeppelin
213448,vietnamese refugees
154900,noisy neighbor
228214,pātea
210845,city editor
204207,sexual relationship
1378,laserpointer
1789,boomerang
173776,iron man
157022,darwin
176793,middle age
195623,christmas time
2471,monarchy
11933,conflict
191415,special feature
190187,eminem
194792,image maker
169962,search party
4500,step parents
161236,golf war
216966,santa monica california
230707,desire for fame
4270,galaxy
41595,oceanic expedition
237845,self parody
173368,padlock
182282,baking
238250,aversion to mirrors
232505,wellness center
201536,shipboard
3054,capitulation
10212,south-of-the-border
207161,panzehir
232083,bleeding from eyes
189609,sheepdog
167064,snowbound
155251,novelist
218130,cyber terrorist
181958,starving
163412,fitness
4060,time frame
4575,comb
893,irony
220392,alien parasites
169517,roach
168723,latin america
197316,child given up for adoption
175956,lesion
3207,concentration camp prisoner
295,library
5707,childhood trauma
193705,graft
186243,laguna beach california
225089,moral
189395,childish behavior
185818,security guard killed
174389,allied forces
34258,ex-marine
196478,cybersex
181518,cheating fiancée
14534,relationship
206304,mfs
166869,return from dead
3847,coaction
159862,british history
223260,electrodes
40917,in-laws
238183,bank loan
229773,boston marathon
232664,reason for living
205304,german politics
170539,truth or dare
237234,drill sergeant
157155,explorer
4551,swamp
209144,seizure
159315,mental health
236950,clues
237548,competing businesses
236337,big hair
1613,terraforming
18034,desert
1353,underground
158199,aunt nephew relationship
189274,hotel fight
159803,killing a dog
180532,ward
2384,modernity
5560,nose
158027,tide
5720,dallas
225038,first amendment rights violation
5252,misery
208187,rutherford hayes
217097,complicated germans
160865,jds myoko
639,record collection
235132,film on art and artist
208916,movies
163834,rolling eyes
163068,solar storm
2875,sense of life
179050,cleaning obsession
235193,biopic
1668,hawaii
235648,prisoners
181237,image processing
163925,industrial accident
3271,secret organization
15284,cartoon cat
208591,abortion
158615,cattle ranch
10285,base jumping
236294,"lancaster, pa"
197935,charlatan
186189,hidden identity
209035,loss of sanity
7116,st. pauli
213756,another world
190832,council estate
222966,expenses
165601,self identity
209001,the factory
172232,seminary
5253,desolateness
34215,lesbian interest
160058,moonshine
5047,maneuver
178954,bob marley
161994,stealing a car
229591,who are the crazy ones?
230851,christmas songs
223344,archeologist
7866,old shatterhand
229290,inscribed cross
3020,sheep
4353,oath
184167,polio
235634,covert missions
5802,mtv
11826,cottage
172320,river of slime
6217,coercion
236924,frankfurt
184355,implied rape
158291,tent camp
207405,poverty row film
10609,free running
237971,double killing
235974,taking resposibility
214633,living with parents
227352,ayutthaya
2355,american dream
167234,vietnamese
186379,musclemen
3999,reeducation camp
148540,married woman
212573,japanese invasion of korea
4814,banquet
2277,penalty shot
41607,recipe
172596,puffer fish
10172,thai
213742,nihilist
14909,alien invasion
11697,the beatles
231123,greek american
172517,yugo
11372,lemonade
200753,play within film
161265,reptilian
15113,adult lives at home
212606,witness elimination
156767,nuclear threat
11237,rotoscoping
234945,synthetic drug
198507,tibetan
156802,cornfield
2856,ten commandments
205739,invisible barrier
11733,drug dealing
2178,fab four
41354,dialogue driven
6234,roller-skating
234946,human brain
208048,cannibalism
220425,armed response
197307,teenage prostitution
33981,falling down stairs
180404,plagiarized book
10864,human sacrifice
155750,fakes death
204359,usurper
6990,inessa armand
155758,liquor store
160201,union soldier
188561,deformed man
165347,swearing
237472,millinery shop
180702,expecting twins
10904,telephone call
207712,brick
5565,biography
158394,foster home
210547,kite
204241,burgundy
14778,urination
3366,u.s. air force
182136,tree cutting
6780,medical examiner
190073,new apartment
196993,real estate deal
199320,computer scientist
12390,boarding house
223140,boog
203139,estafa
156331,lgbt athlete
9887,surrealism
156158,racial slur
207506,trash
193294,enigmatic
187710,escapade
226037,dead bird
171587,stepford wife
233033,ribald humor
15396,cardsharp
156817,first aid
229239,maoism
180398,cheating at cards
165255,baron love
184562,blind woman murdered
238597,electrical experiment
229488,american exceptionalism
176625,taekwondo
3456,sex therapy
5305,gambling debts
207722,foreign immigrants
179522,safe box
220848,heaven and hell
2065,province
238819,episcopal priest
191279,race cars
323,raf
197359,cave woman
234458,pact
155707,musical number
8353,ewige jugend
164829,cousin cousin relationship
213291,shakespearan
228384,female scientist
180191,tod
193191,incredibile
10228,aspiring singer
168598,southern accent
9304,muse
208941,johnny worricker
156298,richard pryor
206042,based on bible
156388,environmentalism
8782,pedophile priest
204071,prince albert
739,sexual abuse
8803,serum
10309,sanity
2187,riot
11423,kamikaze
162126,corporatism
172643,funeral parlor
219386,underwater cave
11406,tuva
237086,bilingual
179531,driving cap
187677,medical school
1719,paleontology
163132,photographic memory
13132,pistol
224279,bittersweet
156092,fat suit
2380,audio tape
14698,throat slitting
3879,suspect
2697,mexican province
197079,faded trends
9698,envelope
184952,land developer
180197,cardiomyopathy
209817,political thriller
187319,wagon
9716,stand-up comedy
15215,waffle
178867,lone ranger
174960,vanity
170083,backfire
4553,black humor
236,suicide
237301,houseguest
1765,brontosaurus
978,broken engagement
232712,inebriated
211485,mir space station
171626,post college
33759,fish tank
215693,the sea
6712,death of a child
189987,neglectful mother
5641,limousine
185876,interrupted wedding
14984,cardiologist
236224,punched in the gut
192248,white slavery
155460,defection
157470,meat cleaver
191476,driven mad
224963,sheltered
18109,knife fight
1908,katana
183978,cheyenne
1521,time warp
191267,child play
197928,laurel and hardy
168812,bisexual man
10674,film grammar
6847,malaysia
6397,calamity
849,dc comics
33573,banana
208530,bad guy
157701,psychotic
220657,war child
193551,vigilantism
210108,perth
207539,funk
188768,stealing food
10855,fate
208647,activist
173194,orange soda
171439,bribe
208179,environmental issue
174814,ladybug
12547,billionaire
4552,beer
169895,normandy beach
8574,auto-tuning
171848,marital separation
2421,social control
188924,outlaw gang
188649,big band
204353,identical twin
14809,dead mother
10965,playwright
11668,forensic psychiatrist
9156,d-day
207069,behavior
157293,Åsa-nisse
189417,nude woman
180314,diamond necklace
195621,rust belt
157782,mattress
1482,trainer
237024,kyrgyzstan
1982,old people's nurse
3510,kenia
232665,euthanized
15085,splatter
18471,false accusation of murder
232106,street child
5165,champagne
2902,space battle
186916,martial difficulties
180667,police standoff
202968,eurospy
229522,losing virginity
200695,vaudevillian
230079,tom mix
177259,realtor
220465,tv short
157937,pong
159089,ejector seat
165168,opening night
160517,fake documentary
211141,columbia broadcasting system (cbs)
180443,cure
2182,bars and restaurants
220235,remote village
226776,culture shock
160159,frame up
40854,airport security
234551,film in a film
210592,secret military program
159946,student visa
194300,dirty war
185006,fuel depot
10283,tinnitus
3478,parrot
169936,water slide
234886,secret location
237925,co-signer
209943,teenage son
216079,truck stop
165136,wolf whistle
15097,shark
184507,baby nursery
209672,jewel robbery
236837,gypsy camp
185467,antibes
159314,scientology
159600,exploding truck
3635,national security agency (nsa)
167617,endangered species
186692,dr. fu manchu
236633,borstal
177271,government scientist
422,vietnam veteran
208856,flame thrower
4709,hand grenade
10536,rocket crash
233666,wolf hunt
223609,dysfunctional life
3587,media tycoon
190954,peak oil
157893,stairs
209047,raunchy
1490,cleaning lady
207159,escaped killer
184422,neglected wife
157241,criminal investigation
14765,church
186695,last day on job
205846,indecent talk
10241,caretaker
187657,parachutist
4918,shadowing
163991,scene
2061,mortification
33774,blood type
1572,bestechung
232380,death of parents
15290,pursuit
10395,piracy
9838,nymphomaniac
161979,surrogate father
160367,lifting female in air
33532,polluted river
208396,cuban refugees
181971,baby killer
164255,rising star
206704,confined
168895,pet food
15025,parenting
181324,existentialism
176516,slot machine
227771,altering history
158780,u.s. marine corps
169302,illegal drug
224540,white supremacist
6086,government
170032,boy soprano
220787,reinterpretation
4671,bad luck
177465,attempted jailbreak
159772,pretending to be rich
231644,existential loneliness
8737,bogotá
4655,hijacking of train
4173,music lover
15256,cyberspace
15071,centenarian
214713,flea circus
234797,diamonds
178448,shoe store
4781,miner
226458,sex therapist
9675,prequel
221187,ingmar bergman
238162,two word title
167882,professional sports
34221,gender roles
41379,argument
188692,radio announcer
187019,robot cop
12401,big city
7149,machismo
228984,wanderings
198923,saints
178926,postponed wedding
220084,grayscale
206798,sci-fi fan
234350,skits
11191,sexual joke
2706,milan
10481,tension
223387,disinheritance
210455,small community
214817,ceiling
6231,half-brother
178097,migrant worker
156093,steven king
172522,audience participation
196064,life coach
235674,nomadic band
235299,mysterious deaths
185868,q*bert
196900,pink cadillac
186747,dance company
172140,philo vance
201725,strong
209642,smithsonian
6461,coburg
207895,topper
215217,armless woman
8778,atheist
5879,anarchist
185796,gps
8580,neue frau
158350,boat trouble
41337,freeze
220260,eldridge cleaver
9593,judas
223540,singularity
14898,spitting blood
2777,accordion
10075,boot camp
172463,cabana
155236,auto accident
9562,nervenklinik
1333,desperation
1956,world war ii
177973,chance meeting
207972,lonely man
213557,scarf
12611,emerald tablet
190968,belle starr
186210,chalk.
4359,punch
15149,monkey
158145,flaming arrow
237401,monster vs monster
188519,water torture
236401,mathematical equation
2310,procession
194891,dr suess
205771,animal spirit
185403,eurowestern
214647,power play
181087,american in the uk
230960,unfaithful wife
227040,eighteen wheeler
11579,impalement
180762,explosions
209026,hero trio
221220,cockneys
169829,suburban chicago
11627,paranormal phenomena
232564,deep web
47024,pin
208491,bikies
180259,reconstruction
155440,hitchcockian
33456,double cross
197377,broadway actress
9362,sensei
2565,bath tub
188277,power struggle
157935,apple computer
3287,aston martin
236486,stage show performer
165533,craps
4197,bite
188653,cartoon goat
6680,glory
217986,traditional animation
191089,family guy
1526,home
209366,graduation speech
208693,unity
977,cat
168595,bowie knife
206647,female archeologist
155301,rough sex
237007,declutter
11059,bear trap
11108,american flag
211057,trippy
3848,support
235266,horror novel
3868,face transplant
163005,adrift
235213,dream house
233432,male nurse
13008,train
269,diving
175001,learning to drive
157675,rabid anger
3762,darkness
161352,ilse koch
212415,funnel
188284,gun smuggling
199582,misleading information
3236,phasing
168477,unmarried couple
232499,female general
197710,mind bender
167065,counterfeiting
177218,basketball court
11204,literary agent
197387,north america
158225,terrier
191728,helena blavatsky
175676,toothbrush
209334,newspaper columnist
219872,idle rich
220902,engineered organisms
196325,andrew johnson
234197,adultress
208260,commandant
41642,town in panic
177129,knights of the round table
179966,headphones
10452,credit card
13098,moral courage
223183,bike messenger
190967,electric shock therapy
15286,new kid
156797,importer
234116,holy communion
188621,usher
6007,media
226325,dysfunctional relationship
6634,wheelchair user   
157632,fraternity
167506,burnout
7102,paternalism
161914,dark heroine
228693,brave cop
183493,snowboard
220426,personal crisis
169540,driving through a wall
7868,pen pals
210214,sasquatch
3282,gondola
166586,police precinct
2390,migraine
1421,birthday
554,manager
184161,iron lung
237222,raised like own child
179823,class conflict
194311,mexican island
199029,dealer
10534,pumpkins
232997,dreamlike
160478,commodities
195927,galgenhumor
222300,vtol
208192,houdini
171603,s.a.t.
235495,futuristic vehicle
10024,psychopathic killer
168867,grocery store
4769,supernatural powers
187798,facial bruise
208473,expert
181145,woman lawyer
3966,camelot
205631,eviction notice
4441,nuremberg
17985,birth
917,journalism
235526,cannibal cult
158292,eugenics
158777,philippine army
238750,secret arrangement
229520,new brunswick
200790,horseracing
194553,george armstrong custer
8379,deformation
188285,ransom note
224914,international space station
179286,käfer
184117,insane clown posse
159363,cameo appearance
155343,brumby
210432,taken
10625,dying of thirst
222788,dave robicheaux
172927,near miss
234613,featurette
237945,cohabitation
3154,indian summer 
189228,ghidora
227102,sugar daddy
186792,barroom brawl
5597,war on terror
156234,cavalry
161102,camp counselor
236941,past prime
4717,camel
277,cassandra syndrom
236836,wolf's bane
197748,media frenzy
6737,frankenstein
220438,masala
2181,springfield
5127,alexander the great
8290,talent show
6083,politician
225012,satirical
192214,online
218048,movie fan
208504,confidant
11504,black white relations
235170,sœur
209305,german agent
18013,separation
220198,culinary arts
190089,faith tested
156561,terramar
1497,fly fishing
7637,lake constance
221272,arachnophobia
2799,cruise
204303,pupil
9797,syracuse university
156120,train robbery
13096,reality vs fiction
211596,cheating at exam
179991,movie serial
8034,in flagranti
207412,balkan
204171,kanarieöarna
219840,停車
1751,social work
164613,superstar
6084,political party
40879,drunk
188054,giant crocodile
188460,tortoise
160798,modern-day western
155844,sam spade
3684,religion and supernatural
155720,rollerskating
194254,ovarian cancer
172699,psychotic epileptic disorder
215443,armenian
235847,psychological terror
13028,writer
3540,bratislava
189558,christopher columbus
226128,filmes focados em um professor
235350,iron maiden
177997,seven years war
231061,train trip
221756,radio plays
9754,profanity
33594,falling elevator
236252,ex spouses
1826,space marine
10640,verdict
207820,thatcherism
12408,head of state
5468,monotony
156775,dyje
155231,reference to william shakespeare
232430,comic book industry
159532,missing painting
34255,darfur
3645,madagascar
14540,death by accident
216936,circumcision ritual
6038,marriage
3088,bodyguard
233042,easter egg hunt
5914,writer's block
10137,highlander
222965,wrapped in a towel
10624,bully
3494,admiration
190065,camping trailer
227614,sky on fire
193522,rollerskating rink
212820,soldier's wife
199399,infiltrate
161205,creationism
194226,masculinity
163810,faked death
212433,rape of a child
33841,incest
14743,pianist
161552,little brother
166990,shack
6139,innocence
5471,pakistani
7403,takeover
163756,dependency
33345,jackie kennedy
237606,social snub
155715,police dog
1882,mistral
225172,manhood
208756,changing history
4580,van
192230,philosopher
217998,ironing money
2720,woodcutter
11772,cage fighting
229411,french polar
229272,theatrical troupe
220449,locked in a room
194236,sorority house
1228,1970s
18314,internet porn
2778,florist
175329,v.a. hospital
207849,brigade
158553,pyre
213853,loss of penis
2551,pet
6514,health care
227043,railroad crossing
192348,film geek
155816,ex-wife
213873,dog cat friendship
222187,st. petersburgh florida
159339,safecracker
171461,school nurse
194161,tasmania
9853,paranormal
14660,bird attack
9007,ukrainian
180500,straight
164753,moulin rouge
9302,exzess
14673,disease
227007,bigfoot hunter
12445,bill clinton
214560,cam girl
8329,dandy
171400,fraternity house
15073,blue
2392,koran
9994,crown
167519,laziness
203344,petrol exploitation
165252,master of ceremonies
176182,psycho
6319,cosmetics and hygiene
187302,roman mythology
205326,western front
168346,"manhattan, new york city"
209426,bell ringer
4408,command
193319,broken family
11488,pot smoking
1245,illinois
14531,play
212425,trapped in a house
5958,finger
204166,dvd extra
1825,countdown
167700,steward
9052,major
198015,experimental surgery
190553,religious intolerance
1690,belgium
194292,internet culture
228633,snipers
198423,moral dilemma
226257,investment banker
53995,archery
190101,new student
11853,cane
4034,class society
209053,rosh hashanah
228776,cursed object
179071,pregnancy test
156851,psychiatric ward
33587,child labor
11079,non fiction
2780,plumbing supplier
210081,woman undressing a man
191112,gunrunners
12090,cross dressing
208821,mumie
207941,17th century
176253,oil rig 
227609,blood clot in brain
207313,ray of light
238179,skab under tv
197526,enviroment
188993,true love
214754,platos retreat
2334,nightclub
229796,message in a bottle
206210,josip broz tito
10623,jock
33607,tragic end
2655,group therapy
154846,farmer
172143,evangelism
222842,squire
164615,washed up star
3874,twist
209129,textile company
11596,mark twain
8029,drama
234212,childhood sweethearts
6253,ignorance
154855,wedding anniversary
220372,worlds collide
181242,mongol
1531,mountain lake
158607,horse riding accident
213224,witch doctor
164321,rapping
180557,short term memory loss
235732,swedish family
190140,blacklist
2818,vernissage
15484,meth lab
166766,digital video
164882,bebop
206230,eutanasia
34118,retrospective
235515,feed the poor
155866,tetris
223588,pilots
231490,uncharted
186796,town tamer
33625,illegal prostitution
215355,fukushima
225230,smothered with a pillow
193335,mankell
195384,nigerian community
7023,riesen-ipod
837,show business
9021,glaskugel
14686,head bashed in
172136,space monster
157131,light bulb
209072,sputnik
208185,tween girl
3074,insurgence
4097,independence
198232,위험한 소문
238228,late wife
193924,adulteress
229014,laboratory accident
185135,filicide
163780,tennis ball
177228,sylvester the cat
172399,thinness
228978,human animal hybid
2987,gang war
4290,toy
221754,nubile woman
168683,storm at sea
2056,kurort
5653,vulgar
1357,fish
11289,woman reporter
161275,hugh hefner
156236,jewel thief
11262,statutory rape
175821,gymnast
155483,bee gees
188305,change of plan
234552,talking meat
190326,twilight zone
226089,sorcière
41308,syringe
156153,ice cream
172853,playing ball
2802,mountain village
228925,arrow in chest
193490,loop
2654,methadone programme
716,vatican
224564,orlando florida
176666,film camera
4942,victim of murder
156836,space race
18002,hard rock
204126,secret entrance
176661,death of pet
208052,gangster grip
155841,gambler
158512,kashmir conflict
188855,pudding
172649,boy in peril
161551,swimming club
185508,vimeo
157790,ring of fire
222174,girl next door
7097,torture by the police
33461,diamond
5632,new year's day
190530,naive children
3591,settler
232898,bad movies
190655,cottaging
167921,trainee
170624,wrong number
5083,hysteria
161228,sitting bull
169378,evil plot
8666,preisgeld
10874,thrash metal
233981,formula one
238598,electical experiment
41388,portrait
10537,escaped patient
3190,menage a trois
177438,heist gone wrong
1432,nasa
174954,aerial shot
8900,rocker
9686,warp engine
172291,grieving
205965,apparitions of mary
2884,asylum
14687,extreme violence
156319,television program
168469,reference to bob dylan
165397,malaria
6420,border crossing
3090,loser
208448,davy crockett
155107,land of the sky
4056,custody battle
9815,psychic power
222282,protagonist as punching bag
171961,world championship
13042,soccer
33728,force
228164,torture victim
234633,matron
18070,religious fundamentalist
34023,fbi director
181011,oil platform
173845,exploding bus
8631,slacker
212882,detainee
5694,elvis
4751,stay permit
160530,hidden character
173957,post it
161194,estranged father
179854,swami
173125,shadow
235693,accidental outlaws
195402,film noir
222133,shot in the heart
41368,former best friend
14522,co-worker
1625,emigration
199134,feynmann
221091,pat garrett
4110,bombay india
2106,cold war
214652,marital tensions
33386,old flame
234755,vicious killings
156386,bible quote
178861,window cleaner
192153,conjoined twins
234906,murder spree
207760,illegal border crossing
159869,eye patch
194884,psychos
158101,alzheimer's disease
11264,border guard
160184,super strength
196631,teasing
228935,valak
5350,eagle
6318,control
230910,ark
328,insulin
156810,science
44042,treachery
200201,snowplow
197675,economic problems
235275,newspaper seller
169656,heimlich maneuver
172226,blood on head
206328,iphone
4481,deceived wife
3170,cigarette
190883,horse trainer
9346,oberhausen
206441,pro wrestling
224233,boogie woogie
1994,wolf
169534,radio call in show
155539,sicilian
201906,belly
184958,trader
181620,tracking device
1788,chinatown
3930,bravery
236904,homofobia
216919,boys
215165,runaway bride
9777,escape from prison
200349,immigrant family
183818,make up
161215,marquis de sade
221255,stegosaurus
193154,uranium
3223,machine town
228501,other woman
179574,race car driver
1741,blindness and impaired vision
588,rome
4411,sexism
226196,horatio nelson
164496,mother figure
8613,malibu
221605,skylight
18078,child killer
217367,tavern fight
161750,dollhouse
166467,surrealist
2801,self-defense
163347,egyptology
210634,russian cinema
157201,women fight
444,taxi
200265,invasion of earth
7264,gendarmerie
214548,1930s
8767,kreatur
198419,marquis
202041,steal
7864,pleite
195526,supergirl
169993,meet cute
171343,coke
4926,chess champion
220704,cave dwellers
165458,police arrest
7433,real ira
219990,ghouls
184187,tel aviv israel
4834,etiquette
192394,broken heart
215522,british columbia
238856,petanque
175949,catholic guilt
33666,windshield
162300,government cover-up
212419,vile
158172,tooth
209205,post war life
155451,brit noir
7344,porno star
209674,moody
186103,handicap sex
2635,overdose
8312,fest
772,handcuffs
207876,1920s
179852,"newcastle, england"
1439,flat
172712,nome alaska
180996,counterfeit money
157333,vote
9310,latina
14775,corps
234538,molotov cocktail
172683,archdiocese
209119,horse trader
201243,rules
199971,swamps
155795,art dealer
12552,alice in wonderland
7357,potsdam
18932,origin of hero
208662,kangaroo
1621,robber
224582,lekarz
4042,underclass
169911,sentimental
167043,road movie
216896,pre-credit sequence
14665,barbarian
189208,ecuador
210469,charlie brown
177762,schoolmarm
41331,jock strap
220144,palo alto
202335,alchemist
209506,college freshman
157667,warlock
237235,new recruit
1884,breakfast
47079,dock
162636,venus the planet
237465,love quadrangle
50244,making of
175974,panorama
172446,parallel story
155745,anchorman
193217,body modification
162843,state fair
180990,herd
237447,manipulated woman
189140,based on opera
208467,dinner date
15394,hatchet
233167,lovecraftian
2069,bathing
234940,olympics
213299,gallipoli campaign
3455,just married
14644,star wars spoof scene
41364,pacifist
208125,alimony
204425,death metal
14914,swinging
207107,golden years
3400,eel
10337,cheat on husband
2637,bishop
3735,boat accident
11363,arson
8829,turnier
155744,newspaper man
229724,biollante
11460,baseball card
965,age difference
139,anti terror
156028,broadway
5774,forest
186805,peseta
237000,three on a match
2560,paparazzi
10688,breast
11875,detention camp
183603,face
41585,travelling circus
166527,western hero
7404,uganda
174666,hayloft
235253,Расследование
211151,poor family
175447,foundry
237182,simple pleasures
224701,italian comedy
207447,librarian
207112,murderous pair
155555,computer hacker
226191,midshipmen
233278,vesuvius
222811,win girl back
161505,wheelbarrow
5372,host family
207948,cross country running
175387,communicating with the dead
234668,london
7714,step brother
2646,bird
4958,injection
1348,animateur
12639,brutal death
191104,loss of fortune
34115,transsexual
6275,school party
181651,lieutenant general
167068,twinkie
192514,beach party
6894,aunt
41351,will
171235,pot head
171831,running away
238193,outlaw couple
226106,mind games
196895,eating out
212725,nymphette
161818,dead parrot
231632,outhouse
1649,provence
41476,south australia
201067,ervig goffman
154815,environmentalist
155618,dust
9676,anti matter
170560,jewish girl
234739,learning to listen
2365,crete
4862,alien life-form
14889,cultural
5248,female friendship
4412,grandfather
207765,wife beater
6154,hell
236322,dynamation
6941,tsunami
204375,hong kong movie
169343,evil queen
155143,sea level
212781,fur stole
197397,picnic baskets
233061,camp classic
6085,election campaign
221913,multiple felonies
156650,machine gun
165301,opposites attract
201885,pressure
175910,kite flying
180228,pony express
9215,black
6101,engine
193410,queer cinema
195669,ecchi
1517,classroom
1242,war against terror
190940,nancy drew
193708,secret marriage
159088,giant moth
161516,valor
193607,shipboard romance
161158,scat
12374,neocons
172274,moving in
232173,celtic cross
158276,metamorphosis
236240,red brigade
233481,misdiagnosis
3419,fanatic
192471,orchestra conductor
208293,wood
15249,tragic event
235601,human skeleton
33528,clearwater
33518,district attorney
4698,stamp
174638,siberia
173912,fire repellent
952,lightning
213876,train tracks
210541,apathy
178210,marital problem
181135,gauntlet
156330,boxing trainer
209229,telephone marketing
197940,stray dog
9786,burned alive
191313,klansmen
181304,fly the insect
18009,iran
233047,smoking weed
1615,simulator
5976,multiculturalism
193547,teachers and students
220431,post modernism
172514,homage
191410,ventriloquism
158729,ghoul
157681,strong man
167701,catharsis
170293,montmartre paris
6954,swing
178090,contempt
201070,gender ideals
191485,coastal village
156084,bricklayer
10720,t-horror
1773,socialism
11053,punk rock
6441,dead sea
164730,still
233689,self image
211559,chimney sweep
226164,espionaje
185317,castle on fire
155655,tom and jerry
179104,fixie
161662,urban development
225285,british cinema
209799,whistleblower
162521,flesh eating
7140,devoutness
175091,flying man
40894,mysterious island
196137,british crime
9524,navajo
2610,period of promoterism
232771,vankila
166252,tripping
3441,sentence
173687,music hall
4618,step daughter
11737,payphone
227023,old couple
10900,rasputin
110,venice
196782,serial murders
194595,mccarthyism
15171,earring
206160,irish immigrant
193707,nouveau riche
6026,film and cinema
186526,toy dog
237122,ultraviolet light
18104,samurai era
2501,death row
209791,back stage
10427,sexual humiliation
221828,stage production
194687,gunboat
169826,home alone
3468,jet ski
158584,tv news
218010,mold
168482,reference to huckleberry finn
174243,child empowerment
15188,martha's vineyard
161231,hideout
165763,singing photograph
205602,thai drama
4021,business woman
194825,doomsday device
155538,sicilian mafia
2433,jew persecution
3281,zagreb
6259,psychopath
11325,shot to death
154781,traffic policeman
11152,life insurance
156824,metronome
162137,former employee
193345,prizefighter
188664,betting parlor
193515,american football hero
157367,chained
14587,armadillo
11123,piano wire
18236,fasting
1322,money delivery
1683,gadget
161824,intentional mistranslation
211205,tangerine
5518,haiti
190177,stoker
2658,new zealand
226594,investigative reporter
11925,domestic violence
196955,healthy food
3905,owl
230358,abilene kansas
231238,lower austria
33720,guilt
4413,grandchildren
9833,lesbian relationship
210326,chernobyl
174548,older husband
223422,cattle mutilation
160999,army national guard
153958,multiple assassinations
10963,theatrical producer
41411,vengeful ghost
156022,nypd
167822,gibberish
203258,underpass
189585,iguana
167221,bruges belgium
192742,vehicles
199388,cinematography
178452,overachiever
214538,sky scraper
201065,western society
235856,father daughter incest
4811,emergency landing
188467,english country dance
217887,truck chase
219781,fraternal twins
33857,female prime minister
3339,chariot race
185332,long distance relationship
195463,canteen
190760,mountie
167724,jumping from a rooftop
185379,computer class
193402,jean-claude vandamme
193575,b horror
173388,dad
5936,yellow fever
2486,fantasy
228545,french police
9288,triade
387,california
5274,iron
10798,duct tape
184185,german jew
201858,struggling
170212,criminal gang
4358,shenanigan
11703,russian orthodox church
18000,rock group
180507,medic
11665,handheld camera
47017,jazz singer
157743,plainfield wisconsin
180706,open air cinema
173015,unsent letter
185974,substance abuse
159370,salt lake city utah
225317,lenny bruce
4501,masseuse
3968,round table
206750,transgression
188736,snare
214527,cartographer
182207,kennel
156290,meat pie
236454,same sex attraction
6293,telescope
206865,latvia
208264,emotional blackmail
3865,employment agency
190696,typhoon
215603,nsk
171665,athletic scholarship
236323,charles h schneer
188474,cosmetics
15211,sunglasses
223162,accidental love
164315,boom box
162729,van helsing
212642,abusive father
238224,yellow paint
8232,west virginia
206166,anime style
173504,lgbt history
177216,referee
3101,stutter
4544,fear of flying
199065,physics professor
195923,künstlerin
198780,obedience
4108,protest
3279,orient express
215478,war documentary
236254,first wife
195200,ceia
4125,provocation
191316,military unit
1660,suppressed past
162031,military uniform
171263,white male pretending to be black
157232,airborne car
2857,elephant
963,loss of brother
175401,sleeping in a car
160327,nonconformism
161556,ystad
190102,mysterious girl
160334,hate group
157754,knife through the neck
233771,restaurants
189965,nativity scene
195396,archaeological expedition
208008,shootout at a train station
339,submarine
2573,metal detector
187332,horse and wagon
169152,twenty something
5399,challenge
155718,intoxication
2439,coffee
155936,recovering drug addict
6432,rent
190852,sponge
6183,laundromat
3959,coconut
175357,neurotic
10478,disembodied head
171563,deserted by husband
206051,goats
4514,bomb alarm
172998,remake of japanese film
165577,interracial love
194583,harlan county war
188337,logging
184226,crowbar
166466,heathrow airport
212887,peep hole
2999,recruit
209979,isle of man
211255,sung inner thoughts
210501,tragicomedy
2487,naivety
225116,自然界大事件
232165,séance
8030,pirate radio
157384,news reporter
1449,underworld
234417,newlyweds
34139,railroad
155642,road map
2052,traitor
6212,smuggling
187198,talmud
217452,buddy film
170602,low men
6935,erection
163079,revisionist history
6333,wizardry
159028,cult leader
6223,change
166862,severed hand
166104,humanitarian
156040,hypnotist
33455,chick flick
208477,narcissistic personality disorder
14618,british spy
175301,underage girlfriend
164889,eiffel tower paris
1806,deserter
4392,cage
192279,american history
172808,paranormal activity
202429,fired
201270,shallow
4939,alien phenomenons
169621,vampire sex
10079,hazing
182657,family gathering
234155,lepers
179594,reference to alice in wonderland
167444,top secret
12097,allergy
33582,migrant farmworker
1574,rat pack
163092,guatemala
10835,problem child
6232,monument
209949,the elite
769,falsely accused
220450,drug trial
6412,rhythm and blues
4126,fascination
220295,date from hell
193223,film critic
7184,gold bar
3029,telecontrol
1939,hamster
185451,woman shaves a man
235568,opening act
216676,absent father
33872,animal in cast credits
11446,pulp fiction
231554,80's style
41177,weapon of mass destruction
192392,poetess
155512,saloon owner
155232,drunk driving
213921,perpetual winter
1419,gun
41393,new england
6027,music
166917,daisy duck
10895,lyme disease
34038,intrigue
10334,soro
13140,niece
3758,appearance
2879,aggression
176352,orchard
180313,hiccups
2058,film setting
192656,influenza
445,pornography
5856,nelson mandela
162772,kali
188112,bullet proof vest
11590,italian american
197320,pyramid scheme
186831,stolen gold
3836,success
14714,summer vacation
234456,baby geniuses
175075,sucked into jet engine
155801,mountain climber
158192,barbershop
206710,dangerous animal
156189,origami
3820,barrage
169151,cupcake
10906,retail trade
8070,stag night
5138,gas
228491,suicidal mission
174445,ageism
209240,shooting gallery
194708,camelia
4395,burning house
41132,hockey game
1529,buddhist monk
18006,birding
166989,submerged
183414,prehistoric times
195026,spiders
186753,jidai geki
192083,yurei
3903,bar mitvah
217451,turkish movie
49957,reference to richard nixon
203061,offender
162687,theremin
202314,robot fighting
33536, hudson
12196,clip show
211635,silver bullet
233257,apache tribe
237006,simplicity
155353,fozzie bear
4572,organ
190144,odd hobby
186355,riot police
231135,madre teresa
10039,racing
167837,sail
9054,hanging rock
11539,grass
5455,time machine
211712,evil genius
167366,reference to chelsea clinton
7171,count of monte christo
232457,tv series
197747,american diplomat
233170,bird migration
158938,baltimore maryland
158718,lgbt
232461,west berlin west germany
21747,poland
178982,companion
733,dancer
209347,furlough
207800,waiting room
11011,morality
15206,woman fights man
2707,korfu
233171,fru
209267,fox fairy
192285,run down house
11593,racist remark
4525,incognito
223254,black entertainers
167040,airplane trip
232591,man turned into woman
6782,addiction
11122,german officer
223067,crime solving
9789,misfit
6904,spur
168405,fast draw
215191,strange
14554,alias
178148,killer scarecrow
191295,barbary coast
173848,board of directors
222108,rubber mask
10663,train crash
5810,pact with the devil
2663,lack of prospects
222307,pastry shop
3286,fort knox
146946,death in family
191509,news
156032,gascon
4630,chaos
11131,biohazard
186621,gay adoption
2975,opus dei
198335,docu fiction
221204,accidental killing
229973,eqgyptian
182410,haute couture
7936,fidel castro
41596,denial
206207,animal welfare
11485,drug humor
192764,cave in
1461,compass
54324,patriot
211277,car factory
215121,county clare
169136,military hardship discharge
14667,poseidon
169362,pendant
398,slang
161829,cult movie cast
155699,false teeth
18031,rescue team
156196,street life
229655,musical siblings
40841,monsanto
3927,rage and hate
187614,small town girl
226550,accounting fraud
158317,rabbit hole
173914,iodine
231151,chestnut
178329,best friends in love
165139,animated credits
2887,manipulation
166585,massacre survivor
5276,wild boar
9539,nva
193766,cyclone
2029,iowa
4953,ocean liner
210731,videoclips
161249,military police
221934,orion
190830,bullied
205853,quantum computer
187537,needlepoint
5893,mama's boy
190434,assassination of president
3065,minister
200574,motel room
196742,small time thugs
157514,famous theme
175011,frost on a window
191143,loch ness monster
7663,petty bourgeois
3998,palace
10616,urban
223089,giant crab
33633,fantastic world
179068,rudeness
159812,gag
4128,nymphe
7665,girls' boarding school
202550,substance
179103,fixed
8860,imperial court
195371,desert wind
173629,perestrojka
14753,scot
185424,pest control
174245,boy singer
157902,psychological
3305,housebreaking
8796,appalachia
163405,aerobics
5389,mujahid
1456,medallion
12670,los angeles
232452,jedi master
6779,ladies' man
6100,tools
199526,psychiatric
196397,answering service
210944,saucy
194228,salesmen
162532,shape shifter
199214,mental
202873,poor kid
196599,rebelliousness
160841,oven
172535,dark and stormy night
167418,reference to mutt and jeff
206219,captivity
958,indian lead
220087,team building
12434,undertaker
233026,vulnerability
5836,self-inflicted injury
1334,wedding vows
158605,falling off horse
195693,convert
165324,flesh eating plant
206887,seville
629,sicily
3623,cabin
183421,elephant seal
170718,homesick
207592,piano
6760,picture journalist
3059,giftmord
41278,russian politics
190069,estranged
1953,vault
165177,eviction
209682,martin
591,cia
224526,onsen
164745,journey shown on map
190141,new girl at school
195989,nude dance
206925,indycar
34100,all black cast
8508,party
173316,trapped in an elevator
162706,temptation
7422,moon landing
236942,euphoria
6018,new hampshire
4676,whale
178643,malaya
68644,pretty girl
1626,visa
170850,show
165047,presidential candidate
5271,functionary
10193,regionalism
235794,chained to a wall
213473,algerian war
14983,proposal
191137,fictitious sport
163133,singer-songwriter
41600,laundry
161193,pair of earrings
171335,videotaped sex
41409,break in
160340,anti bush
181019,franchise
198756,aladdin
208314,action heroine
234756,miner's adit
232441,sister sister incest
173577,ethnic diversity
1319,east india trading company
170620,clairvoyant
158489,broken arrow
206542,backyard wrestling
209172,corporations
9016,femme fatale
156347,byzantium
234712,striking
209987,new mexican cinema
9123,karibik
563,deja vu
184671,jack
15299,detention
4024,closing time
181755,dealing with the past
191811,alvarado
193104,jidaigeki
222236,talvivaara
12130,lilith
160790,wealthy widow
233055,vienna
10644,melodrama
12391,boat chase
159931,road rage
157215,death of sister
229776,resort sex
7300,charles de gaulle
33615,cricket bat
216986,military draft
222596,jarheads
191820,nordic noir
232339,destruction  of mankind
223386,mojave desert
208842,decapitated
165761,sequins
166695,cavern
185140,animated title sequence
185969,relapse
7464,alcoholism
999,sports car
10381,guitar duel
186,christianity
197936,mumbo jumbo
170822,superglue
209803,family saga
200815,interstate
220511,carnaval
223009,keith mallory
227809,st. valentine's day
177023,reader
195367,african mythologhy
6324,bias
11331,tale
6715,cleopatra
211980,crying baby
6898,quarantine
166276,teenage sex
1743,journey in the past
165836,unspoken love
160224,post world war ii
41573,rumi  
159958,free market
3417,wormhole
161944,responsibility
190763,suicide bomber
215416,adelaide south australia
165279,street
181083,jaguar car
159932,uzi
176486,meeting on the internet
166924,nri
11337,cheetah
534,mexico
234105,pbs
164167,new brighton england
186941,gift shop
41239,gag humor
235596,poisoned drink
3312,nuclear missile
5939,iraq
199321,james brown
15483,car chase
33879,producer
188746,tanuki
195986,terminal
14514,class differences
167193,male model
1799,schutzstaffel
221299,jet pilot
175041,bullet dodging
4889,exgattin
235615,trojan
222476,search for truth
173317,old building
190444,test pilot
174283,fictional band
8615,loss of libido
218000,briefing
165423,prescription drug abuse
160063,nazi spy
180483,decree
227960,war surplus
17984,foster family
208590,barn raising
189441,riff raff
11855,pentagram
230346,erotic
11628,cloning
173360,beer bottle
18233,hostage situation
208613,eurocrime
209364,brigham young
9882,space
162236,convicted felon
232282,dynamite fishing
3355,inuit
233024,korean
212562,cellphone video
191831,war zone
166582,police interrogation
7029,urzeitwesen
1375,submachine gun
3284,phantom
33845,british overseas territory
167968,chewing tobacco
177299,discotheque
15027,taboo
214650,rich wife
158734,odor
199262,telenovela
186846,adaptation
13495,duplicate
10655,grieving widower
15242,poetry teacher
155743,telethon
237963,septuplets
159913,armored car robbery
226869,scorsese
205607,unlucky
228566,sentiments
231778,treehouse
10594,money
185034,ambulance driver
227702,olympic hopeful
2323,group dynamics
229223,following dream
167631,munchies
197100,sexual experimentation
174286,down feather
191007,skirt
219855,barracks
41665,anarchy
229347,retired life
4280,mental breakdown
180393,suspicion of adultery
180083,p=np
10508,teacher
230095,terrifying
207269,food truck
232462,leftist radical
188346,compulsive obsessive
229271,new album
208911,shipping
177104,family values
6147,delinquency
6390,civil service
169977,small town sheriff
201512,aristocratic
6203,loss
212406,sadistic horror
160128,stich
167215,coal mine
212417,paraphilia
155358,miss piggy
216620,assembly line
230331,secret code
235226,vampire clan
233444,career overview
9480,heilig
157303,first love
6104,computer
167124,black cop
7035,riesen insekten
34117,cult film
4745,the supremes
196584,water pump
18049,sex scene
161164,hypatia
163114,gunman
68647,failed tv pilot
238540,steamboat captain
2723,medium
190939,shock treatment
209906,reprisal
202526,lex luthor
8338,coach
185361,brothel madam
195522,arthaus
231848,operation x-ray
3531,special car
14527,storm
186076,pity sex
209333,art film
4123,embassy
4305,radio transmission
5567,würzburg
173602,illegal gambling
191731,female empowerment
3181,pretended murder
173662,gay pride
173918,madison square garden
33640,democracy
3560,cossack
208540,war criminal
183425,land bridge
222603,miles davis
188750,teuflisch
2771,octopus
3528,flooding
208757,time paradox
9807,noir
179636,junk
3243,flying saucer
234170,higgs boson
503,federation
188683,sherlock holmes spoof
208210,rich husband
10524,see you in hell
182038,mounted animal head
193151,ancestor
232037,high on drugs
165647,fisticuffs
1617,cadet
160931,expert witness
1841,brandenburg
6096,furniture
195741,commando unit
14577,musketeer
14674,vaccine
226459,spooning
2137,totalitarian regime
2541,tyrol
186932,cirus
5608,affection
236692,strongman
177119,word processing
11505,drug pusher
201284,production
3033,apostle
206231,war game
3983,marketing
185353,reference to chow yun fat
187729,brutal cop
3487,assistant
155496,the whistler
167227,town square
180377,halloween mask
7720,dackel
193461,stolen generation
155619,attic
177453,criminal defence lawyer
188374,boxing day
6733,bullying
183169,villain arrested
183515,high toned
10570,roadie
237460,manipulative woman
207984,expelled from school
198781,science experiment
209942,gender confusion
174878,female vampire
9330,malta
229854,indifference
156318,bats
12617,airplane crash
238096,rug
220150,fictional documentary
14825,electronic music score
18083,attempted robbery
160343,medical breakthrough
7191,fever
10430,seagull
208575,cable guy
191682,babes
163578,land owner
2286,border
162351,deepsea
12369,tokyo japan
2624,czech
159334,planning
196425,giant ape
177804,sweet sixteen
189361,sexless marriage
234678,killer croc attack
2230,zehlendorf
191881,research laboratory
170777,mother kills own child
221773,new settlers
233025,divination
9886,countess
1991,santa claus
207106,benign alien
235388,homosexual youth
192824,female wrestling
192491,galley slave
163095,british colonial
183189,female genitalia
186686,king of england
180307,driving
156195,family feud
12965,duel
182521,spore
221257,nazi bunker
3731,illness and injury
198024,arts and crafts
227949,broken
237590,extraterrestrial animal
6513,cartoon
41230,body possession
5825,precocity
178909,runaway child
389,clock tower
3143,pity
11762,beaten to death
226755,spirit healer
5809,marriage crisis
184188,macau
3911,todfeind
7204,german-turkish living together
202956,tuner
227540,troubled family
176266,boy eaten
193743,cinepanettone
236566,handcuffed together
189004,tuxedo
176506,arab sheik
238206,society ball
183686,war context
222097,fruit
6334,basic rights and human rights
185482,movie actress
186360,bicycle race
187354,skyline
187797,scalded face
193228,wife murderer
209027,artificial
173300,mexican border
187264,derby county
212745,hound
158328,river crossing
9917,mixed martial arts
210051,disgraced
11578,mobster
171612,secret admirer
8368,filmdreh
190397,victor crowley
221296,long term relationship
5469,intermarriage
5678,rhinoceros
231612,recounting a dream
237233,melee
221836,overthrow olympus
6075,sport
188643,dance number
219408,battle of britain
6159,clergyman
160069,auroch
207239,army nurses
9706,anthology
10275,house party
9461,bestseller
211062,ethics
8271,meat
196509,youkai
41334,hispanic
10774,jack daniels
167951,st. louis missouri
162380,ex soldier
11195,empire
236473,welfare worker
190203,carnegie hall
159011,golden shower
6393,rebuilding
208090,mayan
9941,melbourne
166800,pool cue
15016,twins
191004,german soldier
156598,harry palmer
227945,high stakes
7881,mozart
177922,archipelago
229103,chinchilla foot
197810,sugarcane
18380,organic
2342,laughing
215590,spanish inquisition
228342,绝地奶霸
8874,st. bernard's dog
196952,odd religious customs
189368,barber
220701,client plans
222963,old age romance
4438,cousin
191198,new york society
176809,soccer stadium
204090,bears
169229,sports league
160518,city council
188719,magistrate
174149,new world
237781,groceries
190225,prefeito
766,beethoven
1669,wave
6416,bundeswehr soldier
158558,disabled
12093,special effects
196288,film
235089,branding iron
229662,election day
194879,columbia
177656,jumper cable
191292,italia
205840,making peace
236516,tet offensive
6688,archive
14760,scientist
192789,eating contest
2858,sacrifice
211703,death of boyfriend
1673,brass band
189428,phallic symbol
10052,chambara
33768,blind
157714,sadistic torture
7913,small school
159707,crime gone awry
163515,trespass
156257,jail cell
221095,lakefront
478,china
204146,nuclear catastrophe
228933,expecting
14798,park
167350,consul
226197,yacht club
5321,studio
220397,fatalities
162065,blow torch
155432,vreemdgaan
188351,catastrophe
180184,torino
160961,lifeguard
215320,solteros
157204,girls with guns
214810,bank fraud
14709,profile
187862,rabbit hunting
201820,hiphop
33675,jackass
162348,deprivation chamber
238242,nederste hylde
156070,intimate
3681,economy
811,dialogue
162842,stolen cars
166770,sex addict
208456,wmd
225582,child prostitution
193801,dauphin
189390,yukon
15037,bug
2722,subjectivity
234369,reference to heinrich himmler
215224,snake venom
33734,sanke
9071,hochsitz
9627,rape of a male
886,film making
235474,portuguese man
11937,conservative
7453,canary
10995,elope
9622,misanthrope
168091,white man's burden
238054,destitution
188651,crooner
15135,gay sex
210352,love drama
6107,energy supply
3057,wolf's lair
211043,black gloved killer
167236,skinned alive
173179,charismatic leader
2850,testament
3392,voodoo
169411,multiple personality
168333,bail jumper
1901,corner shop
196135,eccentric artist
185458,archbishop
233300,genetic mutation
4471,varanasi
181654, north carolinam
209094,feudality
227758,oral sex
34257,african union
189394,wisteria
8430,safe
11529,conservatism
11146,spelling bee
213891,abstract
166867,asthma inhaler
187877,blood on wall
210597,orlando
224143,science labatory
162484,future war
187304,thebes
33646,information leak
163540,christ allegory
159607,grifter
164377,american express
208349,child
182127,walled city
33433,mouth
10262,financial journalist
10939,holocaust survivor
163072,embezzlement
210427,der dicke
207431,murder suspect
813,sunrise
163102,crooked sheriff
210468,wingman
204264,russian novels
232175,судьба
232948,etruscan
12603,kabul
417,corruption
212676,wrath of god
234944,brain capacity
15246,sabotage
12103,suicide of father
179430,aftercreditsstinger
181238,oceanography
1543,war veteran
2273,role of women
189995,jesuit
165143,pep rally
209680,gunvald
214596,cia agent
10671,figure skating
220311,gridlock
215813,possible suicide
188660,salvation army
13100,nude protest
7048,segler
2314,pentagon
2148,colombia
234744,sarcophagus
4853,war victim
15130,gay marriage
9961,live comedy
158525,guajira peninsula
195344,“boerewors western”
177181,shot in the knee
130989,butch cassidy
178870,evangelist
33977,medical experiment
161545,alcoholic father
207877,finding love
197941,auschwitz-birkenau
210904,young animator training project
15225,cattle
222314,abusive mother
15226,dead fish
748,sha-ka-ree
4812,plan
11735,school yearbook
177359,untouchable
177230,cartoon reality crossover
5626,from rags to riches
180209,shave
10764,crack cocaine
173644,communism
235498,military family
155662,vulva
176638,software
156731,escort
208174,buffalo skin
7972,bastille
178515,hot dog stand
33617,genocide in rwanda
222742,union army
3338,invention
156761,split personality
171065,deposition
41156,liberal
237980,society wife
155614,ramones
18439,schlock
10471,cult favorite
163964,carny
188583,beach movie
159298,himachal pradesh india
191616,sepia color
2125,gallows
156811,usaf
191574,cobra
1505,famous score
173185,zealot
236550,corrupt magistrate
220085,defence company
236997,topless
5538,javelin
180211,fake nun
2620,evidence
7991,belgrad
177144,everyman
8791,cojote
206319,lowrider
33626,millionaire
159469,jewel theft
936,loss of mother
228105,aloest productions
5439,inspector
173186,teenage pregnancy
226918,big tobacco
5320,cake
12365,gang rape
233648,office of scientific investigation
9926,rastafarian
222851,tijuana mexico
10955,wedding party
182278,farming community
188250,hopscotch
188582,london theater district
228272,lucky luciano
172658,isolated house
9394,son (musikstil)
10431,hardcore
218009,man slaps a woman
3445,dog dirt
6300,puppet
9365,tony blair
194780,family man
199123,northern lights
2640,twilight
15354,struggle for survival
11173,troll
234764,broken back killings
5501,stay-at-home dad
178652,penal colony
2082,sailing trip
160335,hate crime
9356,k2
163516,defibrillation
237459,scheming wife
180488,foster daughter
173155,asian horror
180533,japanese noir
158930,burglar alarm
2367,rehabilitation
10511,western
191108,workmen
193754,talent search
12379,kumite
214730,retrofuturism
168672,rescue boat
13152,air
208235,cleaning service
10407,swan
4035,blood sample
202904,vet
2696,drums
232432,mad woman
227591,elasticity
212509,adulterer
165407,restroom
180827,bolshevik
209884,frat boy
160324,django
212435,meta film
230951,lightning rod
227420,water buffalo
155892,trust fund
5218,uss reliant
212743,hutch
174369,mandolin
188291,disneyland
156306,price of fame
234665,train carriage
11536,sexual imagery
168374,loot sharing
157955,childhood
197871,illicit affair
164447,tejano
12423,illegal immigrant
9634,jeans
196995,unorthodox flashback
170335,whipping
224549,ordinary girl
232555,winter storm
209415,tribal people
6453,the new world
183664,pile of gold
160866,lost communication
41593,meal
18065,new york giants football
191346,nuclear power
10668,stuffed animal
589,lebanon
177637,winging into a wall
224472,new life
155456,comedy routine
193167,wendigo
229291,minefields
193923,sorbonne
175530,sprayed with water
221253,fungus
162464,liquid nitrogen
5423,piano teacher
161147,panty raid
156212,spaghetti western
165334,inept assistant
207883,1940s
14736,motorcycle gang
236901,businessman
173303,surprising
168679,male camaraderie
164275,doo wop
158188,pick up
224248,chronic pain
166737,shot with an arrow
162219,selfishness
7359,bistrot
176729,lab experiment
18153,meerkat
156878,prostate cancer
41310,ride
210376,marretas
230556,ironic
1647,sadness
5868,marie antoinette
164525,reference to the beatles
235159,cat goddess
577,black people
165725,rise to power
5642,beggar
230818,secret santa
2846,prime number
179173,quitting a job
1822,bath
210730,illusionist
194170,televison
181306,reference to the count of monte cristo
8098,calendar
193262,jester
203836,brain transplant
159410,customs house
155065,kung fu classic
195769,european union
169903,drying self with towel
209365,indian history
156823,drummer
2164,sapient
10907,consumerism
15163,freeze frame
163859,apple cider
195853,spiritual quest
196664,high school dance
170461,nosebleed
6363,racing car
234720,experimental
5966,tower of babel
161935,relic
163561,genetic engineering
177321,lovers lane
202519,j-pop
210746,hide
164186,character study
160512,dairy queen
195726,broadway director
157458,book of the dead
207727,summer theater
9719,taxidermy
1662,bosnia and herzegovina
2821,pacifism
195900,distillery
3091,marshmallow
212899,bengal
188733,adoptee
4190,lost civilisation
162130,corporate power
6674,chair
2037,nordic mythology
156544,cadaver
179670,propeller airplane
176336,cali colombia
155180,cajun
206491,greek god
222542,fiery redhead
6596,legacy hunter
5179,garbageman 
228898,incriminate
228345,超级妈妈
4776,race against time
173325,stuck in elevator
159660,armored truck
169990,boy scouts
177927,homeless
170209,frat party
215348,all star cast
9376,richard nixon
186815,metaphor
7486,milk
216734,abandonment
11060,trap
10448,purgatory
206119,macedonia
208548,manchester
180486,schoolmaster
3586,tv station
18395,dance music
229649,"dragon ball,"
2587,married couple
15365,held captive
234198,marital fight
7671,godzilla
571,transsexuality
2619,suspicion of murder
163764,death of brother
33671,german shepherd
226177,xenomorph
33437,perverted
9920,royalty
2409,church choir
6751,polygamy
41612,padre
161036,distinguished gentleman
186847,retelling
2039,sexual frustration
198441,fingers
238007,house guests
194197,false flag
210763,showgirls
208790,sudanese
33485,calcutta
210311,ancestral home
186136,female musician
158189,wetting pants
192966,passage of time
1491,entertainer
14708,tears
173933,vinegar
170647,story
3423,liquor
41389,old car
10482,sanitarium
180787,social differences
157392,female writer
814,talking
221653,destruction of earth
3695,berkeley
227751,gang rape attempt
2035,mythology
8986,air force one
236465,seafarer
164811,child marriage
172039,dominant woman
33649,legs
8640,young prostitute
8956,magnum
334,flying
161034,parisian girl
2147,claustrophobia
164443,african american music
188715,musical revue
173147,lights out
68650,australian man
203154,ibm
1226,printer
169814,aviator
5907,middle east conflict
2135,radio
238186,project manager
169607,yanked off bikini top
192164,canadian border
170783,learning disability
192000,danish horror
6835,klienten
5339,railway car
185308,tehran iran
166297,set
2149,drug traffic
162413,wood chopping
8012,physicist
5598,tel aviv
176342,burning corpse
212410,hell on earth
155712,grand theft auto
212889,expressionist cinema
6691,drug scene
168615,biplane
173477,overflowing toilet
189363,bottled water
15208,biting
158488,chinese painting
208599,fight manager
1880,mobile phone
2248,moderator
185352,movie theatre
12190,cyberpunk
224788,herbal medicines
208303,public information
768,romulus
536,israel
215073,musical notes
181240,voyage
161304,september 11 2001
173867,evil circus
156320,cannery
1418,skyscraper
208315,fake wedding
163791,escort girl
160057,identified patient
203878,irish music
15141,sliced in two
5272,libya
187236,submission
164724,washington state
176219,southern belle
198670,tortured
157760,arm blown off
10487,adam west
4735,pizza
2493,oklahoma
34128,building
196441,gay culture
15198,car wreck
183126,new job
203360,psychotherapist
206793,russian emigre
163189,court martial
5881,toulouse
190022,hansel and gretel
41171,pond
9090,spanish steps
182615,steerage
3720,power
215572,krampus
12764,rango
214811,criminal rehabilitation
8492,image campaign
162123,corporate mogul
238511,ancient scroll
173502,bathhouse
2085,summer residence
191097,joss whedon
155647,green card
221288,the nutcracker
222863,buddy movie
235205,building on fire
15271,interrogation
9094,womanizer
173299,ayn rand
33329,climbing through a window
206530,distress
238189,social decay
3630,half vampire
15270,klutz
236458,magician
173374,gaming
228066,paralyzed
2477,demeanor course
212630,defloration
193694,livery stable
169532,painting toenails
185237,eyes
207064,pretend
168010,illegal street racing
172246,clergy
206443,oxford university
156322,pretty woman
3379,diamond mine
185337,test of faithfulness
6256,truth
215938,muscular
167309,shooting practice
15285,spin off
215720,gastronomy
171561,lawn mower
15022,text message
190075,cat thief
11469,memory loss
10049,teen angst
12359,policewoman killing
163178,racial stereotype
161694,playing god
208463,pawns
5857,narcism
195295,motorcycle chase
18402,strong language
1786,heart attack
9303,fragen
160253,dietrich bonhoeffer
44443,eating
179776,roasted pig
5401,tax consultant
6556,talisman
186370,close-up
6001,speech
5979,ocean crossing
155462,little dog
7679,kommissar geiger
7496,gain
2643,dead wish
5257,to compose
167799,gonzo journalist
210174,soup
4341,bunraku
1888,row
5701,beef
10964,eva braun
3450,bridge
197521,innocent
198312,카운트다운
201066,social structures
3926,tastelessness
179882,romania
7717,evil mother
7411,festival hall
210018,half sister
206472,masterpiece
208015,conceptual art
6564,terminal illness
1560,dynamite
12336,storm chaser
14586,construction site
14941,martial artist
5867,caravan
6704,civil registry office
5601,lost baggage
635,disc jockey
158070,seismologist
208953,rubber chicken
235083,art nouveau
160960,watching tv
206438,sixth grader
171698,funky music
227148,anarchism
171476,study group
168277,around the world
15266,social status
232533,immortal
221109,unconventional
230498,woman seduces a man
195847,kids in peril
12399,homeschooling
3045,mission of murder
223886,turist
154890,head blown off
160322,funeral home
226745,rare disease
210327,african customs
207597,children's perspectives
198270,parrots
160767,cystic fibrosis
1745,passion for collection
7314,scouts
155449,b-girl
194166,living abroad
180085,girl gang
206046,furries
208340,latino lgbt
18339,human rights
1782,thumb
11931,spoof
704,adolescence
163841,booby trap
7909,porno scene
160315,goodbye
223159,allosaurus
186786,marc anthony
193879,dictaphone
9624,san sebastian
234355,midget
186219,southern california
187967,forbidden zone
5327,encounter
192588,the roxy
4404,guantanamo bay
209273,cartoon monkey
208542,life
4880,liana
15086,advertising
180226,freight company
196705,hospitalization
215123,porridge
12342,gay son
234163,searching mother
12350,johnny appleseed
185702,langley virginia
3036,bible
3909,restaurant guide
215054,restraining order
189921,video nasty
210213,bruce springsteen
155461,shark repelent
228922,underground facility
7533,black panther
195624,black lgbt
173177,religious sect
11031,guerrilla warfare
194568,alfred hitchcock
178993,duplicity
3545,tank car
219945,calvary
7122,fish factory
171206,graduate
159419,blueprint
3805,relocation
6280,adult education center
236182,s.h.i.e.l.d.
161350,sex industry
191600,assassination attempt
184712,online chat
190826,inarticulate
226741,launch code
201200,clandestine
160377,bomber pilot
207964,aspiring architect
159806,cutical scissors
162934,hugging
174413,reanimated corpse
232692,inspired by real stories
4129,widow
161827,british comedy
33653,alternative energy
210268,long weekend
167575,combover
157512,mutilation
236951,saint nicholas
156801,club
233873,military experiment
234564,videos
226039,human cloning
12375,transhumanism
210026,college reunion
232320,drogas
203895,nobody believes
14585,terrarium
222930,latin american history
211614,scheme
224987,trading card game
33501,political
3538,freedom fighter
159523,famous painting
226252,ancient ritual
3566,homily
224581,wysportowany
9236,cancún
10889,counterfeit
195410,fundraiser
6916,kommunistischer widerstand
41592,monastery
7313,oldtimer
196724,hollywood agent
2041,island
232795,halloween night
4690,moral conflict
155431,toneel
237596,rip-off artist
236684,pixar animation
10712,night club
4342,geisha
15233,arsonist
207747,american ninja warrior
6506,resurrection
166313,effects
9696,magic mushroom
155860,philip marlowe
194942,arch villain
207492,night of the living dead
2025,tractor
234179,heuriger
4753,to beam
44495,gas pipeline
1599,midlife crisis
167541,buddy comedy
11833,forty something
163088,lost tribe
5420,fisherman
223636,wooden boats
162515,contamination
160089,underage
225286,african cinema
210605,workplace humor
200283,diaper
15395,antique
18047,anger
169945,housing
197077,cliques
2356,immigrant
2349,german
4936,constitution
9980,toilet humor
189393,conflict with in-laws
178527,beach bunny 
180495,west indian
209300,pack of money
170585,bell tower
203287,anchor
202322,imaginary
3370,kilt
232748,campers
3263,american  way of life
178654,heart condition
6437,toilet
173661,flower vendor
208535,graduate student
193129,jonny quest
175245,sword duel
156558,showcase
10232,fame
232072,falling into frozen water
159490,second
185059,brazilian music
219731,nicotine
188865,police lieutenant
210254,svengali
2810,anti-globalisation activist
231704,joe coffey
4166,biotope
222515,running from police
155740,sex toys
8352,teigtaschen
228752,prey
164726,character's journey shown on map
194221,mutant baby
33685,gold mine
7858,boy gang
172590,oil lamp
172432,chemical engineer
3350,poltergeist
210112,skype
3311,economic miracle
165914,mountain pass
184998,film adaptation
6610,naval officer
33778,peekaboo
178645,prehistoric adventure
222805,british new wave
158144,giant worm
800,bounty
222929,utopia quest
237002,crooked businessman
164543,tape recording
208870,cybersuit
226186,wisconsin supper club
3206,story teller
236757,grape stomping
211239,puffin
211675,nude sunbathing
2420,normality
2223,barrier ice
5254,remoteness
226376,corrupt cop
195482,million in cash
209125,gourmet
163209,earth liberation front
3536,cello
6092,army
175336,jellybean
174915,fictional government agency
2222,gulfstream
229181,paris metro
223198,uninvited guest
171293,snow angel
209734,mocumentary
202043,historic
212798,wealthy teens
181093,innocent person killed
5459,bay of pigs
161278,biblical prophecy
196986,haunted hotel
190473,brain research
2438,social worker
2343,magic
9822,neon
15232,parole
160189,giant egg
234251,marauders
196706,sports arena
173669,lgbt activist
154838,uncle tom's cabin
3089,oscar award
238637,mini serie
227320,symphonic film
9366,hammer
226179,explosive decompression
10209,race riot
217926,rocks
225014,top model
5290,small person
5074,wyatt earp
178895,questioning
175005,spoiled son
207411,monkey king
33809,receptionist
211677,sunbathing
209493,21st century
33353,boy genius
158922,dog attack
191601,appalachian
161199,rationality
165470,convent
206706,human nature
11327,wedding reception
3851,dangerous
11429,head wound
8697,miss america
158434,ringo starr
2060,penalty
6491,society for the prevention of cruelty to animals
193608,traveling shot
221135,college life
11119,helmet
9844,car crash
179513,foretelling
207898,accused of murder
157772,pretension
194404,supervillain
199248,death of a musician
5887,compulsive gambling
10387,the lord of the rings
457,responsability
10038,audi
6617,formaldehyde
199794,kaidan
6776,yellow diamant
1373,killer robot
172193,head crushing
193828,southern literature
6012,physics
5977,schanzenviertel
156688,seductress
6876,vacation
164253,mexican american
166923,hyderabad
219797,ftl travel
4119,saigon
211144,snake man
5277,territory
185459,seven deadly sins
230771,female pirate
4204,deputy
7199,source
10104,dance contest
199984,land theft
173989,old photograph
198035,petrified body
160059,psychosis
10158,alien planet
774,film business
233409,plunder
10834,super soldier
193501,faulty ammunition
155198,ronin
172225,unsolved mystery
14781,patient
235835,stolen artwork
172656,child cancer
459,sexual obsession
2509,hippopotamus
158767,encoder
184559,guardian angel
181873,jamaican posse
238344,caroling
211569,nazi soldier
200235,consequences
234733,highschool kids
228755,viet cong
164149,attempted kidnapping
185817,killed in an elevator
225724,baragon
2783,family's daily life
218132,cyber thriller
202056,avenge
202333,space prison
171192,pug
1019,rodeo
1686,home run
199686,near-death experience
4881,yell
9193,whiskey
2075,alabama
10092,mystery
164772,la traviata
3698,mobbing
7982,lama
13000,based on short film
1889,lake
210653,strick father
180794,demotion
171100,dining hall
3769,voice
194713,post nuclear
206576,death of girlfriend
160296,religious differences
7379,fleet
11613,live broadcast
9704,ventriloquist
1666,mexican standoff
33464,burning body
188333,carrot
160780,love crime
214417,headlights
187257,yankee
236903,homosexualidad
236549,organized shipwrecking
214514,alcoholics anonymous
163300,severed leg
185590,horse chase
170215,hanging from a rooftop
238692,ophthalmologist
18320,held at gunpoint
14646,overbearing mother
188846,grade
172628,fear of cats
156312,visceral
4005,human experimentation
163726,hitchhiking
164431,cameo appearance by real life subject
226430,re-animation
190284,socialists
2159,red cap
175186,hazardous waste
41019,car explosion
5136,uniform
192227,working conditions
9679,secret government organization
177648,infra red
188688,hotel lobby
2570,rock star
166939,esports
173195,luggage
33372,womanhood
201968,pacific palisades
208580,acid
192035,draft dodger
214750,flemish
161200,debunking
228229,pregnant animal
208067,imperialism
1155,brother sister relationship
206832,drag racer
154879,county jail
184706,electrician
156179,coroner
211,bureaucracy
168657,formosa cafe hollywood
190078,bull riding
198129,episode film
14829,strangulation
174375,resistance fighter
5034,attempt to escape
1544,locomotive
2233,neglect
11719,dirty cop
180235,payroll
4653,french
567,alcohol
178659,whale catch
11184,reference to the big bad wolf
190475,german expressionism
200388,oslo norway
173298,escaped mental patient
235064,remake of malayalam film
12655,regent
234161,american g.i.
220356,shaky camera
208915,celebrity worship
202420,pickup
188270,epic battle
2032,pop singer
170603,bronko nagurski
156798,film school
235730,vacation gone wrong
178334,lisp
162533,torso cut in half
2051,intelligence
209778,super spy
162341,frozen alive
11545,leatherface
163206,public health
198262,부러진 화살
226626,aurora borealis
191636,monoculture
164880,electroconvulsive therapy
157657,country singer
233776,dior dress
6180,coffee grower
227468,aachen germany
185019,child neglect
12635,mysterious drug
18239,home video
176740,candy striper
2574,lunatic asylum
168637,used car dealer
204006,energy company
231642,personality disorder
206052,talking pig
204315,quiet riot
15069,masked man
1321,gold
8303,abandoned house
234646,secondary school
193511,scarlet pimpernel
196721,after hours
2940,mexican revolution
193431,bizzare comedy
190880,folies bergère
5166,gramophone
155955,business card
158629,exploding train
185521,chicken farm
165300,phonograph
163177,little rascals
169885, flipping coin
204018,pool attendant
3437,death sentence
6382,folk music
9860,sex pistols
2651,nanotechnology
237800,gesellschaft
3462,tzar
184237,road racing
229427,岩井俊二
8058,rembrandt
9612,nibelungen
6739,callboy
6117,holdings
214784,crowdfunding
1550,militia
208723,inner peace
215470,treasure hunter
169866,reflection
167818,cadillac convertible
369,kaffeehaus
1929,bank manager
12398,teen sex comedy
207449,humphrey bogart
166125,low tide
10374,archive footage
170669,wolf costume
187293,corrupt system
212760,interspecies romance
220267,tribute band
8945,ringer
191260,dinner party
11096,gate keeper
5621,american football coach
206959,global threat
226185,fish fry
157138,numbers racket
7034,riesen käfer
4511,field
201696,heartache
155356,dr teeth
2200,generations confilct
41133,shaving
1297,predator
161757,fable
195331,nuclear waste
208931,hall of fame
187117,mexican bandit
197365,telekenesis
160875,communications expert
224423,emergency services
237308,indie film
161132,underwear on flagpole
2988,shark attack
186951,girl disguised as boy
163751,translator
1778,ruhr
6502,exit
5457,mythical creature
189099,giant
3436,karate
194320,military coup
7020,bodybuilding
622,bet
1248,croatia
156260,stripping
4476,buddhist
173815,pug dog
178913,philadelphia experiment
167371,roses are red poem
7606,dictatorship
12426,shinjuku
182210,playing chess
14639,thug
182022,filmed killing
174434,cambridge massachusetts
215876,prison rape
225796,giant turtle
202764,dolls
182768,knife held to throat
156773,mastercard
1767,electric fence
10144,anti semitism
191003,nazi invasion
237446,jilted woman
6388,tomato
2794,oddball
1860,mutiny
163165,martyr
200247,swedish american
177392,sneeze
174325,net fishing
155503,bookie
200298,surrealistic
210615,children in communities
158572,adoptive
9358,military prison
11524,in the closet
7578,wedding ring
155793,attempted suicide
206239,wallander
234492,american soldiers
15090,police officer
180052,bride and groom
10976,global positioning
168948,coat
3628,daywalker
220196,grandchild
186402,starlet
10224,haunting
7240,walrus
14547,checkpoint
175492,art class
11489,nazi officer
9892,game warden
18354,henchman
14915,invisible
169141,stockade
10947,goat
3259,rose
168196,perfection
8515,biene
212796,workplace romance
11707,suitor
155477,softcore
168869,gun in mouth
188534,shell shock
192955,confederacy
201111,new york knicks
11106,infantry
212421,coprophagia
9661,dying man
204169,charter
192707,aqueduct
159983,entrepreneurship
228784,heroic woman
157164,animal death
199904,schooner
271,competition
167681,train attendant
195550,entourage
227474,estranged daughter
173905,dragonslayer
161655,reference to houdini
155497,truck driver
33631,hymn
197638,sattire
174913,jumping from height
208395,cryptography
197002,hyeongsa
7993,nancy
209085,shoplifter
210246,children's adventure
3035,roman
209005,boring
7208,spoiled child
173823,cross cultural relationship
2978,mona lisa
4893,lamp
193192,timothy
41394,ruler
15093,smashed head
187547,older woman younger woman relationship
222721,head coach
3022,passport
204980,club kids
14704,ancient world
173339,laughter
4480,business man
238332,animal research
221771,dissension
2340,paranoia
181181,peace offering
157332,flag
235839,keysi fighting method
7769,chefin
4237,water
41344,north korean
238221,locked in a car
219826,stronger villain
5951,sudan
4679,parachuting
176691,killer clown
3962,cut-off arm
234664,ticket office
196748,live life to the fullest
229760,bible story
181604,black stereotype
11739,repo man
205603,korean movie
160174,mental asylum
167149,good cop bad cop
179300,ancient civilization
225616,smoking a joint
3464,tanker
156813,computer cracker
231304,neorrealismo
6241,stupidity
12980,brother-in-law sister-in-law relationship
234193,drunkard
234165,recollection
234523,deflated football
224852,tug boat
215010,contemplative cinema
211442,w.i.p
41644,gunshot
10499,pool
191479,british farce
155807,bruce lee
214594,play adaptation
237632,malevolence
193659,splatterpunk
189094,goblin
187306,presidential campaign
9825,growing up
229634,unattainable desire
231610,fatally wounded man
158527,leper colony
200561,heavy water
14961,chop socky
159716,statue of liberty
230518,great cinematpgraphy
4949,warning
166726,female villain
217325,masses
226417,religious icon
5860,nation of islam
8905,pelz
779,martial arts
187652,radiation sickness
238588,electric power station
215184,chivalry
194486,extraterrestrial life
18052,anonymous telephone call
12353,comic book collector
204052,rodent
12994,bordello
175510,nunchaku
222049,school counselor
189126,north africa
158126,creature feature
164834,marriage between cousins
188990,costume party
217311,sex party
7925,child bride
164119,nude image
154780,buxom
232464,baader meinhof
171769,balloon factory
167915,hostess
210080,stockholm archipelago
33355,skateboard
5636,wall street
206574,porno filmmaking
18732,sexual repression
6311,katmai national park
181932,british horror
227472,business presentation
1013,homophobia
230462,meiji period
210540,life lessons
171036,bellboy
226302,mountain resort
5736,coloured
14818,model
188960,elevator
171376,funhouse
3049,baader-meinhof group
3032,suffering
193728,hidden loot
1000,other
223449,crystal ball
203121,idea
181628,seoul south korea
220424,reviewers
156634,tv
5549,beauty queen contest
11422,plot twist
206187,signal
224177,behavioral disorders
220699,connect to real life
167619,foolish
11113,shot in the back
235569,solo tour
4106,apartheid
11729,mercilessness
12352,comic book shop
188464,wedding photograph
200830,double jeopardy
207936,big heart
167609,jumping on a bed
4433,conversation
4004,cultural revolution
237543,proletariat
167319,firing range
14666,muscleman
182671,self surgery
232465,german history
220656,finnish war children
2684,dancing class
6444,sodomy
34262,infatuation  
9846,intelligence agency
180487,schoolboy
180176,song contest
187119,pachinko
10533,urban sprawl
8686,millenium
7567,book club
189411,disaster film
196300,melt
193605,land rush
164414,black woman
230672,iv
194579,david
5629,role reversal
221321,southwest
6109,raw materials
18085,intestines
208263,winning lottery
222808,chain fight
11546,hitchhiker
4477,paleontologist
233035,trees
191006,pregnant teen
191529,dress shop
18419,privacy
234565,thumb puppets
3356,quebec
190431,bataan
187786,vending machine
7172,buried alive
233361,abusive boyfriend
234402,cause of death
33552,chorus
386,railroad robber
169665,steel mill
156170,record album
34126,convent school
206812,nothing goes right
227888,robespierre
204159,hurricane katrina
155466,alamo
185434,rookie
2971,grandfather granddaughter relationship
164224,generation gap
188268,chained to a post
232090,sexual predator
194125,anonymous
10752,sorrow
232211,cheating on wife
5612,bus driver
1222,zurich
155099,sonic the hedgehog
210819,wild pig
8015,cop
221107,cope
156185,hearse
177907,pride & prejudice
187301,hercules
222960,dirty old man
172305,church restoration
2376,perversity
612,hotel
11856,overturning car
232166,cross amulet
233038,gallon of water
2412,commune
162832,adenauer
6534,brown bear
200460,connected
204152,real life
173162,sect
209206,southie
10131,interracial relationship
11999,fox news
189396,grave of mother
233352,outnumbered
10560,crypt
226872,jusge
186833,mirage
235594,bareback rider
33880,following someone
210503,circus act
234563,garden shed
183875,little tramp
195937,hypertext
234484,interracial family
170009,japanese soldier
159643,mercy killing
165580,cult classic
192962,alien attack
161956,mcdonald's restaurant
2406,picnic
155586,spinach
1935,wind
161242,irishman
156768,roller coaster
161257,medieval
159845,tuberculosis
6128,taxes
747,genesis
158345,water skiing
163000,lifeboat
191219,superhero kids
227358,ballet fu
181560,cabinet position
4427,honesty
233027,romantic
9606,sexchat
201715,hikers
4159,dancing scene
5275,pan
232581,side effects
228985,pirañera bed
3549,literature competition
9974,obesity
209363,salt lake valley
11514,social satire
191599,palace intrigue
189213,field agent
220667,denial of death
197204,adirondack mountains
198308,오싹한 연애
162810,macabre
170786,birth defect
4548,autopilot
181682,campaign finance
156501,pride
157203,woman vs woman fight
5144,matter of life and death
193285,spy spoof
229528,church of satan
172822,cherub
8626,yosemite
5782,squatter
232255,two daughters
231121,hoover dam
183206,mortal wound
192260,futuristic society
40831, gilbert and sullivan
3772,heat
185002,balance
226151,inspired by novel
5086,telekinesis
221774,deaths
191647,vent
1156,sister sister relationship
182677,sea battle
236881,naturaleza
1346,dance performance
222119,opera live performance
155760,afro
212957,pigsty
207156,family hostage
7033,london underground
174311,laotian soldier
6032,easy listening
181129,terrorist group
2098,fountain
237377,christmastime
234934,greek tragedy
208123,french and indian war
225466,bad parenting
234403,tarot reading
202540,origin
203704,captain atom
196983,underground cavern
201461,robot vs robot
156777,teenage sexuality
9929,remarriage
191705,privatization
182709,post holocaust
188717,cross country trip
168302,ironclad ship
183965,turkey the bird
209074,drug trafficker
162132,corporate control
207245,tall tale
208054,old
226391,flirtatious woman
158482,arrow in back
6435,webcam
193143,winnie the pooh
3607,hold-up robbery
180257,arizona territory
13281,work ethic
13155,domination
209387,inanimate objects coming to life
11949,jönsson gang
190449,sith
165100,young love
156263,pumpkin head
215235,dead brother
187022,rebel hero
174424,smoking pot
3770,listening
155700,charles willeford
194833,negro league
235358,canal locks
8469,computer simulation
175887,horniness agent
234647,maths teacher
5475,scandinavia
228290,temptation of christ
208460,bag
215596,public defender
14749,water cooler
167715,informant
222529,rescue operation
156855,scientific experiment
18115,retired
10532,suburbia
188099,marriage counselling
199524,disturbed
1680,boston
205966,family planning
237225,experimental drug
164810,religious fundamentalism
2959,vietcong
217084,toaster
5946,ethiopia
195166,life imprisonment
180254,remix
236488,deemster
166310,cast
1650,cook
155164,remodernist
180061,applause
189881,philadelphia eagles
690,gorilla
18060,divorced woman
3843,inferiority
162714,antiques shop
161678,giant man
165787,home movie
7347,tarzan
234040,louisville
211472,reference to edgar allan poe
4268,fort
209504,karakoram
15320,insecurity
162776,lodging house
209173,abandoned
171757,planetarium
6977,bigamy
15223,vigil
237126,in the walls
11148,police chase
204019,republic of chad
1400,swordplay
6315,stock-car-race
173515,canoe trip
210039,gender identity
208556,mother daughter reunion
207974,finger wiggle
209691,penanggalan
238711,being followed
198774,arsene lupin
220232,yin yang
222347,morgana
10378,venture capital
156030,trinidad
7157,reue
163182,suicide thoughts
227962,fuller brush
177755,public works
6786,bremen
185265,expiration date
2434,liberation
180974,gold shipment
196307,nero
9790,house arrest
155811,spiral staircase
226183,relish
190536,genie
156825,music store
184439,divorced parents
9549,windeln
8764,times square
8410,bka
205839,formalness
14922,kendo
9968,squid
220437,rameshwaram
5708,gospel
238131,death of hero
178253,knitting needle
185406,sci-fi horror
34244,organic agriculture
155346,colt
10629,vision
4970,autonomy
7537,tudors
1358,colour-blindness
4967,assignment
12405,outer space
230956,new orleans louisiana
1488,tennis
201314,donor
154806,marquee
160336,land grab
162365,military
207388,assayer
165314,skid row
167428,sting operation
2935,house search
2414,test of courage
230873,animal lead
165114,locket
170027,oxen
165317,based on movie
9673,love
167006,freelance writer
34265,heartbreak
157963,worship
159685,cellular phone trace
3793,road traffic
8979,nacktrevue
169955,lifting male in air
12999,black and white
5301,brother
201072,objectification
8103,cambridge
211105,ramses
2638,cathedral
9390,shaolin
155782,freak accident
229226,love after marriage
200558,frozen body
162357,observatory
1785,casting agent
3435,floatplane
164658,rowboat
234099,traveling show
11201,speaking horse
162511,text messaging
10777,goddess
226326,gun safety
1998,shop
154954,social injustice
194533,hydraulic fracturing
197084,having fun
227038,abc movie of the week
206649,philosopher's stone
232210,major child role
185443,relatonship study
209126,caucasus
3522,snowboarding
201189,nfl
3541,afghanistan
167667,mick jagger
217469,reference to rodney king
12645,frightening visions
221274,muslim slaver
10041,dysfunctional family
185692,intelligence agent
41376,shovel
5920,advertising expert
162775,marsh
180482,kyoto japan
184238,inheritance challenge
5768,urban life
18071,belief in god
236911,cymbals
160294,hijab
184984,native american tribe
207917,ozark
176792,sex fiend
188329,dump truck
168643,tv production
65,holiday
1382,factory
235971,family travels
185413,boys' school
7598,inflation
182317,pez dispenser
204293,babylon
184312,mind game
186785,merrie melodies
185589,cowboy and outlaw
225851,false accusation
236406,ship passengers
207046,murder mystery
4737,african national congress
171636,drag
179568,archaeological dig
154123,irish american
14988,asian
206184,runaway teen
13067,body double
194867,psilocybin
162028,surrounded
238439,weltkrieg
157799,older woman younger man relationship
191135,maiden
235424,intersecting lives
191518,hardware store
159947,parents
8698,orléans
33479,single father
226001,witness relocation
194775,african tribe
7920,violence in schools
8622,parole board
3389,warrior woman
175957,jumping off a building
1437,burglar
7923,homepage
238848,lluvia
180195,saloon brawl
6019,human trafficking
181208,street dance
187821,bandana
238643,stability
214778,beach volley
209590,one take
236309,title spoken by character
196483,space pirate
214555,children education
215959,cosmic horror
6069,class
232762,espacio
4507,clowning
232025,reptilian scale
736,journalist
6965,ideal
18520,though guy
191521,new york giants baseball
163747,fifth arrondissement of paris toilet
175975,earth in peril
217417,warcraft
33648,celebration
232105,passenger train
230914,sicario
6312,white rose
167805,sweaty face
162269,nightstick
155325,cartoon mouse
212884,dictation
157292,manipulative lover
188645,bagpipes
231870,bürgerkrieg
186800,human cannonball
235579,corporate conspiracy
232837,institute
13084,king
187224,seaside town
2952,gulf war
175533,pressure washer
177678,patrol car
177901,evil witch
634,soul
220378,film production
187207,guide book
237569,kindly guard
158529,biochemist
14768,single mother
234637,policemen
1658,frankfurt/oder
234039,underwater volcano eruption
227035,white gloves
6013,chemistry
34125,catholic school
10854,time loop
8917,patenonkel
208383,oscar wilde
165102,rock sta
209662,killer fish
158569,missing limb
207263,bored housewife
164478,candidate
177341,gadfly
172141,cosplay
157144,stockings
230785,noël
9820,alternate dimension
212746,walter steiner
3288,secret lab
160410,reputation
9660,low-budget
208462,popular
839,mars
220559,false conviction
200883,classified
168211,twins separated at birth
3440,doomed man
33406,roulette wheel
8447,amish
10468,bear
9073,marilyn monroe
9511,menschheit
217956,rockstar games
229409,master and student
164717,loretta lynn
193787,nursing
161274,centerfold
173003,evil stepmother
199156,billion dollars
221912,eco-terrorists
40952,therapy
183435,bloodbath
40903,diamond heist
208413,murder disguised as suicide
157182,male rape
155812,color blindness
231293,flooded river
5901,texas ranger
155849,gloomy
179044,body image
230314,lgbt family
178029,sustainable development
222719,weapons trafficking
179418,hollywood star
186532,cargo airplane
218060,leak
191073,luxo lamps
206625,loan procurement
206679,dance-off
11076,one word title
2429,will to survive
163484,senior citizen
2444,jewish ghetto
169951,walking the plank
2672,baltimore
163248,good becoming evil
174480,splits
33493,valet
192125,egyptologist
229846,delusions
1308,secret identity
18465,interrupted hanging
197508,erotic 70s
8724,heilmittel
14728,antarctica
10617,disaster
2449,black market
237238,foggy night
203471,telekinetic
156887,military dictatorship
2315,jewish life
217415,government agency
202401,experience
14792,tarantula
5828,yoga
200510,gate
209309,adriatic coast
15139,sinkhole
6434,marbella
188991,drunkenness
173367,reference to facebook
209666,based on light novel
161812,fear of the dark
155489,classic horror
224521,abdication
4378,striptease
176613,villain turns good
155719,tannery
195790,noah
219842,team owner
229143,drunkeness
7638,surrogate mother
236373,fat woman
225529,karbala
158017,saber-toothed tiger
159880,boulder
157765,split head
184511,mother-in-law daughter-in-law relationship
13091, 
191425,richard wagner
233016,segregation
4833,royal family
3099,satanism
155806,killer plant
10376,homicidal
162942,class photograph
198962,run
236299,native
15075,mischief
223587,tabloid reporter
190406,bargain
215001,rattlesnake
2594,magic show
4946,porsche
155526,the falcon
5337,culprit
179533,trash talk
228665,vixen
210385,dramatization
160213,festival
180178,destroyer
2597,bigfoot
216864,anthem
183787,alien monster
159544,south hypnosis
190698,sixth sense
217142,nsa agent
211540,barracuda
180424,gay nineties
238247,trident
165736,room key
177912,wizard
184496,mother-in-law son-in-law relationship
214887,foreigners
173592,apparent suicide
15212,rest stop
186410,extreme blood
215268,open source
234109,downtrodden
4779,delinquent
180464,lab technician
167833,police convention
2849,key
169967,handkerchief
2496,impotence
191327,evil clown
168491,testicles
234884,mastiff
227329,uss missouri
163250,invented language
162392,spacecraft officer
170731,wish fulfillment
823,cologne
160832,red cross
219407,valour
11134,espionage
209036,progressive party
192001,sodom and gomorrah
181012,tidal wave
5202,boy
212784,binge drinking
15462,flat tire
223635,internet dating
218024,amateur radio
11795,lasersight
181105,media coverage
211742,lucky luke
11111,war memorial
204174,sheriff's badge
33203,calabria italy
187065,toy comes to life
169341,snow white
3184,alligator
238192,poisoning
4931,pig
200400,occupation
179566,locust
8377,pinhead
170450,lynch mob
236792,animals
209101,celebrity lawyer
161135,burp
183225,reef
2112,headquarter
169734,cameraman
211443,butlins
186112,thrift store
238010,herion
236891,beautiful princess
211733,unwanted child
185011,hamlet
200452,question
208455,malcolm x
3877,covered investigation
161536,silver star
155671,male orgasm
215448,fictionalization
33441,sadistic sex
191302,death valley
160873,buoy
9685,futuristic
207794,project
165154,school principal
182204,dog shelter
162936,precocious child
163870,picking apples
234089,zither
197705,self-liberation
156816,grenade launcher
184935,gay man straight woman relationship
233647,faith healing
14850,deep focus
209135,coast
171676,school shooting
203525,board
41521,first grade teacher
7755,winegrower
225590,neruda
231069,inspired by a true story
170273,fingerprinting
3014,immigration law
227897,cleavage
10571,artic monkeys
11691,puppetry
161195,digital film
220322,stagecoach driver
213856,east elbia
229288,slash
9990,villainess
165765,costume designer
196797,family disharmony
191959,ex-fugitive
186004,imperial russia
2235,drug mule
237982,banking executives
11100,giant monster
209564,greta garbo
33502,voting results
41335,burt reynolds
2792,boxer
5349,surfing
12414,escaped convict
215019,barking
193509,mind reading act
163699,vomiting
3583,bridegroom
558,city portrait
190327,sexual assault
4381,napoleon
41398,art horror
198492,set on fire
155334,scuba
3661,sleigh
226258,sierra club
191406,thomas edison
196994,deadly sins
162612,lie detector
192839,excercise
201074,infantilization
211315,hunks
197154,street cleaners
230306,attorney
156208,federal agent
235098,taking a risk
156546,talking car
210399,steel
2852,proof
1480,baseball
2385,monsoon
195268,door to door salesman
225400,leaf
5721,engineer
33932,casting director
1422,boat
1468,child murderer
162684,cárcel
215840,finishing school
190372,child sex trade
211994,french family
3448,mercy petition
165866,drygoods store
365,ghost train
180828,train wreck
190615,tyrannical
7470,rassengesetzte
2357,cleveland
192005,nob hill
9495,chinese province
158303,rabies
155212,vulcan
178378,driving range
189134,muscadet
18081,sawed off shotgun
199263,anger management
207942,icelandic
215583,lost colony
7508,friendship bracelet
1925,camera
160884,permission to marry
207525,grieving father
15000,person on fire
170881,child driving car
233854,merchant raider
18046,internet chat
171291,trying to get pregnant
154802,silent film
14659,girl
222302,ninja training
165288,misogynist
7085,stricken
228398,sexy girls
226253,international finance
11315,sex change
205854,mind uploading
232958,ride-share
196510,mononoke
3023,eastern europe
10247,nuclear holocaust
12099,chain smoking
18036,coward
191490,napoli
208461,record deal
184406,staten island new york city
18086,disembowelment
206829,drug culture
178316,bisexual woman
226139,giant fish
956,almanac
3043,beirut
221193,perfect murder
4523,joint
1416,jazz
238090,prima ballerina
12199,jack o lantern
10664,westford massachusetts
157217,woman smoking
202371,aggressive
172334,reference to slinky
232946,reflexive cinema
208359,frances farmer
207149,state security
220203,gender differences
231599,literaturverfilmung
4697,video
165439,guard dog
41314,trestle
10229,singer
2482,swear word
171346,bandleader
17937,desolate
8046,aspen
160814,stubbornness
155810,holding cell
155430,stealing car
215024,ketamine
196407,environmental law
165503,boy next door
10794,snow
209517,messenger
163957,nosy neighbor
161161,microsoft
201951,crossover
195878,legionnaire
8843,mods
33684,dead mule
208611,1950s
208768,employment
7265,borneo
6151,faithlessness
234241,sexy
232191,writing a poem
9813,french riviera
7492,serbia
204312,loincloth
160168,defector
6017,genetics
2201,first time
10642,osaka japan
228597,youth leader
236953,oxford professor
171198,fraternity pledge
11530,sexual freedom
163119,injustice
41002,corn
11518,sexual tension
187291,strange behavior
485,nepal
215593,benefactor
33604,racist gangster
236343,orphan siblings
233145,crime against humanity
208607,traffic court
168861,missing pet
162745,ritual sacrifice
228012,backpacking
238594,angel flight
318,police state
207089,nativity
11671,american football team
15192,staff
10194,interracial romance
2704,cough
214349,relativity
1967,cave painting
7670,urzeitmonster
214815,hotel guests
3048,bomb constructor
232503,women director
155689,monolith
209789,day of the dead
9609,houston
177923,midsummer
9848,family dinner
33898,rock 'n' roll
1610,country estate
235767,continuation war
5527,innere mongolei
162225,fatherhood
210952,artificial limb
3192,intellectually gifted
166139,lovesick
33783,dark
176167,senate hearing
182250,personal growth
168930,quarterback
184490,pregnant daughter
1938,sword
200802,cyrogenics
155573,wild west
975,money laundering
5611,game of dice
197166,ivan the terrible
995,cinderella
159143,biological father
211389,divergent
217993,hail mary
2398,narration
9936,the lost islands
234911,contestant
10849,sonic youth
14767,scar
168539,breaking finger
2946,presidential election
228765,eastern helsinki
210106,chambermaid
158507,gross out comedy
168063,gigantic hand
210735,script
211384,non-narrative
11634,live performance
166678,twitter
190456,years of lead
1279,medicine
229262,altamira
168641,female bartender
236501,science vs superstition
156243,high priest
211225,bicycle tour
188477,slamming a door
163116,civil rights
205685,animal cruelty
217080,outtakes
430,venezuela
2629,psychological stress
234257,street performers
14766,cafe
12366,hitwoman
226435,yellow bikini
12988,pirate
10883,scalper
6023,drawing and painting
215159,algonquin indian
169328,plastic
206358,reefer
8256,simbabwe
4063,siege
217040,rampaging monster
18023,criminal mastermind
188606,middle america
176098,jewish mafia
227147,underwater fight
156883,army general
194596,lizzie borden
5330,fencing
194424,sengoku period
4230,carousel 
197113,sick relative
234185,land claim
10291,organized crime
163154,peter
196521,dual life
2583,blackout
2097,lantern
187670,ventriloquist's dummy
180830,minstrel
162954,elvis presley
187343,belief
4590,kindergarten
211392,huntsman
11482,republican
233277,ordination
219833,married man
233760,comedia romant
189464,exploring sexuality
163512,retirement community
232868,sexual problems
9668,child vampire
174406,combat photography
233324,village council
6431,boarder
221612,army intelligence
235574,mutations
156525,heroine
232987,brigands
207436,westboro baptist church
226084,lea clark
202682,lured
229255,tetsuo
189398,portuguese
11687,breaking the fourth wall
167942,screaming
156186,cameo
209482,sagen
235357,little girl in peril
234928,comic
3262,surgeon
188296,hired gun
190481,broadway star
191223,freaks
155529,killer whale
209093,leitmotif
184297,mystery killer
167115,bust
188933,bar fight
235516,railroad worker
3461,lenin
14656,order of the templars
14906,slave
223165,crooked cops
177588,religious statue
201945,siglo xvi
10107,sinbad
161267,misadventure
192334,hard boiled
205971,german spy
6103,telephone
12395,reverse footage
41381,rapist
156240,mortal danger
10318,laughing gas
229402,cotton farmer
6696,tussi
33973,glam rock
2853,mediterranean
226157,decompression
233944,you've got red on you
229853,bystander effect
234747,buried tomb
203972,ultraman
234181,puntigam
163558,extrasensory perception
159710,hostage negotiator
227221,cool cat
235840,group of girls
3156,brotherhood
190797,marx brothers
230950,hudson river
208840,malfunction
234187,social norms
197642,fighter ace
209367,college initiation
218164,coffee bar
201195,parisian
380,brother brother relationship
209907,candlestick
185318,mistrust
11001,religion
209404,handyman
169909,spiderweb
185454,u.s. military
233957,royal nave
217320,ampitheatre
171854,betrayal by friend
197822,american spy
4623,casting
11005,prologue
210934,magnetism
6274,learning and teaching
14625,anti villain
174497,nude model
180494,family farm
9981,bugs bunny
10982,king arthur
5154,fur
180472,phantasmagoria
5672,billy the kid
170091,drag net
181656,political candidate
189432,hunting dog
33610,gym
164306,legal battle
6197,store window
160967,convalescence
2861,gallery
208873,acceptance
238225,country road
10933,new jersey devil
2472,form of government
972,refugee
12094,business
167836,squall
170648,religious art
196964,power of goodness
181331,octogenarian
188238,loire river
180087,enemy agent
185200,pirate ship
5037,checks and balances
220761,windy
193300,one woman show
166694,flashback within a flashback
187197,jewish culture
6425,vw-bus
165441,flying machine
186447,rogue
4515,northern africa
229128,sleeplessness
183576,bizarre comedy
206039,analingus
237928,adult children
12631,long abandoned
160097,intelligent
197619,foreign
191428,song writing
33420,racist comment
182584, fishbone
195871,blood thirsty creatures
1927,car breakdown
176690,waves
2304,market economy
228195,the three stooges
181138,yosemite sam
181084,cinnamon
15291,on the road
6770,dr. fu man chu
18330,nature
193876,black belt
8949,weltverbesserer
6310,national park
1775,demonstration
234044,malcom x
33519,courtroom
15160,divorce
167979,sears tower chicago
195012,synchronized swimming
41611,martyrdom
3095,antiquary
158086,recluse
193904,alternative lifestyle
188124,medal of valor
167963, wichita kansas
13126,limousine driver
34145,beach house
157584,megalomaniac
537,palestine
3219,precognition
188721,mandarin
154882,appeal
230385,plasticine
177281,parasite underneath skin
197410,sleaze
164002,beckenbauer
155759,horse racing
168554,german stereotype
2115,to tinker
182239,jaipur india
225189,nico giraldi
204390,cosmos
229635,briarville missouri
207804,ice cube
172365,magic trick
220290,ape woman
209118,woman in peril
208400,foster care
203165,dredd
220905,green day
2499,heal
221240,curtain call
197892,crime drama
155441,inner sanctum
161285,polar night
161919,adult animation
3388,space colony
11222,prophet
2055,creative crisis
3518,ascot
206041,professional assassin
197927,toy soldier
159480,fabergé egg
203703,power girl
1484,pitcher
1336,ransom
193042,tank battle
172240,limp
199717,heavyweight champion
11732,cigarette smoking
208417,newsboy
10012,chase scene
214597,prison farm
12548,shooter
184948,disney channel
5499,burma
3406,fall from staircase
173389,older brother
188594,aeronautical engineer
33508,doomed love
170047,baseball glove
18106,knife throwing
207658,secretary of state
200413,space elevator
228464,convicted
196691,step sister
227385,eternal
162702,dust storm
191444,gamma rays
231895,typing
222186,publishing
156336,loudspeaker
179986,imaginary creature
181223,bridgeport music
167431,alley
237624,loving father
164682,stuart sutcliffe
3977,product placement
18005,high school friends
194418,mail carrier
165913,uncle niece relationship
189415,machinery
209812,criminology
190352,premature aging
232550,stepmother
11371,deserted town
13065,soldier
163086,pripyat
6357,tobacco
158217,colonialism
6034,theatre milieu
221872,failed business
3217,plato
41597,revisionist
200220,tragic male character
161157,coprophilia
9433,concierge
156192,gentle giant
176223,bulldog drummond
236546,cutthroat
196500,film buff
195739,somali
189435,communist party
238543,falling building
221999,guadeloupe
1755,fascism
209346,how to
166827,hiding from the police
191475,mohave desert
195014,pratfall
186150,street fight
3933,modesty
2769,deep sea
9137,pinochet-regime
190285,henry viii
215370,population explosion
196704,fear of losing
15234,convict
3291,kentucky
1566,dream
169358,financial problem
7156,commander
180940,chinese man
6976,druid
8075,filmteam
11444,gun held to head
193309,police shootout
237565,self government
158679,pta
227428,female serial killer
4130,adoptive father
169160,gameboy
1947,answering machine
171241,doves
6348,green
214812,nauczyciel
2626,exorcism
192698,shinobi no mono
15051,inside man
10909,lawyer
209940,village people
188607,rube
181962,labor camp
33341,tea kettle
234798,deputy head
10404,dog fighting
162630,zero gravity
10379,porche
237296,mh370
169978,the color red
209595,mitochondria
206447,haunted school
8442,irish mob
1805,curfew
33896,montage
156769,three card monte
197083,jocks
226546,embedded journalism
2006,extremsport
2210,climate change
11663,camp
191130,police hunt
208744,admissions
177817,sperm count
192596,sid vicious
3246,prosecution
208170,abusive marriage
9181,alter ego
220207,sommelier
158935,newspaper review
229148,jayhawker
7596,german mark
167114,loose cannon
228777,portal to hell
15216,avant-garde
12349,paul bunyan
2488,self-abandonment
33808,warden
8812,palmen
198724,serie b
215087,economic bust
11209,middle aged woman
155493,campy
5930,getting lost
161521,navy life
180396,wrongful suspicion
1197,nevada
156433,explicit sex
208117,lew harper
4235,duke
187787,cut on face
33595,pier
230459,cursed accordion
41515,gay parent
3052,olympian village
220862,seven gates
220613,serial dating
184759,playing gin
200646,bowling ball
215882,russian secret police
185255,"la paz, bolivia"
236892,groupthink
9702,broken lizard
158967,brooklyn bridge
236383,relationships
191978,pcp
1772,german democratic republic
5739,waterfall
3341,leprosy
215741,shantytown
160325,guadalcanal
5605,volleyball
11058,super speed
189008,empire state building
155170,inspiring story
15127,killer
166662,address book
6762,refugee train
234899,former film star
18267,vienna austria
4615,folk hero
214575,sonderkommando
193008,red army
156140,baltic
168502,nun costume
14638,american
195719,wings
163127,mexican
2458,profit
2580,shipwreck
189212,natural resources
205624,ozploitation
3804,post
155167,cult director
192002,biblical
170174,locked door
236336,dance show
223824,amok
167085,zombification
4898,armored car
190344,temporal travel
175050,mouth guard
10700,hood
10439,gamer
173476,late for school
3268,secret base
172789,cross dresser
1632,opium
5858,leeds united
181085,personality
159688,merry go round
208262,lottery ticket
191657,locked up
4792,mental control
234645,school library
165278,linguist
155080,art of seduction
14742,psychic
206686,righting the wronged
184239,teen anger
207939,figher airplane
4531,munition
208644,federal government
10146,vasectomy
157216,handcuffed to a policewoman
155347,stockman
231680,wanted dead or alive
190004,collision in space
13153,spirit
10812,airplane accident
7478,edgar wallace
186576,protest march
209037,nomination
164593,nightclub owner
6593,stripper
171814,medical test
187910,kick
223202,do over
155479,british pub
221355,nature documentary
10756,janitor
160876,joint chiefs of staff
34143,rich
208879,mockbuster
235638,u.s. general
181644,hunted
169953,lost treasure
200350,ford model t
2278,women's soccer
237347,underground city
194088,heart warming
162278,window smashing
33760,great barrier reef
166262,valedictorian
163895,newsreel footage
209282,french alps
41509,hate
169981,the color blue
194121,underemployment
2289,cigarette smuggling
197314,sexually transmitted disease
8773,eastend
5299,war correspondent
234115,burning at stake
182145,lime
14814,fur coat
41382,car fire
14903,home invasion
233858,commerce raider
207839,leper
18250,live action role playing
11097,part stop motion
194139,day by day
2982,leaving one's family
154990,interracial
222081,anagram
897,rap music
3457,cellist
3429,diet
1244,hungary
157198,belfast
181137,tasmanian devil
169134,simulated battlefield
3700,garbage
5648,theodore roosevelt
166267,history class
159425,schematic
3546,florida keys
157903,blood donation
155024,drill
162178,broken hand
2020,revolution
185212,field research
156099,new york yankees
157150,pluto
10685,escape
10561,video camera
163203,tattooing
17982,moor
168192,speedboat 
10530,atlantic city
194062,wells fargo
7749,reicher graf
6020,auvergne
40931,witchcraft
177118,office temp
158628,foreign language adaptation
33358,contraception
15346,old dark house
33608,gardener
226877,request
195926,komponist
207428,desert warfare
188667,park avenue
238706,atf
1968,prisoners of war
4352,thomas cromwell
209889,west germany
167550,handicap
33465,parallel world
593,globalization
189479,molière
208397,death of wife
33696,sea monster
175428,adventurer
10683,coming of age
33969,miser
11263,electric chair
209700,boxer hero
198914,institution
181325,dangerous mission
234479,contacting spirits
8350,sprung
193706,beer garden
181167,huldra
232967,flatsharing
179510,wrong diagnosis
236475,rio 1
207126,homecoming queen
188071,stolen child
5569,vomit
156578,newlywed
234753,ancient curse
1950,vororte
1448,distrust
160400,sugar
163098,newspaper reporter
186892,shih tzu
184014,dairy queen restaurant
217421,key west
217992,thoughts of retirement
6240,thinking
159007,women dancing together
4388,titanic
2338,alpine hut
34041,canal
4436,addicted
155410,reading
154867,jockey
4721,violin
226426,mass grave
3741,talk show
235618,helen of troy
193213,george washington
18051,female stalker
1462,samurai
231698,state penitentiary
185733,gettysburg address
333,mushroom
171585,poetry workshop
212009,crystal skull
237379,remote location
232797,early cinema
4510,interest
207758,berlin airlift
238818,police lineup
199660,fall from grace
172505,ice sculpture
156517,mision
190024,american revolution
209502,sherpa
18064,singing in a car
219901,weird couple
6447,woodstock
208333,otter
170472,bb gun
11442,heirloom
390,skateboarding
199076,disaster movie
11207,u.s. marshal
180798,food rationing
18035,family
208331,criminally insane
155722,teen comedy
192995,frog prince
957,indian territory
41396,task
236910,czech history
33656,pervert
6710,interpol
15325,universe
195819,beggar clan
33458,gay man
198141,strange person
186233,improvised explosive device
180829,robert e lee
2475,kazakhstan
192044,ju-on
6010,geometry
5219,ceti alpha v
221615,mauling
208781,intimacy
209981,dadaism
207147,státní bezpečnost
189215,water conflict
173244,waiterss 
200128,dalmatia
217157,open ended
192786,sweepstakes
15197,porn director
208567,canvas
181120,dance director
33402,wing chun
190320,mars civilization
200216,self acceptance
3352,tree
166673,chinese communists
378,prison
2177,sauna
3588,navy
181565,spin doctor
6423,guesthouse
179935,flare gun
226182,old fashioned
202898,edwardian
1601,war on drugs
183229,most dangerous game
159859,gold theft
157722,domineering mother
34013,shoe shiner
158952,pendulum
159809,run over by a steamroller
11478,talking dog
208515,siamese
2074,pflegeheim
155270,redhead
33088,rave party
164401,hoedown
14641,based on memoir or autobiography
6178,newfoundland
179565,michael myers
161184,reboot
219967,crafting
33483,u.s. congress
4508,principal witness 
2843,fetishism
162415,mountain cabin
4478,leopard
200129,summer romance
10293,kibbutz
4598,eraser
202912,alexandre dumas
163815,baja california
496,poetry
7151,junk food
162735,disability
187524,crank
206125,montenegro
192530,barflies
207761,cyclist
199073,wife murder
189001,invitation
163434,tartar
158019,grandson
167970,credit card fraud
11390,liposuction
217999,bedtime prayer
180074,government official
231398,evil force
179468,interracial adoption
5129,to make music
13139,animism
209837,death incarnate
180421,documentary footage
228295,orc
7038,giant bird
208523,japanese film
3595,deceived husband
6812,film festivals
884,cinecittà
174426,dissertation
10760,barker
33984,killer car
163277,childbirth
4587,password
206709,unfulfillment
12095,omaha
172139,land war
9778,exploding building
5917,corse
3837,failure
200347,filmed on location
193695,visitor
208792,streets
483,riddle
163129,dual role
193507,oil field
207639,grand national
226500,polygraph
232459,echo
232766,vengeance
10695,men in underwear
11507,republican party
221936,night games
232649,busan
175360,crypt keeper
226371,video phone
205267,rubber duck
10686,battle of the bands
222258,underground complex
209811,slumlord
5923,sister
168713,neo-western
226285,cell mate
2845,seaquake
9075,flamenco
258,bomb
213485,louvre museum
1872,loss of father
231750,coming home
236534,bűnös utakon
18015,tutor
215465,fulfillment
4147,robin hood
14632,suburb
165086,star crossed lovers
163221,failing marriage
3261,street war
157224,boots
10045,tragic villain
3810,jumping
229851,fictionalized history
163255,mechanical hand
199274,arrested
7963,guantánamo
170827,sex comedy
160312,postal inspector
208322,pontiac
169451,cobbler
167103,bitten on the arm
209849,american mafia
221412,colleague
190204,socialization
2859,lava
3307,surreal
179527,reload
207003,mythological
176317,barking dog
10056,charles manson
2214,twister
183214,new car
9331,intersexuality
10776,marijuana
170200, expressway
162459,alien language
188994,publisher
222143,opera baroque
15278,prison sentence
192312,foreign correspondent
159871,horse carriage
228279,mysteries
185201,illegitimate child
4701,decipherment
190801,blondie
3203,pilot
40829,political activist
178899,dogcatcher
208162,mutated
191155,baton
163047,beverly hills
160396,all girl band
234323,event
6328,crook couple
160413,unemployed actor
215727,detonate
2063,taskmaster
182706,prosthetic limb
156648,swat
227489,derelict ship
195607,aria
10033,friends who hate each other
181659,political corruption
184994,saturn v rocket
199264,house-sitting
8421,saddam hussein
233704,draculaura
155857,strip tease
12636,relive the dark
156138,cinemascope
178425,music rights
207970,female drummer
193574,international intrigue
158697,installation
154950,venice beach california
8754,concubine
170013,japanese surrender
9682,history
14905,britain
237016,love spell
164865,male stripper
1966,royal geographic society
5988,mennonites
18100,seppuku
181375,satanic
180480,american mexican war
208404,bull fight
12096,hair
13209,cabin in the woods
195537,forgery
159358,explosives expert
11595,american culture
5604,pavilion
175506,blues music
4263,duty
2134,press
189220,royal marines
196541,pohádka
232126,long john silver
185655,misinformation
228611,fertility
12105,student
204177,blood shower
188952,eaten alive
4367,jinx
217475,los angeles riots
213202,new latin american cinema
188462,rowing boat
2220,polar zone
215863,cryptozoologist
208954,lurker
215005,d. h. lawrence
178523,cheesecake
173811,jamestown virginia
15227,counselor
227429,crying male
171081,laptop computer
221536,exploring
196682,rich man
13519,german occupation of france
163242,teenage rebellion
220500,juvenile hall
17989,prison visit
228344,big爆任务
160244,lead singer
162861,ancient greece
11860,fish out of water
221657,gun enthusiast
194834,amityville horror
164124,mass media
229654,positive music
170085,attitude
2601,telephone joke
188922,cattle rustling
199551,insane
11541,surprise ending
1546,ambulance
10182,southern baptist
6687,rotterdam
9639,playboy
172732,police fake
9739,extraterrestrial
218121,murder of a police officer
187251,blood brother
10122,reanimation
188959,plague
162304,elevator shaft
184119,cult music band
3864,false identity
194165,presidential elections
155402,presumed dead
215505,filmed opera
13005,doctor
164468,bustier
7525,chancellor
203223,mighty morphin power rangers
208503,liaison
10410,conspiracy
162874,wad of cash
210200,english garden
171162,harvard law school
198777,mature woman
12427,criminal syndicate
4183,wife
33926,chorus line
208965,carnies
169123,awol
165369,sailing ship
175016,cauterizing a wound
3721,health
210162,grim
14541,crash
178259,crawling hand
10929,attila
10043,stepping
198912,riding freight train
234325,sudden death
234766,jigsaw
2564,wheelchair
198343,observation
187308,campaign speech
187651,brain scan
235766,favor
180439,stamina
10168,aviation
33813,secret life
155865,club scene
8079,cornwall
164118,yoko ono
33067,drug bust
155241,customer
188849,japanese family
196297,spooky house
208526,insect
237682,secret chamber
156197,cripple
15267,james bond spoof
222299,island camp
204981,the bowery
199050,player
215169,emaciation
209619,aborigine
182625,rich snob
14677,bullet wound
209576,metal band
211258,watercolour style
164193,uncle nephew relationship
5752,private lessons
163714,tongue
193982,modular
182069,jumping off a bridge
200464,gespenst
234164,opera star
214452,traveling circus
181028,western band
226552,heir to fortune
6657,monolog
163096,battle of the sexes
9865,chase scence
9896,lion cub
14569,chameleon
6150,faith
187321,post civil war
168658,tv writer
226958,typing class
187360,courting
158389,wristwatch
4457,butcher's shop
158269,oil refinery
232552,ugly american
4579,magnet beam
192639,pepsi
188656,friendly fire
167424,off track betting
33416,power politics
15213,vicodin
232690,eccentric actor
235617,sparta greece
5878,baroness
190057,simulated sex
229078,test flight
2417,self-awareness
196058,difficult parents
208476,starting over
1679,arbitrary law
198998,unlawful
229775,maquis
232370,smugglers
173861,deformed
220561,isle of man tt
163128,scalpel
188266,starvation
169878,story within the story
220265,napoleon bonaparte
226241,satellite dish
191100,romantic drama
165583,interracial friendship
174511,casino owner
227719,alien civilization
236569,wrongly accused
189931,guilty conscience
192195,mariposa
233290,harakiri
3969,chapter
222962,cigarette burn
199093,trouble
13127,farmhouse
5543,cow
201712,climber
196987,voodoo doll
163864,incinerator
2983,passion
162340,expose
4406,military court
155574,sesame street
2171,kaspar-hauser-syndrom
3298,hallucination
210494,archangel michael
211044,alcohol problems
215495,islamic state
191206,former flame
201947,prehistory
4896,wish
224328,road hog
203286,network
210284,off screen rape
33895,led zeppelin
174420,intern
2103,old town
230458,soviet defector
162813,law firm
159839,rough
5310,approach
187844,flashback
191915,trans-siberian railway
207638,dream alliance
197106,dead teenager
165093,briton abroad
209359,vaudeville actor
13154,world
4999,risk
165716,perónism
188072,mortgage
233100,tips
192344,marriage of alliance
18480,tropical
200647,car radio
211067,country noir
208914,cult of personality
235546,wedding guest
208974,nursing school
171957,go
10656,child in peril
232775,pako
176876,fashion magazine
165608,military brat
15165,school play
156622,wild west show
41586,archaeologist
2984,iceberg
234663,best friends
2138,joke
209562,reneactment
8577,goldmine
4950,code
128,love triangle
2609,textile industry
194258,shell
5602,urn
2878,scientific study
180243,claim jumper
207770,stomach
164495,seaman
33721,body-swap
185950,jesus freak
195325,crocodile attack
183528,half breed
232776,perustuu tositapahtumiin
4076,massage
178883,autumn
4194,catacombs
33611,exercise
157237,compact disc
7348,indonesia
157716,predator turns victim
180431,drug rehabilitation
157959,surgery
14759,ape
40916,working mum
162710,culture
176052,container
207556,blind man
8864,amateur soccer
170143,bee attack
9403,resignation
234895,universal translator
4730,irish civil war
232488,terrorism threat
171054,understanding
175036,secret headquarters
163402,creation
169635,psychological drama
185320,exiled prince
208275,socially awkward
193502,saloon waiter
227068,spanning generations
9410,hybrid
233843,phantom of the opera
194164,comedy show
15210,wallet
232271,topless woman
155578,donald duck
174099,blue collar worker
8650,unwillingly pregnant
231097,Γη
1898,youth hostel
33500,story in story
11155,wolfman
163963,summer job
221307,chinese opera
3385,cryogenics
187824,headshot
165364,barge
171468,femininity
208085,population control
223059,animal horror
163403,great wall of china
196433,ruby
177339,pie in the face
4310,bobsleighing
221003,new york review of books
214496,positive pregnancy test
3306,highway
211357,video chat
6066,defeat
206075,tv news anchor
195114,space adventure
13142,gangster
207299,obscene telephone call
2848,tennis player
195397,subterranean world
33435,onanism
10148,tribe
14512,new york city
8700,charles vii.
6220,mafia boss
7639,zebra
182649,spiritual journey
191591,benji
160198,rodan
181239,scientific expedition
90,paris
220929,criminal justice
156456,animal abuse
186777,cervantes
193548,teaching the ways of the world
11133,japanese occupation
203215,label
18253,moving
177821,wanting to have children
185994,ex military
232922,pee wee herman
9632,forest ranger
235774,british raj
3026,reality
8908,widerstand
192413,milquetoast
225922,humanoids
211706,mob family
207926,caboblanco peru
226344,generation-z
157913,young
5451,comic book
172353,finger gun
177349,greedy developer
7640,butoh tanz
195529,pillage
161779,corporate take over
212643,abusive husband
5288,rock
5282,rolling stones
449,yugoslavia
232824,j. searle dawley
5483,coffee shop
155704,shallow grave
238382,cleanliness freak
1001,underground world
41172,schoolgirl
214956,alan smithee
180540,cologne germany
184134,archeology 
1332,cheating
746,vulkan
234641,teachers
10046,mecha
204262,film editing
8445,cannes
177232,cartoon skunk
157331,truce
2303,mathematician
44447,pie
4585,plastic surgery
230609,anne hathaway
9693,female killer
186195,pair of evil eyes
189424,new language
230307,komedia
18211,loss of loved one
216942,fourth dimension
197301,nez perce
233136,tv producer
6362,turtle
6993,pegasus
208155,hunting party
168593,fake fight
236277,invasion from mars
196640,arab spring
211744,forced suicide
161744,police tape
14724,family vacation
159520,martinique
180086,bad girl
156580,ghost story
155648,steinway
8054,volunteer
2078,mammoth
168547,prize
10967,concert footage
3515,banker
1718,dna
155843,black bird
180496,nicaraguan
175261,tomahawk
237647,straight to video
4158,enchantment
238339,hard-boiled dame
219954,gerson therapy
237496,postmaster general
1361,salesclerk
11868,ejaculation
184783,first date
154856,fox hunt
228900,abyss
5402,boxing school
6740,brussels
209518,health education
4527,flowerpot
7307,routine
234478,personal shopper
160522,wagon train
188098,renewing wedding vows
7675,mechagodzilla
192283,suffering parent
220630,reference to paul newman
15148,ostrich
228104,bonne pioche cinéma
15049,sex trafficking
193663,marly horse
8408,komplexe
200502,shinobi
156706,oil tycoon
155097,wreck a movie
163853,war injury
156233,counterfeiter
177258,police training
4978,immortality
10880,lee harvey oswald
232689,three stories
156560,cuentos
236991,happy go lucky
192311,social class
158054,spring break
177058,green dress
234175,trendsetter
209823,extremis
199723,sex trade
12413,downfall
221954,city of argos
177554,stealing money
177227,cartoon chicken
3822,teleportation
211608,chamber pot
211173,sheep dog
211214,meatpacking
155649,arthouse
236830,hootenanny
168093,henry rifle
212795,blended family
198744,kubrick
10714,serial killer
221021,diary film
214967,fashion photography
9425,kammer
9184,mondfinsternis
156034,opera house
215052,sarkad hungary
174908,pocket watch
9528,blase
227157,eagle scout
163833,gallop
190479,secessionists
3386,space war
8646,ronald reagan
194022,confidence man
12425,racism
207976,gorillas
171095,u.s. senator
211338,gagged
205740,force field
9118,unorthodox
194850,teruel
166529,winchester rifle
215602,quebec city
186353,revivalism
159488,dutch eastindian company
164884,jazz music
1565,loss of sense of reality
1990,cupboard
178368,baseball pitcher
174176,drugged drink
207557,docks
156100,minor leagues
207726,lousiana bayou
10491,swordsman
204374,love story
5885,childlessness
12990,singing
33439,sexual sadism
6750,charisma
220102,chronophotography
157471,shot through a wall
221696,kid brother
6943,bamboo hut
2700,sperm
1896,portland
161196,farm house
15118,ensemble
220389,televangelist
160925,horny female
198271,intelligent animals
5973,journey round the world
173213,terminal illnessdying man
199764,family disapproval
735,torera
234740,ancient religion
10345,esther
207585,life origin
8181,swimming pool
208178,human taxidermy
4339,johannesburg
207252,malick
236998,black comedy
3603,fascist
3703,law
167739,male virgin
155271,kinky
238175,ratatouille
163607,chinese food
194988,drag racing
157930,homestead
194943,henchmen
2969,curator
193419,merchant marine
2305,economic theory
186060,polio victim
163702,rum
157624,nagging mother
191994,sanctioned killing
190114,tasmanian tiger
170192,chop shop
212803,dissociative identity disorder
15009,criminal
2116,sleep
193552,heroic mission
185767,crime novelist
168929,sumo
233706,night creatures
156152,hagakure
3529,renegade
520,chicago
222850,art teacher
228360,roomate
198541,air marshal
189885,alexander nevsky
190658,womaniser
2906,nile
215415,australian bush
204151,keg
238147,morphine addict
10174,delta force
231522,fanaticism
185686,sweatshop
3028,penguin
488,moses
159012,woman woman relationship
177094,mud
228923,augmented reality glasses
224534,recess
210714,villager
18091,free will
2317,conductor
167241,newsroom
7106,cuidad juarez
221108,consolidation
2158,maze
197870,philippine history
234619,world's tallest building
157634,parasite
2841,lilac
197014,time portal
175536,obese
238029,inadequate pay
178902,firefly
6188,bad father-in-law
10572,music business
185438,crossword puzzle
3409,gdansk
3792,transportation
14537,woman power
9831,spaceship
5477,mistake
9725,sword fight
33474,band singer
178921,sous chef
10051,heist
196991,esoteric literature
12998,the muppets
3548,plagiarism
179417,hippie parents
221604,shed
220080,essay film
10833,survivalist
15302,evangelical christianity
215774,stringer
2140,chamber of commerce
190341,sporting event
4073,apoplectic stroke
170014,footprint
159700,getaway
234496,free fall
3679,society
221297,male pregnancy
182414,traffic
156338,corporate greed
166824,gas explosion
208553,wigs
15175,subliminal 
237390,prison break attempt
164821,burning a piano
162491,commando mission
233275,distraction
7239,kosovo
170206,tow truck driver
3070,mercenary
177071,horse ranch
229184,school class
225006,pakistan vs india
9368,tax collector
171493,student mentor relationship
196911,estranged son
238085,bloodletting
191726,nazism
224873,worms
220890,religious persecution
209422,oskar luts
188158,flintlock pistol
214498,needing money
174327,dragging someone
206930,strippers
175339,greeting card
171377,boy with glasses
171646,roofie
197114,wishing on a star
230456,indians vs. settlers
186417,bloody spray 
178898,cartoon dog
166964,melting ice caps
181221,music sampling
4328,costume
4605,maximum credible accident
158993,man in wheelchair
208278,hidden treasure
12554,dragon
191074,beach ball
6785,hairstyle
208304,cremation
162685,blood transfusion
4138,immoderateness
164877,heroin addict
196899,heroic rescue
14548,political assassination
10717,chain gang
9401,sherlock holmes
211768,convention
5983,pizza boy
5380,virtual fight
14735,motorcycle
228448,family approved
3189,white trash
5452,stunts
222478,miners strike
2080,stewardess
228637,gynaecology
1790,banjo
214638,toothpaste
196390,linux
4627,earth
12377,zombie
219973,terapia gerson
197088,revenge plot
198385,hentai
178507,swimsuit
179875,mountain country
8516,oasis
843,cataclysm
180225,freight
197240,tunisia
197081,airhead
15001,demon
4428,stone age
215195,the meaning of life
221320,southeast
175388,killer santa claus
161276,anthropologist
3899,chewing gum
18139,nuclear war
237082,torture device
215861,abandoned mine
181476,banana peel
7629,family clan
159408,scepter
212176,photo model
11865,sex outdoors
3234,baby carriage
238046,rectory
230872,failed exam
192736,everyday life
165752,search for meaning
233319,pills
185953,perjury
192947,religious film
9864,prank
161258,franciscan
2431,ghetto riot
220192,dirty joke
208973,night out
4112,strike
238207,graphic violence
175322,vegan
6211,fighter
2489,hereditary disease
193997,annuity
193760,australian outback
234580,blond girl
159514,subtitled scene
169970,child smoking
207569,human subjugation
526,rebel
233705,mattel
215872,bacteria
225210,memories
215858,female sheriff
219984,female buddy
2524,non-governmental organisation
11317,visions of hell
189098,courage
194310,killer children
235573,chemical leak
184402,missing
1553,pottery
12185,moon base
186212,medal of honor
158419,nuclear fallout
235235,screenplay adapted by author
181109,mother daughter estrangement
190349,chucky
187517,junky cop
234640,police cell
170378,schoolteacher
197808,fairground
200243,diy culture
224516,toy story
164060,girl band
10324,toys
3248,gigolo
10705,confusion
187121,lolita fashion
11048,legalization
14590,recital
236288,garbage dump dwellers
235972,awful leader
213833,blind woman
3295,vicious circle
161173,succubus
160529,product licensing
6042,disrespect
163252,alien race
236968,ancient tablet
163227,unicorn
164677,brother-in-law brother-in-law relationship
570,rape
161712,hook for a hand
161511,edgar rice burroughs
5348,to drop brick
193479,hypothermia
160980,mother child relationship
11503,hit
7210,weltbevölkerung
188293,remembrance
220113,red zone
3503,northern germany
211269,emotions
186914,letter to santa claus
182733,swim meet
175227,broken wrist
7432,rumpelstilzchen
12544,crying
206535,haunted manor
208009,gun fight
18293,chef
208297,art documentary
159952,west point
231044,dying traditions
162766,religious cult
196499,best man
193196,deriva
10280,farce
166241,performance art
155255,choking
11282,roller derby
234749,secret rites
228779,breast milk
158024,critically bashed
10013,death star
186936,wile e. coyote
848,double life
237346,plague survivors
161137,toothpick
221290,police procedural
158162,teddy bear
192865,burial ground
6553,beatnik
68642,intimidation
156966,minnie mouse
236679,shot in the head
6140,vice
197829,head nurse
10428,cultural difference
214418,disembodied hand
232687,serious accident
169062,garbage can
221262,blockage
221315,tar creek
186962,blessed hope
187259,sea captain
33657,chalet
187,islam
18161,baboon
208470,chastity
586,new jersey
173534,puppy love
157211,female bonding
189601,trojan horse
204009,tourism
158023,curiosity
160962,stepmother stepdaughter relationship
181329,big dreams
156804,menu
4652,bath house
187020,suppression
221867,no escape
12997,dinner
9819,visual effect
191711,stockholder meeting
290,angel
228632,elite snipers
208943,fouke monster
159640,hiding in a dumpster
170607,culvert
195465,boston cop
3739,funeral
12433,gunsmith
797,showdown
5413,bungee-jump
208115,coal miner
190614,hopalong cassidy
176096,generational
212651,galleon
41373,dead man
173265,missing in action
4455,snail
196511,wetness
160619,fake accident
3676,living together
233691,refugee crisis
13073,fear
164460,elopement
238194,contagion
220106,marching
1415,small town
159868,piano playing
219368,giant ant
191321,boulder dam
13031,creature
1904,life planning
3995,manchuria
196589,upside down
212422,scatology
161197,tuna
3134,louisiana
5100,supernova
14670,unknown father
186403,dance hall
220039,solstice
11280,dolly zoom
5978,progress
10931,drifting
165621,theatrical manager
160511,amateur theater
41355,teacher student relationship
10936,bingo
193046,noodle
4647,bourbon
155374,hussars
33772,deer hunting
210651,aaron swartz
2428,deportation
5830,barbados
220815,unassuming
187115,palmenhaus schönbrunn vienna
187370,catcher in the rye
191482,cad
157468,tarmac
156930,sexual confusion
156928,tomboy
234628,hen pecked husband
18382,pollination
192147,fleas
204060,monarch
8415,tierpsychater
172382,woman in jeopardy
193170,religious psychosis
207409,bodily possession
179124,volkswagon
180992,trail
225615,brexit
3872,broom
209649,wizard of oz
15275,parade
221549,waterloo
226083,american girl
188843,business partner
10406,hebrews
6342,nicaragua
4741,recording contract
15375,chains
220082,professional reputation
207009,hip hop culture
6071,middle class
185740,ethical dilemma
164700,river elbe
3290,laser
2110,capitalist
204004,orbit
202196,extreme rules
181485,chase on train roof
278,stockholm syndrome
191146,amazon women
1549,tutsi
212968,kiev russia
5835,martin luther king
5731,barbecue
160602,movie reality crossover
154892,head stomp
237062,financial backer
168490,dead parents
226754,silent protagonist
5375,artwork
192241,disturbed teenager
2765,fungus spores   
14783,false accusations
208577,motivational book
5504,asthma
156800,errand boy
11459,locked in trunk of car
10031,nudism
237595,beautiful bride
179359,boys' boarding school
207527,upstairs downstairs
9862,dam
229292,choral music
8747,diversity
193295,disturbing
531,southern usa
18075,political campaign
188662,sports writer
4719,mongolia
222957,male screenwriter
738,sexuality
207528,trapped underground
194534,spanish–american war
11494,drug use
2326,alibi
232411,people change
175924,child on life support
11486,sexual arousal
188262,male in bathtub
221835,kronos
185880,social reject
236152,papal conclave
232686,rugby captain
8264,symbol
5916,gallery owner
801,bounty hunter
508,nudist camp
187376,odd couple
212409,cove
131,italy
10873,school
15156,cell phone
206921,single take
182546,car procession
207187,reference to gauguin
207444,morality tale
220194,air guitar
223083,kama
235517,freedom fighters
189111,ogre
213820,mono
6974,rise and fall
183944,unreliable flashback
4619,train accident
191021,podcast
3256,infant
171401,pot
159431,voice over
223738,warring states period
9699,crushed
195543,indecision
210603,fire department
13384,tv morning show
208802,boating trip
4668,police operation
3037,mossad
10818,author
192389,rajah
160730,wild comedy
165402,semi autobiographical
163204,tattoo artist
3017,jazz musician
155879,boating accident
10267,comedy
10299,mysterious truck
157251,bomb planting
5545,satanist
7983,indochina
6722,orchid
171803,military school
10458,hands
11710,high school graduation
5500,playground
161213,high school reunion
164657,perfectionist
168855,rolling a cigarette
10915,last will and testament
237922,neglected husband
238422,moochers
6278,scholarship
10890,treasury department
238031,rich man poor woman
186746,nike
178331,annoying little sister
166479,deadly snake
10681,from backpacks to strollers
235260,perth australia
11672,cheerleading
235854,crazy mother
17993,potty training
178959,reggae music
233318,sleeping around
235592,criminal trial
15147,german accent
7910,phuket
190884,seabiscuit
210037,wooden dummy
179778,sponsor
238441,untergang
4142,insomnia
192638,camel race
4368,nuclear power station
5996,language
5373,damage
1335,sense of guilt
9465,jurist
10566,laestadian movement
18378,pesticide
158416,boy and dog
211558,body
169325,low rider
225530,rooming house
234297,lahore
159865,historic figure
33466,button
33401,master
238191,barbarism
207921,small time crook
9782,blindfold
18098,samurai sword
10007,tae kwon do
182664,frigate
208038,belly dancer
156296,job termination
193149,suspended animation
14536,crime
164542,movie camera
180366,broken trachea
155729,chip n dale
4528,song
9360,berater
209064,columnist
8731,street theater
4087,revelation
3633,dracula
226187,tray
5178,magnetic field
11292,societal hypocrisy
181117,bloodshed
159841,cigarette lighter
12428,taiwanese
1655,country house
181036,freckles
12653,brother against brother
229178,interrogator
194043,police uniform stolen
166974,explosives
157598,store
186504,referendum
222083,cooking competition
11493,animal as human
34156,tied up
208369,dr. phibes
171948,world wide
215334,marriage counseling
158261,bloody body of child
233134,classism
212059,college professor
238342,orphan girl
5945,zionism
10601,blaxploitation
2528,hydrogen bomb
197706,fearless
236624,nearby prison
161233,transatlantic
9249,backstage
160326,family power struggle
161178,wintry
217489,techno music
165485,music contest
189147,war toy
180518,video screen
214779,stool pigeon
167342,bomb squad
179428,censorship
3857,lust and impulsiveness
1440,spaghetti
188947,sidekick
180216,equestrian
174813,pajamas
223142,dance hall girl
219841,ting che
2246,confidence
41312,chute
1009,baby
179529,pinstripe suit
178863,englishwoman
227561,old hollywood
188356,separation from family
2659,maori
215534,polynésie française
204368,thai legend
18101,bow and arrow
189223,praying mantis
212330,slap
171169,smart blonde
193048,christmas spirit
227610,microscopic
225841,water hose
180912,olympus
172509,orange county california
201548,family gatherings
822,airport
187518,boy toy
175103,pilot hero
14546,massacre
2911,dakota
160341,closing down
5904,dogsitter
215306,vecino
26904,lawman 
159156,control freak
194921,sexual dysfunction
18298,tv show in film
232417,brother brother incest
168342,stretch limousine
11522,police officer killed
208983,probation
163676,gun for hire
163553,flickering light
233856,english navy
169161,money bag
163442,italian family
5767,summer camp
159401,misdirection
207668,whip duel
5984,dormitory
10809,teenage girl
3269,secret mission
4434,interview
199531,commentary
212621,jetboy
168040,character is subject of comic
174222,vanishing figure
10887,home movie footage
9138,autorin
225550,poliziottesco
230644,lynchian
179436,pancho villa
12616,dinosaur
158111,no opening credits
174252,name change
192709,giant ice cream cone
33491,part animated
227240,antisocial behavior
194998,curious
207716,actor
222063,cabaret singer
185927,adopted child
2036,greek mythology
175376,jingle bells
172242,toad
228676,publicist
180399,society matron
214714,futuristic car
159350,lobby
4009,witness protection
198070,감시자들
18129,labyrinth
6170,motherly love
220901,beluga whale
236476,río 1
162645,newspaper headline
233617,popular girl
8658,che guevara
157325,bandage
182656,pioneer village
6187,fairy-tale figure
189218,saratoga new york
11709,russian soldier
220651,castles
231703,erin cline
189868,rumor
194231,earl
2064,overweight
11322,female protagonist
181034,h. r. giger
213467,landgrabbing
10298,sensor beam
193506,wildcatter
220218,cursed videos
156175,dead dog
2465,rolling stone
15254,protector
163110,theater
187325,loveless marriage
160450,dean
178440,physics teacher
156885,junta
33673,apple
15039,chinese emperor
188348,scotch
229220,friend vacation
10303,domestic abuse
228782,wedding announcement
207292,topless dancing
190816,anniversary
33575,buchenwald
8633,tour de france
209221,arctic circle
157745,grand guignol
7479,vorstrafe
6406,escape agent
200189,gunpowder
232260,aspiring musician
11223,dream girl
238813,determined mother
206529,emergency
159343,heist movie
156444,trucking
179069,reference to barack obama
14575,mariachi
41374,joke telling
193009,soviet military
187788,man punches woman
10787,jungle
182824,charlie chaplin
33477,shore
188177,apple picking
224230,collage film
6778,world supremacy
192395,patsy
226287,aboriginal mythology
158688,rainbow
220558,binding
10735,rape attempt
5090,fool
222769,shoxploitation
177039,embroidery
204979,limelight
221945,small town thieves
8901,turin
2726,therapist
220114,storage unit
5340,investigation
191132,space exploration
191483,ambrosia
236649,bed and breakfast
15058,swimming
194868,mdma
174539,police inspector
219416,arch
193237,child care
1587,way of life
197195,space hero
191317,anti establishment
5151,salesperson
4602,stress
189391,boy dog relationship
155530,capsized ship
236960,local indians
4988,tricks
9630,renee
5751,mccarthy era
184988,childhood sexual abuse
7728,cholera
9255,sinkendes schiff
18179,drug addict
9207,storch
1405,roman empire
11794,pokies
4308,queen elisabeth ii
2285,telegram
9520,villa kunterbunt
192594,subway sect
161868,child's point of view
6405,kz buchenwald
159422,assumed identity
222581,transsexual prostitute
10610,live
12643,bizarre past
11018,irish
3734,ambition
173254,child rape
3447,charity
5573,broken nose
11699,paul mccartney
161229,g man
564,polen
11476,personification of satan
208703,rebellious teenager
175472,catch phrase
186822,old mill
4430,smalltalk
187240,contempt of court
6614,website
169101,pellet gun
208913,spanish music
3453,parents-in-law
214497,surrogacy
183974,anatomy
14658,drug trade
194514,ernest hemingway
187294,press agent
159341,recruiting
10738,diner
8621,sushi
8653,niagara falls
4317,wedding night
2316,women's sexual identity
208292,hostle takeover
232116,wolves
229287,wwe
194938,japanese folklore
180774,shot guns
211572,spanish movie
166339,prop
9017,westfront
226473,comrade
161219,consciousness
226415,radio news
199350,depressed mom
238129,mental telepathy
189425,made up language
11851,man beast
167726,surveillance footage
178471,reference to jack black
199812,nobleman
181235,color
211649,komedi
158256,gene manipulation
3839,unskillfulness
192266,personals column
159601,cuckold
179585,american civil war
2213,tornado
193102,collapse
2383,feminism
41267,bum
5706,kreuzberg
171427,whirlpool
4117,au pair
10732,movie studio
170778,scuffle
10476,double crossed
209962,dead friend
209077,flautist
190573,torchy blane
1269,energy policy
220831,facebook
180173,dead horse
208669,mali
193172,vignette
11696,underage drinking
155726,fenway park
188317,streetcar
190370,erotic movie
204938,supersonic jet
178085,common good
235525,toyko
225410,hippies
8082,piglet
157107,court trial
201460,mechanical lifeform
218001,shot point blank
236255,reluctant
177035,identity swap
177050,king louis xvi
182600,blue sky
165749,stairway
207867,seige
212020,illicit love
221326,boys club
12406,testting
5773,monogamy
175343,garage sale
197474,bonding
209096,forger
238265,beer consumption
12553,alien abduction
1365,harley davidson
207179,carabinieri
194702,snake dance
4118,ballet dancer
9904,french resistance
166229,prom queen
169046,writ
204951,sevdah
219991,elimination derby
164623,chorus girl
196901,shopping montage
196546,homefront
220189,operator
10582,television producer
2466,sarcasm
220903,humanoid robot
164852,steel worker
6090,equality
4058,eye ball
180543,boyband
155445,bank vault
227626,rooster teeth
210111,dollmaker
41153,meeting
156210,labor organizer
193999,fatima
160953,female lifeguard
2586,externally controlled action
6701,verdun
7271,tv ratings
233153,white water rafting
207636,african community
183427,horror for children
193263,old mansion
4707,canoe
1200,greece
6550,hot rod
159299,punjab
209570,end of times
1408,shoe seller
183422,floating ice
11528,hallucinogenic drug
2705,madeira
157222,big corporation
17994,firecracker
18268,atomic reactor
185158,preparatory school
199047,zone
185512,foodspotting
193284,freelance journalist
163113,aum shinrikyo
210520,car culture
189895,depiction of god
9503,outlaw
5260,geneva
190157,nightmare becomes reality
230619,kalaripayattu
170615,jack of spades
529,ku klux klan
186107,sexual exploration
207121,lordi
170337,aeronautics
183795,wipeout
182216,bomb explosion
33342,conga line
189436,voted out
39737,seaside
6678,polar bear
175916,riding a bus
207445,prison life
7499,zeh
180084,werewolf child
2495,georgia
199850,philanderer
188280,sea voyage
9202,isle of white
233185,rollerblading
215003,king cobra
178520,beach blanket
18117,female spy
195818,inner strength
162334,sentinals
2249,camcorder
2820,wound
227864,comeuppance
159212,mountain climbing
232807,apulanta
208040,cotton picker
7890,bermuda triangle
4323,hunting human beings
4516,romantic rivalry
6346,trade union
3485,comedian
11004,rural setting
6016,biology
10400,airship
215567,hotel owner
187356,modern life
197390,organ theft
210754,class relations
7375,twin brother
193400,teen drama
155499,convoy
166802,prizefighting
156168,hole
232707,survival training
167925,employer employee relationship
192831,human behavior
234931,custody hearing
11268,psychologist
174469,belching
10155,steroids
200470,mass tourism
2281,mistake in person
198856,french countryside
165835,smokehouse
185867,video gamer
178423,embryo
4150,swampf
203289,structure
178326,oblivious to woman who loves him
4289,secret agent
2076,atlanta
191703,skandinavien
14558,bathtub
167411,ragtime
156085,little italy
234587,montreal canadiens
4505,judo
163108,indian raid
180217,indian chief
225415,absent mindedness
222665,missing wife
158639,missing father
198233,찌라시 : 위험한 소문
34051,team
187890,menstrual blood
213987,city ruin
228037,the ring
202518,pacquiao
33489,transcendence
185466,kung fu master
10807,salt lake city
165445,welder
171375,defenestration
197505,nymphomania
8039,campus
234102,misfits
1223,switzerland
165212,modern day adaptation
220698,online lying
182198,karate class
221319,northeast
228331,riding
11790,spoof title
1879,shower
155518,nouvelle vague
172859,lecturer
185016,miracle drug
196712,egotism
4752,punter
6057,peace
9547,urteil
964,servant
213492,ganga
226448,vril
185420,antique dealer
196958,dating woes
232625,murder castle
210649,cyber bully
155457,screwball comedy
1527,gladiator fight
177055,dead rat
495,scapegoat
155435,insurance investigator
33740,humiliation
960,homeless person
234346,fury
229211,military crime
231063,umerziehung
167492,war filmmaking
179383,father daughter reunion
208059,creating
198649,venus
1874,car dealer
180124,quarry
196396,turnstile
219803,killing a cow
11454,scam
207925,wanted
197707,bleak comedy
18042,affirmative action
18266,south america
155204,development
2957,vietnam war
236379,punch and judy
4295,collector
226551,hackensack new jersey
157465,eyeball
14926,katana sword
206828,pacific  ocean
33642,manifesto
168141,travel writer
156019,lumberjack
9750,bayou
5638,arrest
157686,car run over
2796,self-discovery
195889,poor
191348,neanderthal
234216,tennis match
41277,umbrella
196096,nazi party
176572,film canister
192843,speed boat
214954,recuperation
192159,hindu mythology
238719,virtual world
237462,wealthy family
220694,banjo strumming
5948,studies
3075,ninja fighter
3078,war strategy
182633,channel surfing
10558,bmx
238137,mysterious events
7328,hanukah
178657,tech noir
160510,travel agent
12663,little girl
176512,french restaurant
160488,hoodlum
174209,self exile
3278,kgb
4547,landing
159529,glider
7947,war of independence
155511,stagecoach robbery
178317,book signing
8902,mine accident
237605,society wedding
10450,boston celtics
182536,suicide pact
190100,new school
180440,totalitarian
173362,candelabra
163078,creationist film
18127,new neighbor
190209,anatomist
236976,boobs
180179,fire extinguisher
222112,science fair
216087,roadside cafe
209646,mental problems
6123,global economy
162078,female singer
176585,blood sucking
169639,smart car
33928,audition
209192,puck
226381,minefield
18232,opec
188154,rites of passage
1720,tyrannosaurus rex
227703,local celebrity
209049,banda della magliana
234123,trolley problem
210288,police woman
188172,ballet class
171570,black and white to color
8708,sketch
11720,officer involved shooting
228882,self deprecation
161742,film starts with text
203857,penthouse
217902,draghi
6972,caracas
10525,broken neck
2173,illegal immigration
197130,epic poem
214592,film clips
171749,reference to ed mcmahon
11547,slaughterhouse
192261,bank job
176511,pornographer
232926,odin
155790,private detective
5344,bottle
170344,imagination
155723,jack ryan
184118,juggalo
190656,glory hole
33462,handcuffed
6149,police
2533,fighter pilot
158415,beagle
700,italo-american
202560,circumstance
188320,talking head
232976,burglarized
161230,train conductor
189598,reference to charlie chaplin
169604,conga
7443,kidney transplant 
191807,embalming
172872,handshake
194027,gun dealer
211464,subrealism
197997,steel town
221960,social allegory
45141,carpenter
1663,go-go dancer
195372,emptiness
197413,dunkirk
227704,npo
208817,indie rock
179569,terrorist bombing
231669,sermon
14595,lap dance
162914,one night
2470,education
173484,story told by lead character
156708,studio tour
15482,kato
165381,consort
416,miami
10626,jinn
163531,albino
1611,hotelier
226414,erotique
217807,street performer
216961,suicide contemplation
14751,youth
195858,satan worship
190357,macbeth
223400,gill man
190755,meaningless existence
229346,apples
40900,library of congress
4608,brokerage
234817,dark web
3519,silicon valley
12541,misunderstanding
155103,tails
199659,bookmaker
193193,era
1495,fishing
161217,pseudoscience
167664,blood spurting
169085,double act
206981,vaudeville performer
10614,tragedy
215162,indigenous peoples
190190,rich girl
6939,north sea
166631,loan shark
4569,gay night club
217119,family comedy
5593,pornographic video
160595,looking at the camera
10987,cgi
3237,subterranean town
162487,wisecrack humor
161133,famous speech
2671,heroin
11190,sexual attraction
191654,rudolf steiner
235676,heretic
172455,fletch
210383,coding
2333,campsite
1862,coming out
229656,triumph
10093,priest
238467,isolated place
194023,railwayman
1774,news broadcast
2836,cheese
177219,tweety bird
235457,drones
8496,breast cancer
159197,digging
204971,allnighter
159539,rich people
1652,bread
8583,angsthase
162199,standoff
5863,mekka
230375,fued
234638,policewomen
175681,gluttony
171026,marbles
225878,youth choir
214839,nikola tesla
235791,barbarian horde
176344,oil well
208636,ashtray
167210,fictional awards show
172440,reference to sharon tate
156177,mud mask
192412,greyhound racing
234084,terrorismo
2299,violent father
194703,glenda
188725,trenches
3763,beobachten
171938,world map
18082,flamethrower
9829,french movies
206841,working women
166541,betrayed
2754,trauma
194401,war in europe
12602,no dialog
215680,kleptomaniac
187983,amateur film
11829,infertility
12654,armageddon
6418,nato
7154,tatars
34269,ostia italy
207803,prodigal son
157459,evil dead
226790,bookstore
11501,cheating wife
215124,hollow tree
163972,picking one's nose
212420,transgressive film
3367,body cult
193650,pickles
2826,wanted poster
234348,action  movie
226424,gun control
183955,somnambulism
165531,straw hat
226427,cement truck
208421,american tourist
11316,sexual humor
13156,cheering
33786,apollo s
14896,reavers
33496,construction
208997,bureaucrat
6697,butter
158219,swahili
234632,ship's captain
6472,midwife
6756,elisabeth of austria
161172,gods
10650,prawn
227595,absorbing power
199658,knockout
158039,hotel manager
217328,death match
156076,human relationship
161001,war souvenir
220524,iraq invasion
194846,night club owner
175603,mercedes
223211,whale oil
192593,x-ray spex
167477,land mine
11425,male with long hair
212542,communication
195516,missile threat
214511,sunburn
209045,video dating
181322,nitroglycerin
10596,argentina
9772,pubic hair
188992,new york skyline
193227,lunatic
161159,bill gates
213450,summer holiday
224686,whales
189420,communist propaganda
12564,werewolf
10391,mafia
190046,commercial fishing
186946,the saint
209076,siam
177163,area 51
196133,argentinian history
193275,devil's island
223629,dragons
234178,wachau
2689,dementia
166995,wild man
159103,mourning
5343,molotow cocktail
8009,marching band
187203,casbah
177652,photo album epilogue
33974,fortress
161220,quantum mysticism
163998,leaving home
180441,antigen
206585,wacky gadgets
194978,film actresses
208747,septuagenarian
163806,tdrug lord
208424,member of parliament
34009,tough girl
228607,x-ray vision
168603,deep space explorer
169887,reference to superman
11266,evil preacher
15161,rebellious daughter
5404,meteor
208306,teetotaler
154863,east end
176220,financial ruin
2660,strong woman
2019,liberation of prisoners
1971,mine clearer
5744,governor
173010,evil woman
4257,amulet
4418,pirate gang
167536,shot in the shoulder
238222,year 2002
158427,pool table
208653,oz
7281,shooting
188339,surgical instruments
279,usa
207183,royal canadian mounted police (rcmp)
188626,drill press
7921,multiple sklerose
170118,makeup artist
157669,health club
208080,passion play
215711,improvised
272,transylvania
238240,Øverste hylde
7939,portal
203702,mr. freeze
6717,louis xiii.
4262,tea
14946,fictional war
223010,wolf larsen
5728,tycoon
157266,schoolmates
10715,fire fighting
155954,queens new york city
6095,house
160350,evil prince
539,middle east
393,civil war
197362,x-ray
10217,tourette syndrome
3416,radio wave
2172,zoo
4691,occupying power
33739,molestation
8890,cornflakes
193460,mother child separation
226198,spanish shawl
207699,gaucho
175077,kicked in the head
5035,human weakness
156217,u boat
3321,childhood memory
9921,easter
199835,sliver pen
215305,entrails
3823,weather manipulation
8903,the doors
196348,presidential visit
232699,silat
1961,landmine
1715,symbolism
234363,overboard
2725,sunlight
229206,british noir
225910,franz liszt
212914,warsaw
4010,log cabin
10984,true
208109,intellectual impairment
228194,collision course
3412,star
18455,tolerance
168874,toast
890,races
7879,secret love
210371,garlic
174203,remorse
158253,mutant animal
217115,art restoration
237799,disgrace
187033,center of the earth
2348,hustler
2569,prime minister
206694,master villain
5927,violence against women
170339,rite
178475,promiscuous mother
184760,gin rummy
41590,love sickness
229810,female pedophile
172418,engagement ring
10762,penetration
12198,pumpkin
173343,celebrity impersonation
188762,gas station attendant
181246,indian tribe
6219,oakland
187280,blood feud
172164,consignment
177231,basketball hoop
10388,lord
180092,nyc
214410,ottoman empire
187204,religious prejudice
238590,bazooka as police weapon
157758,axe murder
201689,year
5359,marine biologist
190427,vaudeville act
2589,pet shop
1667,pimp
221004,investment
191491,evil ginger
10128,strugatsky
170053,steak on black eye
7954,salzburg
186070,gurney
12569,witty
196587,riding lawn mower
15265,howling
215825,accidental drowning
15106,psychiatrist
169654,overprotective parent
204016,child loss
4232,melancholy
181554,lyndon johnson
41281,shady
899,rhyme battle
5435,commune 1
205349,space camp
6698,mondbasis
2311,cabaret
163994,raised middle finger
187316,burned at the stake
156402,dadaist
1568,undercover
223373,evil ruler
222053,bar dancer
221226,circuit board
190823,social realism
2880,test person
189358,squatting
221663,alternate life form
155544,horse track
13122,range rover
229872,rhythmic gymnastics
237376,fake miracle
10637,food
234621,holiday abroad
207603,girls
207127,gyser
11116,airplane wreck
165540,fake blindness
238262,mitts
2359,headache
18305,oncologist
188950,corporation
164715,photo
170435,cruel joke
10250,redneck
191480,spinsters
229664,burned by boiling water
11723,rogue cop
215995,black pantyhose
9602,skipper
191522,tire iron
209822,iron patriot
157202,one woman army
10081,locker room
235704,pet rat
210245,bmw
181566,self immolation
236374,attractiveness
3501,bed
10044,tragic hero
180550,rainforest
1815,atomic bomb
217957,penniless
3092,slime
207507,puppet film
12571,mankind annihilated
238136,gory violence
190150,soldier of fortune
187254,falling on someone
214775,afrofuturism
193730,khmer rouge
192345,soccer team
3825,oval office
208327,zealous
8636,blood splatter
169326,caller id
236652,nest egg
156597,magic realism
168807,reference to family circus
18254,laptop
11726,poetry quote
160845,dressing room
210393,nuclear reactor
2295,eastern block
201363,weimar germany
233054,talky
233144,begins with a flashback
9866,basement
158591,injury
213852,personal trainer
209218,summer stock
13026,porky pig
156391,peeping tom
11181,decapitation
11400,sergeant
156881,oxford england
186420,downworlder
222114,fear of dying
156827,public restroom
234324,unwarranted guilt
2031,orpheus
184951,gun runner
40953,car seat
44413,sundance kid
238140,forced to kill
7303,camorra
192094,fire fighter
236086,crawlspace
174916,bowling alley
18457,minister for education
238589,gantry
164664,marriage engagement
236226,anna karenina
214544,horror anthology
13092,corpse
2168,drive
232663,arab jews conflict
191627,anthroposophy
179567,crisis of faith
180512,all knowning psychiatrist
212921,polish movie
221665,deputies
155888,teenage daughter
235731,ski holiday
226181,supper club
185227,ice cream cone
204175,fried egg
156105,hollywood bowl
161048,japanese food
156573,slevin
4336,fall from skyscraper
165870,riverboat
185250,street musician
2749,riding accident
210017,blood bank
175421,death of husband
172839,historical society
10201,death of father
180465,rooftop fight
184258,imposture
18263,revolutionary
33490,filmmaking
5962,pandora's box
181009,bygda
156039,space station
13124,scream
160279,18th century
173099,indian burial ground
195032,garfield
207503,heidi
7067,getaway car
222954,palms
172142,farting
206833,preppie
10607,transformers
18165,animal
192188,sexually aggressive woman
3200,platonic love
200282,chorus girls
14598,vodka
234682,social misfit
228897,paranormal investigator
192069,laser bra
220966,edward ii
222423,blast
218003,police badge
191079,argentine family
2095,anti hero
12197,compilation
198955,exams
223253,scat singing
207303,war against society
213816,santiago segura
226919,justice department
154937,bisexual
164759,toulouse lautrec
233443,legendary perfomer
186399,stealing a chicken
1576,technology
211000,animal testing
198508,tibetan refugee
200591,detroit pistons
215018,waiting in the rain
33905,inner city
14861,knifing
221128,truant officer
230105,norse god
173083,oneiric
11727,crime scene
166489,war of 1812
168213,artist colony
170468,grave digging
3068,national socialist party
156389,diabetic
235678,9/11
9345,rubin
215092,baltic sea
2425,bodily disabled person
156779,turkish mafia
160754,mother ship
14755,power outage
168678,the flemish cap
14542,end is here
194778,nukie
221928,freemasonry
6951,biker
161170,perseus
167268,police force
171729,repairman
4175,brothers grimm
181908,cave drawing
209985,hong kong new wave
234844,aspiring criminals
160855,naval
194180,literacy
221683,waterman
3800,airplane
2806,lapland
15096,clown shoes
13130,teenager
3971,könig arthur
221143,fur trade
220700,trainers
223208,crossfit
160133,scroll
3562,time bomb
2481,eyesight
157707,masochist
219988,riding a donkey
3244,pinocchio
168069,animal experimentation
17947,farmland
11037,dope
194282,himalayan mountains
158353,sea world
211508,glam metal
232691,multi-threaded story
163651,one by one
15252,magical object
218102,host body
164246,nostalgic
219801,death of spouse
155678,penis
5713,rhode island
5690,kicker
206707,track down
233550,one piece
186918,shooting game
234802,sleeping on the beach
226930,feedback
12974,principal
305,moon
171808,older man younger man relationship
7155,receiving of stolen goods
50009,survival horror
158272,seismograph
7569,suppe
188713,reference to clark gable
3183,bisexuality
7784,hotel mom
236691,stabbed in the back
231630,gender stereotypes
207265,faked pregnancy
190070,reconnect
177993,gopher
2504,world war i
209324,regiment
195730,self-help
181637,roof chase
11511,unfaithful boyfriend
219387,prehistoric animal
237797,secretive wife
238592,narrated sequences
227824,bus accident
207745,llama
161218,theology
187028,gatling gun
201956,giant octopus
232534,tepes
208678,anorexic
202551,schizophrenic
12101,miniaturization
172497,speech impediment
186717,back in time
191110,army base
11872,atrocity
229227,hindu muslim conflict
181650,alberta canada
224625,halfway house
168049,indiana jones spoof scene
189400,lobotomy
196497,scopes monkey trial
211197,mysterious death
186527,locked in
3072,campaign
207194,financial empire
157196,clothes
14899,white suit
211346,lynard skynard
236376,commoner
8739,jackpot
222862,bumper car
14604,theft
237648,curb stomping
193686,kerala
11475,politically incorrect
173672,gay liberation
6093,assault
207896,chemistry professor
8996,medellín
163969,baldness
11935,working class
875,dubrovnik
8047,eye specialist
204047,rpg
4178,courtesan
159959,reform school
235505,lower caste
167018,rickshaw
173103,newspaper article
34052,homerun
11115,heroism
159953,automobile racing
190325,clocks
8053,genocide in ruanda
992,bus
158744,stock footage
197818,tribal customs
222744,old south
221810,honey pot
220396,catman
10985,spontaneous combustion
227055,broken ice
185469,animal park
219795,war of attrition
941,tradition
9450,front
231886,interstate 10
171261,television broadcast
160985,military weapons
15089,fighter airplane
193817,rollerblade
207902,brain implant
233372,emt
175008,thompson sub machine gun
171760,generations conflict
178596,retirement plan
714,child labour
18425,teenage love
5989,man of one's dreams
161287,central park
176797,old girlfriend
9470,quilt
1885,quickie
157194,spanish
196989,smashed window
199079,psychological disintegration
191048,female genital mutilation
190756,cinema vérité
188178,teenage hero
193749,folk
224329,condemned man
7345,dead animal
3465,sphinx
34068,feast
167570,female stripper
223036,parapsychology
4267,warlord
234963,camping trip
10886,punishment
187820,duct tape gag
223019,terminal cancer
164181,sister-in-law
234078,fighter pilots
13194,planet
33457,alcoholic
11467,hit with tire iron
171639,yearbook
156033,jekyll and hyde
177758,false pretenses
192664,bbw
229401,horse boarder
3046,ailul al aswad
157960,plowing
8689,albert einstein
234648,sports teacher
7019,medea
3297,videoband
192935,spartacus
191209,el paso
10048,unrequited love
5964,chinese mafia
193594,pittsburgh
5674,school presentation
12579,irish republican army
6165,historical figure
205621,the flaming lips
220760,the end
195908,special ops
154777,teeth
208013,laundry drying on clothes line
185528,blackmailer
2401,grandmother grandson relationship
185301,olympia
34046,rocket ship
210216,australian new wave
165271,listening to the radio
209375,pierino
173824,musket
2402,concrete slabs building
154896,sea turtle
185005,battle of the bulge
185263,bone marrow transplant
3523,microchip
206581,venezia
184805,deed
207874,crack house
2436,polish resistance
237786,bills
210083,south of france
155958,muslim american
188303,school mate
225061,friend
18062,obsessed fan
211032,maya temple
5403,wehrmacht
4484,eye
9312,dragonfly
234491,eccentric clients
184584,century
198518,insectarium
237849,asian man
219923,life challenges
4897,multiple character
220551,commissar
215237,benedict arnold
352,secret passage
190938,landmark
172659,experimental cancer treatment
234061,few against many
180795,cattle baron
228775,native american folklore
41178,baghdad
12626,georgia europe
169333,emotional vulnerability
14789,art thief
2732,rocket launcher
181544,desolation
231045,social convention
158244,river boat
228416,jello
33677,sneezing
162333,tall man
217326,space flights
2405,roof
194451,social issues
168566,vintage aircraft
208039,silent movie theatre
18068,teenage boy
159472,computer screen
196982,casting spells
3301,suspicion
215200,pretend relationship
6968,space invasion
173307,broken leg
166552,quick draw
161279,mysticism
235473,soccer football
47023,first kiss
220339,botany
180756,quotation
197525,dominican
193674,bathroom humor
9933,איים אבודים
5975,menstruation
11474,sexual intercourse
192099,the white house
434,destruction of a civilization
18027,sibling
166464,confederate soldier
232774,itsemurha
155616,goodyear blimp
172738,holiday camp
5987,grandmother granddaughter relationship
33459,filing
208036,wedding plans
166671,social activism
196320,computer dating
211152,hand tinted
179521,waterboarding
224174,bike racing
228343,卧底肥妈
194063,messiah
232640,jfk
1253,roommate
3986,spider
184816,blackface
171386,breathing fire
2320,violent husband
166625,candlelight vigil
170223,corporal punishment
6089,freedom
161707,candyman
1705,congress
210328,yihad
208500,boys town
222932,getting away with murder
6969,gotham city
163710,brochure
8679,fitness-studio
4549,loss of husband
187295,broken jaw
168200,delivery
10789,prehistoric egg
167584,aspen colorado
190317,belmondo
208212,survivalism
7012,juwelry heist
205838,naked man
170310,south sea island
776,screenplay
162767,thuggee
6186,games
156337,prototype
222843,morals
179077,photo exhibit
6345,docker
156886,reference to the who
187318,whaling ship
208841,incident
160423,apology
223688,court-métrage
224429,child birth
200671,hat check girl
223921,dui
236708,drug manufacturing
232844,incertitude
835,jewry
193572,housing shortage
184989,spectacle
8528,ostern
585,casino
5313,parts of dead body
192829,justin bieber
2618,miracle
191411,weapons history
176416,riding bicycle
951,delorean
186795,former outlaw
198754,feudal japan
159319,pyromaniac
219883,meat market
10185,covert operation
14748,raid
185316,ramayana
10340,double role
2996,ferry boat
4379,time travel
1284,identity
155565,pin-up
197153,provincetown massachusetts
174085,child of divorce
68838,lightning bolt
167923,gross out
171695,ultimate frisbee
205585,insubordination
14811,exploding head
1562,hostage
212779,used car lot
169276,commitment
15518,facial scar
199645,crime of passion
782,assassin
3701,client
5918,painting
160990,warbird
8676,okinawa
176561,spiritualism
220026,sick parent
173245,sculptor
185221,heart transplant
6172,zen
175922,anxiety attack
207151,tie-in
206646,thick accent
196711,pressure from the press
206718,cons and scams
173295,post office
208773,host
175419,corrupt agent
9956,sausage
173453,zulu
179012,estranged family member
217396,number 13
213809,love hotel
168418,pistol duel
6686,footage
226023,matriarch
235220,replacement
3902,synagogue
184017,moon walk
3428,speed
2225,third world
191722,aryan
9663,sequel
3105,red khmer
216777,delivery man
206288,booklet
156392,scythe
232680,migratory workers
192597,johnny rotten
158169,remote
210803,aerial
197645,wharf
4666,final exam
12026,alternate history
220809,young lovers
177489,subway train
208422,paula dupree
171785,teenager fighting adult
238814,enlarged picture
167737,losing money
208402,political figure
180808,klondike
197644,pearl
185526,whorehouse
225468,mesopotamia
211056,holy fool
159948,blogger
163210,choreography
1370,shapeshifting
238338,gangster's widow
2833,psychoanalysis
183570,danish
237425,convicted murderer
199236,mad dog
9566,catalonia
213828,investing
11128,furry
228982,conqueror
166452,masuria poland
7410,fellatio
2871,burning of witches
162350,ocean floor
229035,man eater
6142,contract
236685,walt disney
158185,collie dog
7050,alligator hunter
2775,pescara
193723,art museum
192643,pituitary gland
8531,panda
186956,tragic romance
9986,crush
223267,moving on
191390,site gag
155584,firewall
222029,loss of innocence
192142,summer of love
191142,evil brain
186937,road runner the character
155290,disney short
166759,employer employee sex
181820,witch trial
201769,observational cinema
5446,observer
238343,wicked woman
210034,gnu
232589,anguish
7158,war in afghanistan
217987,animation filmmaking
220610,bump in the night
1362,place de clichy
204021,leo tolstoy
7570,belly dancing
217309,fresno california
186894,scam artist
202399,cartoonist
192772,historical drama
8711,michael jackson
8629,made for cable tv
18321,porn industry
186808,tuba player
196269,false arrest
188973,pandemic
156165,trucker
164859,dole
6079,parliament
159608,con
155494,radio series
235298,talking snake
207935,manslaughter
211082,mistreatment
227890,military law
11483,drug trip
186120,singing competition
172657,rosary
11832,peter pan syndrome
197582,mysterious
158204,town meeting
2751,career woman
227612,nuclear submarine
233020,thalassophobia
237839,penis ripped off
209102,irresistible
180447,biological warfare
41667,horror movie remade
158378,cat vs dog
41154,puke
237649,electroshock therapy
221393,demolition derby
4496,saint louis
41414,timebomb
207573,cine quinqui
163037,lgbt teen
33705,agent
2087,lolita
166511,hen
5514,conspiracy of murder
159909,veteran
208171,refused services
509,denmark
177473,engagement party
204977,bilbao
233461,temporary insanity
1389,cinephilia
168811,high
235616,bronze age
223018,lombardy
206738,inventions and discoveries
8202,big brother
203102,robinson crusoe
6049,praise
17995,epidemic
187511,terracotta army
155606,semen
6202,spring
209071,child like
14796,destruction
9167,water supply
170730,walking on piano keys
168567,stereotype
166492,drive by shooting
179110,toll booth
33934,choreographer
187523,dope selling
188404,masquerade
223060,self healing
11296,choice
160316,sickle
3852,safety
196628,heterosexuality
5386,tramp
188711,mexican american border
3073,commercial agreement
14645,nail gun
155622,pyrenees
191092,space research
195139,internment camp
235768,singing false
206853,wellbeing
18286,israeli palestinian conflict
33388,admiral
235493,deathtrap
156072,watergate
166524,jail break
228646,gum
208586,acting
10590,oil
155631,man on top
231437,sticks
238824,electrical storm
2532,bomber
174815,cornwall england
5704,giant lizard
195162,record company
9322,taiwan
158176,campfire
177967,foot pursuit
238541,hat shopping
10547,arcade
212793,domestic dispute
207944,beach bum
209092,killer crocodile
183646,robert e. howard
159449,reference to elvis presley
202541,silver surfer
41500,oil industry
189481,evil mastermind
182651,life changing
10694,pinball
11217,child swearing
196726,celebrity cameo
183791,laser cutter
18476,noose
9031,idealist
220413,flashing
159956,neoliberalism
180673,anne boleyn
5319,pub
14985,ireland
192665,stevie nicks
189427,repeated line
5259,english channel
220002,city youths
234622,sun bathing
15012,ancient history
8019,john lennon
202396,military operation
217979,dream come true
163163,disciples
238618,crying man
196498,joplin
14518,math teacher
210727,tom sawyer
7277,love-hate relationship
215046,bigot
198738,savage
6510,demolition
157537,throat ripping
708,runaway
160381,nuclear weapons
609,middle-earth (tolkien)
215664,political scandal
3362,kayak
166735,crossbow
4728,knife
183418,badger
14571,cactus
41214,youtube
1307,butler
238425,spongers
189144,lost in time
14750,chemist
5965,marxism
226981,blood ritual
160062,philanthropist
11464,bag over head
158890,bold man
213060,reminiscence
2072,chauffeur
161191,italian art
208083,alexander graham bell
169058,trade
223232,estranged brother
224502,tinkerbell
168763,suv
193545,young heroes
167212,lincoln assassination
177695,crime spree
180577,manta ray
209107,south london
208205,russian woman
5493,relatives
171792,die hard scenario
7153,queen elizabeth i
5153,son
161338,bodybuilding competition
230905,foot fetish
220468,emasculation
8241,mustang
15002,dark hero
209998,japanese new wave
221749,porter
1022,workaholic
234732,night of horror
190061,harvest
8805,pianosa
229980,smartphone
1299,monster
11635,monologue
163049,government agent
18040,loan
238184,abandoned puppy
233428,rogue surgeon
155730,hammer horror
238735,italian woman
18451,over the top
213132,sex slavery
14780,investigator
179178,milf
229231,mekong
172426,weight loss
8040,carandiru massaker
34014,northern france
232742,local newspaper
208509,national lampoon series
14882,ontario canada
171122,fake school
228422,heartwarming
232580,new species of human
229663,abusive stepfather
1985,prenzlauer berg
186779,motivational speaker
160612,self-referential
206736,changing the past or future
158534,korean war
198435,sfx
630,dolphin
3483,gang of smugglers
213104,teen superheroes
210019,old maid
227059,trucolor
210589,searching for love
234174,dwarf
158965,poetry reading
1310,mentor
224965,insurance company
33998,lesbian sex
12332,apocalypse
160077,design
179427,tv documentary
5972,garden gnome
179257,evil bug
12530,injured leg
207750,cabin boy
10060,christian film
167749,horniness
2335,southern france
10260,mechanic
198336,ugly shirts
4573,down syndrome
10139,lucifer
1470,s.w.a.t.
170319,survival skills
12637,twisted memories
5692,stetson
160879,crash landing
11678,free spirit
214479,internet video
1813,toxication
2804,exploitation
157768,vaudeville
189216,eco thriller
169498,car theft
190071,gender bender
220282,moral panic
188625,watermelon
208233,dr. gillespie
215728,uxb
156171,dawn
11323,descent into madness
161727,slide projector
217064,mexican cartel
232222,20th century
180183,police officer shot
180691,killer toys
234365,space based weapon
223173,the met gala
15301,school assembly
33848,british prime minister
155393,sympathy
187536,veterinary clinic
2506,algerienkrieg
5829,nova scotia
164628,diction coach
173924,watching a movie
185269,pipeworks
10310,leprechaun
40957,police academy
40846,goldfish
191477,pilot error
516,child abuse
156407,promiscuous woman
2205,duff beer
158758,lip synching
173673,terminal care
187023,safe deposit box
208519,blame
219366,ok corral
193176,fish shop
1849,homicide
11117,tank
158228,kimono
192066,roast
8113,nuss
185530,keystone kops
157504,brother sister 
33638,warfare
803,android
168879,listening to music
154904,tape recording  
196794,clownphobia
10744,dr. seuss
33487,burden
5870,versailles
157583,knocked out
156095,british secret service
161822,twit
234765,semi-biographical
10729,car salesman
6129,company
193110,locked room
195212,carpool
157398,garden shears
232036,self destructiveness
14852,poker game
156651,lipstick
207458,national debt
210665,air hostesses
6273,school trip
10975,high tech surveillance
207209,matt helm
222234,movie industry
207826,shounen
207891,walking dead
185723,battle of gettysburg
671,enterprise-e
178649,voyeurism
236990,spendthrift
178482,glue sniffing
4699,hard drive
2514,moqukito
160741,phone book
166611,debauchery
33414,chopsticks
234107,vogue
222745,fake priest
157515,shot in the face
199939,cocktail party
164057,talent contest
206464,strange science
221387,occultism
204373,thai horror
216873,genealogy
13059,prostitution
238410,neat freak
232921,heroes journey
234147,rejuvenation
156064,homecoming
156310,punk music
197283,feudal lord
207056,rambler
161849,projectionist
68646,supernatural being
232456,asian financial crisis
215787,bucket list
4832,buckingham palace
8841,puppy
194643,scott hall
209330,sociologist
2389,virgin
232586,cineaste
176752,basketball player
11157,sibling rivalry
219370,human duplication
226152,frogman
8714,ischgl
211038,blades
167615,hotel suite
8872,invulnerability
3767,noises
155068,emergency doctor
166979,crawfish
192115,photgraphy
1548,hutu
5684,diabolical ego
227754,fighting back
215463,religion documentary
175233,razor blade
4662,illusion
181118,marketplace
181104,fourth estate
162538,pitchfork
215849,etruscans
234845,ufo crash site
201713,isolated
219787,twin synchronization
2430,hiding place
209793,infotainment
171586,community college
11531,anal sex
34196,bucharest
207717,acapulco mexico
9728,caper
212737,philosophical
5120,faint
168216,same habits
5864,pilgrimage
235494,self destruct sequence
852,chemical
9740,sociopath
228288,murders
18249,game
226862,cyber warfare
156805,dea agent
169570,last man on earth
2930,freedom of speech
7350,international organization
162327,avalanche
5833,autoritian education
214996,florida everglades
14729,shape shifting alien
657,fire
169816,researcher
11179,horn
164842,performance folk rock
33327,snowflake
160216,michael shayne
2518,gin
33344,bandit
172694,malnutrition
164132,george harrison
207567,satyr
5711,indianapolis
210285,exsanguination
225846,minimalism
172742,christmas lights
186618,drug addicted mother
172621,driving in the rain
227845,blanket party
228042,rowers
40895,illness
232471,transvestite
9893,lioness
170869,traveling salesman
11095,cruise ship
230022,nazi occultism
227307,bright color
155297,bushman
234811,machines
159602,garbage dump
196751,fictionalized biography
166812,prize fighter
11527,rape victim
8059,seefahrt
213075,barnyard
199911,drag kings
155517,lemmy caution
161256,third reich
5562,fish market
10698,trailer trash
193208,promoter
232088,cat lover
11440,long take
207057,ill wife
230735,nibbler
828,waitress
184517,father-in-law son-in-law relationship
232212,15th birthday
2539,harassment
190906,suppressed memory
165147,wrong side of the tracks
168701,stunt flying
2011,queen
208176,immigrant experience
13121,essex
9617,callcenter
233053,bone miller
156904,dyr
33773,organ transplant
162875,polaroid camera
175685,rubber boat
2693,monopoly
41668,safe house
232697,wraith
167128,badge
4479,bone
9268,yale university
184163,sex surrogate
211295,riches to rags
10990,three stooges
160037,domain
1441,christmas party
158671,public school
186509,advertising jingle
11267,solitary confinement
4613,training
211460,scholars
226742,sonar
3202,con man
238210,enlistment
199221,stolen
163698,fire breathing
209321,hanukkah
15479,fashion
15335,paintball 
232743,northern california
795,running
210024,anime
207884,fetus
10073,documentary
191455,highscool
191564,body horror
191743,emotionally distant
171329,silent man
178372,sports agent
230116,non-registered home schooled
156204,neil young
160339,vinyl
4284,norad
220159,mystery babylon
163150,toy store
195687,airline pilot
3714,human being
160182,fake suicide
171827,hole in boat
33623,raincoat
187401,pregnancy scare
232650,stereo
5903,alzheimer
204352,iron mask
12380,tournament
173224,multiple murders
18077,extreme sadism
2415,idiot
204318,exoskeleton
177894,witch hunt
2526,human animal relationship
238710,devil worshipers
175331,junk sale
232861,indo-pakistani wars
156795,lasso
173259,arab
209790,bullfighting
7002,vigilante
223166,wounds to weapons
171434,source music
209409,abraham lincoln
3558,pulitzer prize
184738,reference to aristotle
188925,brunette
4578,altar
172684,agnostic
1452,loss of child
170728,unplugged electronic works
7150,hangman
986,tv addicted person
197194,alien friendship
13094,photograph
200645,brunch
170711,toy maker
1847,istanbul
207459,financial
17990,guinea pig
9775,car set on fire
186736,dance instructor
162346,isolation tank
1191,norway
234191,runaway lovers
190484,ukrainian village
10133,non statutory female on male rape
33652,private
237353,production number
220487,rich vs poor
168051,monkey actor
1792,cliff
14633,moving out
6741,tourist guide
18074,courthouse
226826,nonsense
155233,teem
228600,cyanide pill
172935,tooth extraction
4875,deluge
14831,stabbing
33661,snowboarding competition
161186,nesting grounds
184366,forced to strip
232174,любовь
11137,gay bashing
14964,drug
188014,mixed race child
229741,godlike power
2677,weekend
161145,ketchup
192657,gold digger
195541,integrity
220510,cry wolf
190042,alien world
219843,immunity
3683,law and ethics
199664,trial marriage
18677,alternative
204265,tickets
156393,aztec indian
156237,jewelry store
8696,bodybuilder
191318,reform
192589,the clash
199483,conviction
221949,ntr25
212788,greyhound bus
159627,con game
156220,postwar japan
159753,ensemble cast
161214,black mass
227655,hearing voices
201294,hypertrichosis
165909,alarm
455,farewell
6946,blonde
4522,supermodel
158770,air traffic control
219404,action hero
191249,marcel pagnol
199239,storyville
154060,happiness
236483,wrongly punished
160176,swiss alps
207646,edward snowden
193534,canadian army
220266,fandom
155733,old house
196544,motion capture
1160,egypt
4750,red-light disctrict
209853,cybercrime
197050,troubled relationship
10597,lucid dreaming
227686,myth
4855,harmony
236185,ghost rider
230843,gump
186760,alternate timeline
171134,sex doll
200918,angry
168422,small western town
178853,animal trainer
155531,policewoman
185262,martial arts school
173267,dessert
185202,reference to voltaire
194530,trans man
209455,cordillera huayhuash
185859,first person shooter
194048,zanzibar
4258,lottery
2175,bogey
179860, nosferatu
33616,broken bottle
191740,high hopes
165399,editing
171758,art imitates life
234767,swastika tattoo
188186,painted face
208138,hun
33600,stagecoach
163982,pushing a car
226868,endzeit
184807,stutterer
33620,guilty
8028,botswana
33980,man in swimsuit
1787,helsinki
7955,taliban
160852,vienna opera
234634,patients
206809,miraculous event
208819,nightlife
235383,essay writer
237798,society women
9318,rollerskates
171199,greek letter
184421,english in foreign countries
161289,space shuttle
181472,reference to sherlock holmes
9145,dubai
223149,soccer coach
12565,psychological thriller
161530,national security
221316,picher
187299,blind mother
5159,tourist
191603,prowl car
898,hip-hop
220908,germ warfare
157191,woody woodpecker
15114,nasty neighbor
159574,clumsiness
200276,direct cinema
219405,driving in reverse
7024,fashion designer
4740,public
18028,hiding
6059,unsociability
155490,disco
231985,sweeper
209966,new german cinema
224432,maalik
237901,children's services
11040,masked killer
226778,commuter train
9872,grief
41358,black power
191012,arabian nights
173262,yemen
157273,shot in the forehead
218183,heavyweight boxer
6152,supernatural
220612,grifters
9897,rifle
11472,drug references
197218,william howard taft
238602,good scientist
174254,slingshot
160313,forensic
167538,zip line
228931,naive girl
159783,labor strike
174594,nazi resistance
220900,bering sea
172504,reverend
2567,vertigo
180202,mexican boy
209009,federal reserve
14629,experimental film
167235,canadian stereotype
198136,cosmonaut
170135,death in childbirth
18256,spiritual
231933,life reprioritizing
173486,drinking contest
214789,fiji
166132,osteopath
33334,jumping into a pool
203322,dramedy
10327,undead
207845,bumbling cops
8586,keks
2059,cycle
12442,range war
1608,twin sister
198483,caffeine
211101,easter eggs
179661,toy airplane
175309,animated flashback
198160,lower canada
232318,solar
155805,native american reservation
994,paralympics
179034,sound proofing
8095,oxford
221446,flying boat
4957,sale of soul
238884,castro regime
166103,amazon rainforest
171846,gun store
158247,underwater scene
155845,french noir
232989,public execution
155608,aikido
185511,founder
191786,stenographer
505,starfleet
221829,hero worship
3637,double agent
178402,modern western
8665,kompliment
177609,criminologist
232130,small talk
207390,missing body
8089,autoradio
178364,child custody
224820,thrissur pooram
187887,evp
208199,chrysler imperial
1757,passenger
1670,sun
2627,southern germany
2339,political activism
163503,wife and husband lead actors
186776,don quixote
186730,flash mob
1983,pharmacist
194153,commercialization
191749,manservant
213750,inspired by celebrity
171127,croquet
11465,chapel
191492,sociopathic children
204912,airbag
236392,inhuman creatures
33494,couple
5357,formentera
2535,destroy
10163,cancer
3688,strip club
160025,radio broadcast
237929,marriage rite
181139,cartoon duck
5528,thumb sucking
202739,genetic enhancement
221301,emerald
192007,decomposition
33452,trilogy
41175,shopping
10920,radio program
7397,bakery
10015,ewoks
9732,movie in movie
8038,bus hijacking
15263,park ranger
172715,faked footage
185632,grudge
4008,freemason
185616,imprinting
3925,boredom
155728,convertable
192942,insects
192185,voice acting
175984,carbon offset
220860,entrance to hell
167808,fake identity
4133,omen
11214,cartoon sex
175056,black ops
161996,movie poster
231134,hedgerow
156937,opal
6814,ibiza
167868,seasickness
2755,country life
197746,cheater
9788,pro-life protesters
235359,old map
156924,tearjerker
201785,locals
6669,step father
10706,spirituality
154884,escape artist
193459,australian aborigine
1384,diamant
200402,camels
188476,women killing women
255,male nudity
157938,soviet
40898,racetrack
209152,science run amok
5293,desert thief
2001,arms deal
155023,self esteem
194256,u.s. department of defense
180230,stallion
7041,sahara
155621,child star
229807,ticling
193549,eccentric family
4052,political instability
163074,super villain
176573,playing chicken
217083,reluctant hero
208681,knight templars
166881,tollbooth guard
5852,reims
200285,horsemanship
6174,ranger
1412,becoming an adult
234752,reincarnated princess
3884,school of witchcraft
232808,faux documentary
188286,bullet hole
228041,prodigy
10793,resort
2284,horseback riding
192940,geography
5246,students' movement
157972,chimpanzee
1878,plumber
231403,elf
10678,mosquito
176857,duchess
222787,the lone ranger
173383,ardennes
181900,archeological dig
12351,john henry
3975,spotlight
208376,willing to be murdered
236771,growing apart
208688,italian renaissance
165186,plaster cast
209003,gentile
17974,makeup
227951,claustrophobic
3335,halloween
2795,mystic
170499,mall santa
3476,ski jump
191993,religious intollerance
1965,sandstorm
900,trailer park
188934,bar brawl
163455,super powers
10336,animation
161171,kraken
169028,sable
192943,swarms
206648,burning car
174953,trashed house
174075,white collar
203673,remand
197937,unsubstantiated claims
198421,military hospital
172653,oncology ward
187544,needle
235677,dehydration
156554,roja
10721,pregnant
233069,set in one room
1949,pyramid
165764,sliding down a pole
827,diashow
8132,hooligan
229066,waltzing matilda
10385,reindeer
182185,exploding airplane
155372,freezing
7336,car bomb
613,new year's eve
4149,selbf-doubt
169071,championship
9323,iq
159857,public hanging
190973,luxury apartment
210828,tracking shot
6373,sadomasochism
218070,radio controlled
155881,estate
3754,legend
10997,hell storming
168866,head in oven
161315,asbestos
18295,food critic
9727,thief
185248,one man band
200683,suicide jump
7094,pflegen
237463,imminent wedding
1196,florida
18111,kickboxing
171939,token
186125,film score
5823,jazz club
199217,coins
8806,purse
2086,youngster
7984,bikini
180671,allegorical
209904,musical guest
184302,scheming
207665,faithful husband
161261,demonic possession
234503,meritocracy
161248,individuality
154820,galley
221830,college debt
15129,vagina
203291,rant
181564,armed forces
225101,farmer's daughter
238052,spurned man
3232,odessa
207058,carer
233034,search for dog
155361,studebaker
236287,freighthopping
157409,whispering
173208,ukulele
2599,necklace
234505,adrenaline junkie
41309,lost of friend
9415,wimbledon
185483,movie actor
228768,noodle salad
163474,bulldozer
8624,climbing
11086,wooden eye
5019,loss of energy
10983,anthropology
237775,mademoiselle
3581,witness
181010,norsk
230392,hero factory
192473,highwayman
8758,cayman islands
202494,panthers
235410,multiple chemical sensitivity (mcs)
3024,richard the lionheart
10329,wealth
220648,geofiction
223378,animal rescue
155514,dirt bike
172427,dentures
163552,looking pale
201058,foreshadowing
6124,incomes
206263,hipersexualidad
168531,child uses gun
221219,pensioners
199600,call
3394,identity crisis
9721,hunting trip
159433,surveillance camera
165547,fiancé fiancée relationship
184793,movie set
180764,wild party
17971,homeless shelter
7076,business idea
167377,lapd
11203,rooster
213113,quintuplets
212649,bad father
215736,offbeat
238261,dulcimer
235591,jury selection
175655,rocket fired grenade
158741,grave digger
206150,dialect
184545,automobile accident
191446,inspiring
5600,daughter
168039,self mocking
221388,simon magus
33722,true crime
209856,visual storytelling
219417,gmo
41609,ego
200803,developer
193685,malayalam
33504,basset hound
192913,warrior
163190,box
206642,homicidal maniac
3275,nuclear radiation
220299,uppsala
178370,psychotic fan
2596,lordship
191043,mentally ill
170652,father figure
195337,belgrade
13006,torture
155813,submissive
11445,reference to sprite
195911,night club performer
41375,casket
6879,poodle
14720,love affair
207841,chemical disaster
234083,kensington
161966,bank teller
231149,mob
155235,animal killing
33585,labor
3693,climate
9188,nixe
166697,ram
154783,security guard killer
208364,missing husband
186903,poor eyesight
3443,excrements 
208510,old men
177764,contessa
177938,lice
237295,extra marital affair
229374,bus conductor
222018,dangerous side effects
851,dual identity
225707,reconnaissance
193194,glaciale
6206,float
5362,liberation of hostage
209996,abba
203175,south park colorado
214520,persian american
174871,fast motion scene
196581,lost child
165556,barber shop
238197,horses
186784,sewing machine
236634,youth correctional facility
12387,cerebral
182036,speaker phone
172942,contortionist
15193,motle
163671,steam locomotive
235477,tiburón
226619,turbine
227642,platoon leader
3582,bride
4680,adrenalin
10821,sorcerer
188720,shame
235356,hysterical woman
18088,shot repeatedly
163104,law and order
187363,mop
7956,cowardice
1474,policy and organisations
206525,conscience conflict
5286,bob dylan
14764,bull
238017,loafer
12661,beeper ball
236157,abkhazia
162740,arms
190205,oedipus complex
40798,romantic literature
4596,panama
225052,porta dos fundos
206692,daring rescue
158988,struggling actor
6094,defence
155939,group of friends
5783,classical music
223785,cringe
10442,world of warcraft
10662,subway accident
310,artificial intelligence
42923,caterer
8974,soccer field
199622,political humour
172228,schoolhouse
232674,zaborgor
212797,simpler life
5779,daydream
187288,army sergeant
160543,semiautomatic pistol
231185,smart home
212412,very little dialogue
175976,solar power
6271,boarding school
166278,reference to marilyn monroe
159930,inequality
221911,vanity film
194789,chautauqua
5135,jeep
196267,bellhop
11537,woman with gun
166482,clarabelle cow
220195,daughter–in–law
220788,drying up
5749,thin
181033,lemur
164296,addict
179431,duringcreditsstinger
168548,british stereotype
204055,black widow
189115,invisibility
33811,secret from family
18508,exploding body
237464,kid sister
5861,civil rights movement 
14744,english
9504,wrack
54611,ulcer
209146,moors
1988,wodka
14895,cannibal
159817,barrel
210009,wallace & gromit
4304,omaha beach
7912,rugby
232069,singing on a boat
8010,bus bomb
225653,recycled movie
233011,communal living
171662,date rape
196228,captain kidd
177372,rooftop chase
194019,salesgirl
237123,herbicide
4733,pizzeria
170595,library card
155884,beautiful girl
11738,evil corporation
189383,yellow cab
2883,imprisonment
209308,time share
210304,college love
208330,rodeo cowboy
174448,piano player
159961,ham radio
41022,protestant
232627,bad aussee
191729,theosophy
228876,lewis carroll
1330,social coercions
181328,struggling artist
167106,conveyor belt
173808,reference to pizarro
550,callgirl
12667,tokusatsu
10062,religious conversion
234812,weapons manufacturer
204841,statistics
792,copenhagen
162502,news report
10490,empress
157424,sledgehammer
223605,giant monsters
226521,chase on the roof
3730,recreation
197757,public pool
208053,exploding helicopter
181102,east timor
33478,advice columnist
199656,white woman
158456,masked vigilante
225469,nude sacrifice
166959,lost mother
226580,taj mahal
160424,live television
9468,liar
3675,arts and culture
191527,phone call
230513,cosmetic mole
7951,strafzettel
179066,photo exhibition
208849,biological disaster
237591,spaceship crash
166779, armwrestling
205834,textbook
212785,wine drinking
181122,forced to drive
220842,songwriting
233329,men's rights
1640,conservatory
2519,canadian
190429,indian uprising
182662,naturalist
14791,spa
208719,secluded
1761,metropolis
15040,ghost hunting
190980,greek soldier
6563,wine
222173,social experiment
10733,sunken treasure
171260,fraternity initiation
183946,megalomania
164713,hamburg germany
181648,false passport
10851,blog
3451,housewife
3358,haunted house
33557,rehearsal
75,gunslinger
185957,flying upside down
234799,rugby match
2088,anti-authoritarian upbringing
228415,christmas bonus
10707,mother daughter relationship
796,police brutality
188624,zinnia
171845,new year's resolution
207190,drug syndicate
160586,western spoof
158950,hard times
2934,german-german border
11481,endo
34250,media hype
175992,easter island
164000,drugged cookie
237458,country cottage
8310,tauchen
177875,dark carnival
179060,sioux tribe
1014,loss of lover
233436,blond boy
206662,euthanasia
5730,hispanoamerican
236227,social scandal
158690,clay
158951,life imitates art
10220,general aviation
157795,groping
2768,atlantis
190669,black panther party
1737,it-expert
4062,skeleton
232431,anti christmas
206687,chases and races
234748,burial chamber
217126,counter intelligence
235560,jackalope
158340,theme park
211405,maple leaf gardens
162335,mortuary
227479,howard hughes
47018,weasel
6269,gymnasium
794,red hair
3963,cut-off head
185018,autobiographical
3303,bedroom
232937,unwanted marriage
8233,cops
201164,squad
881,money transfer
171473,womens issues
211181,bio-engineered cyborg
234073,bandits
7965,matador
179564,disturbed child
11923,office politics
619,rivendell
198010,evening gown
33460,credit
10089,slaughter
174107,church bells
198431,drive in movie
17986,miscarriage
157492,death of patient
3489,job interview
18044,railway
157626,director cameo
238306,ability to remember everything
161348,unusual phenomena
197345,cartoon bear
201190,mlb
198168,preteens
160736,blow
11174,potter
6562,celebrity
193301,sleeping on a couch
215309,criogenes
208469,radio psychologist
164199,für elise
157234,cemetary
3391,drug smuggle
928,hairdresser
162831,the miracle on the rhine
200234,shocking
237036,bad boy
9749,beauty salon
159094,air base
316,chess
185456,south dakota
234631,passengers
211746,doctor nurse relationship
40844,sustainable
221646,defy media
187243,stock market crash
236567,held against will
3648,archangel gabriel
156188,picture
191474,super sentai
200969,incubus
14555,mi6
2294,illegal employment
208726,expressionistic
215017,slow dancing
167159,switchblade
205844,treacherousness
170057,chased by a dog
156940,haircut
238190,ptsd
15015,dying wish
196450,christmas story
155495,mr. moto
180803,polynesia
10587,nottingham
173594,handgun
14561,cut off jeans
11308,painful sex
6040,group
3060,race politics
5776,egomania
6144,lawlessness
221904,politics of scarcity
232942,united states coast guard
198251,the taste of money
4003,botanist
174280,imaginary band
5705,grasshopper
229684,life in the slums
178955,reference to bob marley
226774,father son conflict
179870,black death
188727,imperial japan
196947,hospitality
9061,pflegesohn
204703,father daughter conflict
14676,series of murders
13119,tough guy
33510,cookies
4566,minidisc
3126,ant
234110,saviour
167555,star spangled banner
233023,landslide
157762,directorial debut
14757,wedding toast
220631,iranian filmmaking
229136,breastfeeding
3533,prater
161507,cryptologist
159633,pager
208142,horns
215258,healing gift
3398,release from prison
5671,socrates
12400,brainwashing
157496,dead lover
178107,david and goliath
5579,strangle
190700,health and safety
5628,broker
188341,traumatic accident
15057,labor day
1808,lover (female)
186416,gruesome
493,poem
5679,phone booth
193889,investment firm
9945,y2k
6181,cookery course
9195,rot
222519,legal system
4634,rock gang
201775,killed
223025,serf
8969,pygmy
13161,towel
211669,photo studio
167695,drinking syrup
166947,san fernando valley
207637,peckham
225947,amazon jungle
12396,hollywood
236345,remake of telugu film
4539,overweight man
41602,forced relocation
222099,blue bird
4377,high technology
227328,mighty mo
181214,salsa
206436,clamp
154986,gonzo
8581,east friesland
203358,the beach boys
228598,urban youth
34214,gender
210614,monster movie
155294,family conflict
8932,hacky sack
226549,spending money
192928,raised by dogs
229104,playing flute
11705,tavern
156324,cult horror
179415,mailman
159631,premarital sex
232626,christian woman
5967,peru
234760,morbidity
181374,salem massachusetts
2951,mercifulness
9700,living machine
219866,monster high
215059,hospital visit
212516,dark future
220829,booze cruise
9799,romantic comedy
2585,appropriation of another human being
8826,polka
188267,war paint
181822,child witch
221728,acupuncture
186110,naked woman
222337,saladin
169171,sidewalk
9988,valentine
33708,horseman
3713,chase
2630,cutting the cord
156207,ear cut off
4344,musical
191222,the big game
6270,high school
214715,futuristic city
162224,passive aggression
213855,gym instructor
222157,food line
215105,collection of short films
234356,nazi
11183,fireplace
208412,wagon master
237847,porn producer
13160,university
4746,record producer
162512,siren
200662,night court
5049,ancient rome
168001,roadblock
187891,paper knife
33472,cross country
188478,glass
157499,mother son relationship
4195,nobel prize laureate
13001,cowardliness
187314,smoke signal
164636,pearl necklace
171989,wrongful conviction
222950,stopwatch
236992,black sheep
10641,time capsule
197794,korean war veteran
160946,expectant mother
181858,gang violence
5622,bern
41501,eco terrorism
162938,death of teacher
179781,fictional tv show
4885,mass lunacy
4788,ersatz
314,life and death
238477,rats
233052,tourists
6192,relation
173386,cthulhu
209887,track star
2923,fitness-training
179423,stormy night
192735,operation blue star
169214,st. paul minnesota
236297,tattoo art
189416,dog toy
159317,rude
187522,porn magazine
7808,kral
234626,edwardian england
11510,unfaithfulness
215504,auld lang syne
163208,singapore
3442,lethal injection
6031,music instrument
167591,parakeet
196332,walmart
7051,volcanologist
3360,husky
4397,kanibalismus
228301,bowing
154705,islamic
12555,tony stark
213057,strawberry
194215,multiple dimensions
155448,no air conditioning
166124,texting
217961,invasive species
10016,lightsaber
15164,custody
163386,alien possession
197702,day in a life
13424,tv reporter
225661,sandel
180397,cementery
183750,chandelier
1402,general
3574,bethlehem
3410,kaschubia
156961,distortion
160129,artial arts
154901,audio recording
6194,hinduism
207685,flq
157789,arm ripped off
158753,punk rocker
6062,hostility
181579,auto industry
196578,jalopy
18257,educational
181089,japanese american
231407,fang vamp
209492,digibox
201272,international
15068,one day
18020,fantasy sequence
230763,yu-gi-oh!
1411,brothel
167254,gang warfare
181232,still birth
228740,spirits
168110,ledge
155591,all girl
207656,mini submarine
170837,oakland athletics
190161,parolee
215579,hypnotherapy
220895,illegal matches
183215,short wave radio
179014,jury trial
1530,temple
234043,james baldwin
160358,reference to socrates
167952,double take
170034,aircraft explosion
174323,letter from home
4956,decision
33856,political leader
155419,shoplifting
163757,stuffed toy
4026,anemia
7248,marathon
169658,exploding gasoline station
172428,esp
12660,blind people
1454,treasure
178256,noise complaint
160073,defrost
169590,police raid
1664,eroticism
170715,job promotion
208705,fairy godmother
7548,columbine
228690,imperial seal
2113,iron curtain
199856,lower east side
182196,stable
12203,riches
214747,clasificada s
8802,pseudonym
188198,face paint
173643,russian history
164734,nashville tennessee
185199,matrix
208370,traumatic childhood
236882,humbug
166696,battering
206369,live recording
165132,greaser
232213,woman boy relationship
177996,porcupine
10445,anti social
194985,national identity
11036,obsessive compulsive disorder
173117,hoax
227372,assassination plan
990,squirrel
155869,nes
207989,struggles
7895,shurka
179108,church and state
195269,magical creature
238749,invalid marriage
1924,praline
206082,unexploded bomb
221655,islington england
220934,maneuvering
5585,notebook
207554,beta ray bill
207413,cabbie
222030,first person view
161974,getaway driver
208544,tofu
169456,crown prince
5289,private life
10810,singing nun
163410,pickaxe
2673,horse
197643,slave owner
206582,josé ignácio
190837,victimization
9964,crude humor
167499,software engineer
190083,gnome
162944,child psychologist
168622,soap opera
199165,self confidence
186152,pro-life
230857,alien creature
194777,nukie and miko
1523,obsession
162331,orwellian
49950,prosecutor
10540,bollywood
190974,bullwhip
236954,secret agents
188709,organ music
3891,giant snake
157892,warehouse
195978,real sex
222147,opera handel
212013,trapped soul
209138,expelled
217997,drug raid
212424,killer dog
9294,foreign language
2297,interpreter
1486,flirt
160796,thuggee uprising
204973,wigan casino
190532,false history
6168,master thief
210373,stolen bonds
162019,shot in the torso
206118,dogma
193482,european championship
237449,misplaced priorities
235328,clothes shopping
68641,team play
179536,charm
4242,car dealing
166484,raven
180736,gun shot
33756,deaf
1846,craftsman
191602,dance band
2766,mutation
205296,porto
156574,caso
3466,sardinien
18510,head ripped off
172466,country club
195691,ship launch
2224,ice melting
2013,attempted murder
225826,expo70
184831,foaming at the mouth
204091,shapes
3599,defense industry
33473,triplet
11534,sexual violence
186924,lion tamer
232067,singing around campfire
161293,extraterrestrial life form
206958,special agent
219972,giant  squid
203722,commissioner gordon
171129,sprinkler system
207264,selfie
207394,secret cargo
187025,smog
9707,evil doll
9923,easter bunny
177895,dark fantasy
164866,black family
175468,savior
162399,exploding ship
155104,knuckles
18933,catwoman
2776,bus ride
224584,pacjentki
158567,burn victim
235545,dumped by boyfriend
220214,vhs tape
12388,romulans
186694,extension ladder
170314,flogging
234772,silent cinema
237846,actor playing himself
183784,head chopped off
41372,leg brace
6325,ethnic stereotype
206839,false evidence
10202,treason
233004,angels
164738,coal
1981,colorado
220702,business expansion
228937,apologetics
221117,alpine climbing
191442,magma
11694,driving test
209410,inscribed ring
8744,jeopardy
14752,potion
179078,rude frenchman
188609,air conditioner
202098,criticism
11713,graduation present
208673,starving child
5331,village
210475,complicated relationships
196349,king lear
232750,ancient korea
222340,king richard
209406,cabaret performer
232791,spider general
176774,mark
157943,hunchback
238346,sleigh ride
156191,arm wrestling
191314,kkk
5616,united states–mexico barrier
163398,volcanic eruption
157645,slug
2043,lion
168132,biker film
197052,lost civilization
206926,scca
155300,tribal
179395,prague spring
188737,class reunion
10489,water shortage
205843,dissatisfied woman
2642,solar eclipse
232091,sexual perversion
190946,cities
9830,nuclear explosion
210449,libertarian
171125,strait jacket
4482,double moral standard
172486,no ending credits
227863,bearer bonds
14602,break-up
176546,ganja
5436,sexual revolution
196626,harrassment
3185,crocodile
160743,tennis court
11704,judaism
15295,confrontation
157433,stuntwoman
238534,human monster
233168,deep-sea dive
182313,swedish
229455,swimming instructor
211408,high cost of living
209342,ballroom
165148,mooning
233107,family trip
224344,outlaw music
185367,reference to gerard depardieu
187633,bitten hand
159531,insurance agent
4504,penthouse apartment
155554,semi-documentary
190174,rumspringa
8780,chechnya
186965,wise men
220646,vocation
7468,pretended love
171387,pie eating
33432,male masturbation
217896,nanjing
229188,admirer
172028,nunhood
174379,italian army
163167,job hunting
155651,fall in love
3614,disappointment
1919,mayor
167858,ship's cook
33847,british politics
231532,incest victim
208736,bugs
228405,compliment
207981,south
162752,dowager
9930,prairie
6381,loss of daughter
219896,assimilation
41279,kleptocracy
172971,elderly
195478,continents
194021,andrew jackson
3222,super computer
231318,paris france
171469,teacher hero
180212,russian man
162756,whaler
13035,middle school
201497,arabic
7258,okkupation
172816,spook
186535,military airplane
192212,yo yo
238693,genocide in indonesia
220141,city symphony
14805,maniac
186799,girl group
165728,soccer ball
236298,dance ritual
179973,non violent
170722,new toy
163420,kryptonite
12372,lingerie slip
164092,blindness
10143,anti conformity
208344,dysfunctional
199226,mother love
232773,häät
176218,sketch artist
3133,vampire
1157,wife husband relationship
166580,desk sergeant
158927,police investigation
5113,overpopulation
211345,wilson pickett
168868,arm in cast
9180,yorkshire
15478,art gallery
193326,stagnation
8734,art school
236528,битва
230775,batman
188327,seesaw
826,heterosexual
208471,ashram
232607,funny
231624,pig farmer
236183,woman on top
235633,private contractor
6579,music festival
5982,ex husband
190654,russian spy
237930,walking on stilts
208975,nomad
228602,second wife
2300,despair
8828,marvel comic
219969,virtual relationship
236502,spite
4045,music journalist
9828,surf
198225,religious delusions
1477,world cup
156180,initiation
907,japanese
234222,compaq
11071,plan gone wrong
166323,horror filmmaking
185507,startup
11409,imaginary land
5742,balzac
236862,strange world of adults
222927,blind teenager
14901,body mutilation
41579,flour
157380,tabloid
14519,military tribunal
1457,corset
157774,has been
228429,insecure woman
202296,analyst
901,groundhog
11007,post world war i
184415,juggling coconuts
5627,cynicism
175340,file clerk
6230,looking for  birth parents
178027,environmental destruction
156172,geode
228402,defenseless woman
165707,deification
226583,mood ring eyes
6335,tennessee
161306,world trade center
7125,hiding in a garbage container
158063,seal
156104,stranger
2863,mannequin
6015,mining
235204,branch davidian
2280,emperor
191720,travelling players
4917,shelter
180797,navigator
163603,insurance policy
179081,reference to michelle obama
197123,subservience
221186,clumsy
169264,prisoner on the run
190689,consumation
162410,exploding planet
226003,cg blood
231641,unfaithful husband
159588,suicide by hanging
193500,james gang
171567,low self esteem
192078,commodore
156176,moth
1342,dancing master
166233,pygmalion
185071,impersonating a police officer
215503,army colonel
165442,washing machine
173960,cleaning bathroom tile
2964,future
200523,bull arena
54467,tryst
210184,1910s
238359,police search
918,newspaper
222812,therapist patient relationship
521,washington d.c.
4171,staatsanwältin
166513,strapped down
181549,secretary of defense
3508,underwear
188283,tripping and falling
11517,animal penis
156317,lagoon
11701,milkman
4198,descendant
2873,fractured leg
198250,돈의 맛
211740,medical clinic
5376,creativity
949,terrorist
3106,pol pot
13056,loss of wife
227458,death of grandmother
202188,sensurround
224266,musicians life
10392,mute
172865,touch
187942,watching movie
164353,bassist
162332,mausoleum
190482,san juana valley
169908,animal human communication
4506,trapdoor
207372,quest
14549,loss of job
173446,mortar
18123,necromancer
174076,harvard business school
211291,sex lesson
2970,symbologist
3553,manuscript
229224,domineering father
11014,mail order bride
186768,tar and feathers
155582,amusement park
182376,gentleman
351,poison
199630,clean comedy
163488,human alien
171119,electro shock
156123,algiers
156121,ex-con
6713,integration
223221,accepting death
196630,ostracism
231104,youtubers
191433,textile worker
10593,stoned
179803,mine explosion
208878,british intelligence
161225,resident
224703,honest
193614,verona italy
2636,blues
182135,reforestation
156596,no dialogue
195369,sex with a god
185650,beheaded
1525,puberty
230484,canada day
207769,grotesque
225984,bachelor party
231184,home automation
155502,racketeers
164090,audience
12574,colossal black hole
6155,afterlife
226907,box cutter
904,pennsylvania
179419,comanche
2980,wiretap
196700,wedding day
168479,medical illustrator
208368,divorced couple
156791,alternate world
155263,dildo
225688,mixed race marriage
11660,hippie lifestyle
1502,marshal
169131,exhaustion
156277,hedonism
5747,fjord
215404,laxative
206691,buddies
234281,homecoming soldier
233221,tv newscaster
160765,roses
227480,chinese mythology
3346,sumo ringer
2874,spanner
156203,sketch comedy
11124,medal
174440,time lapse photography
215456,bonus features
158304,hand on crotch
204170,gran canaria
167965,speeding ticket
164825,self righteousness
10937,memory
171282,telephone box
221314,treece
175610,silhouette
223335,seaplane
160274,angry mob
198536,hmong
9989,gift
220601,treasure island
168210,jet engine
237848,post apocalypse
157898,wooden leg
33888,electric guitar
211640,hydra
198776,seven days
9940,takeaway
206032,theatre company
160122,outrage
227993,hillary clinton
2483,nudity
235679,yucatec maya language
40920,intervention
203528,stocks
229324,lou gehrig's disease
226518,souvenir shop
10446,booze
226763,disintegration
211215,county fair
228477,symbology
11711,pool hall
7321,nuclear power plant
186147,singing contest
225247,witches
18258,face mask
158455,oppression
198910,child smoking cigarette
2419,staging
220832,settle scores
4966,error
14845,dead end kids
229410,colt python
223970,heroin withdrawl
158449,hatred
228397,bad aim
209983,romanian new wave
180826,aircraft factory
11500,anthropomorphism
5875,fortune cookie
3576,raumschiffabsturz
193434,guionista
17979,electric car
33846,war propaganda
222354,giant rat
167145,knife in thigh
159304,punjab india
208110,porch
407,dictator
1004,commercial
5718,recording studio
200433,man dressed as woman
155443,dillinger
158190,hockey mask
235815,grieving man
193533,vice president
4350,thomas more
2522,grizzly bear
193996,cole porter
185037,battle of the isonzo
224506,bionicle
208358,conquest
165299,class prejudice
10006,ymca
169965,pen pal
161192,tuscany italy
228039,gangs
160500,santa hat
1016,wyoming
186921,faith healer
191507,nixon
202635,engaged
227838,male bondage
11767,suicide by gunshot
8562,lighter
179426,mantis
10429,aegean sea
4556,protection
235191,going in circles
229895,abandoned woman
196340,triads
1738,ukraine
165172,theatrical backer
2386,empowerment
226235,lunar mission
226234,cape kennedy
15084,skull
190719,musical segments
160846,ashes
168297,tyrant
174523,gender disguise
197297,struggling career
6623,lodger
201554,crossdressing
162993,dark humor
162540,spit take
188661,rock drill
165643,song and dance
157513,severed foot
54612,shoe
179542,love potion
183240,mute villain
194281,shangri la
197574,new yorker
1915,gibraltar
158675,protestor
3481,cryptographic device
197003,형사 duelist
196984,dimensional travel
215255,mistrust of wife
4543,thanksgiving
162262,movie star
163865,railway station
169637,immolation
178298,woodpecker
231024,letters
234250,creatures
165636,mortician
236966,inescapable
211674,muscles
9558,balzen
154785,short-term memory
17972,plastic surgeon
15247,word domination
159937,bribery
159793,stuttering
4610,comeback
18454,compassion
15351,kicked in the crotch
208640,lifetime
204160,ondine's curse
175086,blimp
221882,gothic romance
197492,psychology student
732,coma
213106,psychedelic rock
169078,nitrous oxide
3897,double wedding
205710,bomb threat
162807,noise
186797,african american servant
7378,hannibal
41216,time freeze 
14857,juvenile delinquent
6536,trapper
220312,polarization
187008,false memory
165840,saddle
228756,pittsburgh steelers
10226,neighbor
201120,ginger
4472,pneumonia
186396,doc actor
196413,tower of london
43591,pedicab
154784,film debut
5654,discussion
208316,worrying
155509,hemmingway
164541,reference to jimi hendrix
204313,bach
4333,theatre group
4748,lodge
2827,forced labour
190097,three little pigs
41591,music band
214549,short
177565,shaving cream
209141,followed
159840,silhouetted dancer
13037,drug smuggling
158765,french girl
198076,money belt
174436,spinning
4820,leap in time
210295,classmates
5160,aggression by animal
202666,unfaithful
165641,tied to chair
161221,fantasy docudrama
178335,wet dream
156493,life sentence
14668,reading aloud
164409,tina turner
185222,fbi profiler
238211,scottish army
4632,martial law
33861,law student
10076,street fighter
5949,doctors without borders
5956,stuntman
212551,tormentor
3034,last supper
235636,family life
1315,hays code
200684,levirate
246,dancing
208416,underwater city
157890,dissection
160397,st. valentine's day massacre
158431,united kingdom
159936,dog tag
5643,prison warden
169991,sand dancing
158241,killer snake
1642,bicycle accident
175977,aerial photography
177555,marriage counselor
34032,love for wife
226265,lake bodom murders
6056,tenderness
165615,child molestation
235157,princess in peril
208720,family estate
194435,special air service
232582,narcotic abuse
170272,mise en scene
165770,hiv positive
159872,opening action scene
210205,entertainment
2903,propaganda
181203,headmaster
10085,betrayal
228692,power abuse
57990,garbage truck
210638,bp
1926,car journey
167877,hard hat
196549,children home alone
180100,sinking ship
159815,excuse
2034,hermes
193610,gun shop
208904,war on crime
11581,severed head
172251,walking cane
206934,clinton
201283,broadcast
210232,munich treaty
156854,cat fight
5734,pony
191159,body in a trunk
162913,broken down car
745,nun
236431,gym showers
181321,transport
33779,rail car
158480,casualty of war
6998,falling star
180738,kiddnapping
220799,black face
176788,soda jerk
161294,biologist
186958,cree indian
6156,superstition
207967,police protagonist
234816,trading
238595,funicular railway
10210,exoneration
174363,greek island
235643,nato forces
235395,scottish
3182,seduction
836,resistance
207078,magazine editor
211505,wildlife conservation
160298,virgin mary statue
188298,pioneer women
726,drug abuse
2123,father murder
200682,return of son
159747,diamond theft
173511,gay bathhouse
211710,partying
5911,channel islands
6588,west berlin
156925,first crush
226370,hoverboard
4048,musician
173775,captain america
188127,police sergeant
1604,operation
201077,mason
5513,pomp
161636,car movie
210012,mumblegore
2109,communist
159289,historical event
2107,coca-cola
2494,ohio
8494,obelix
211344,allman brothers
197161,serial
1952,socially deprived family
179507,cash
207696,banshee
3205,fairy tale
6389,frankfurt am main
166514,underground film
210175,soup kitchen
208772,home detention
3124,cloud
47972,native peoples
2318,choir
170633,southern
2250,menace
238138,chemical plant
156160,beefcake
158692,wool
192706,soda
192391,spinster
173990,dostoevsky
817,bookshop
233772,racial harmony
220326,david bowie
234038,recklessness
236338,ratted hair
206978,nightshirt
237834,jimi hendrix
230499,looking for love
6496,basketball
185241,film editor
200465,air show
175985,landscape
210094,nazi propaganda
5379,challenger
6746,hamburger
185266,flight attendant
4952,inferiority complex
5855,rangoon
9684,warp speed
6878,sandwich
167642,crop circle
200054,emotionless
2614,inhumanity
10844,character name in title
12987,poverty
186513,penalty kick
209701,tv crew
165113,rockettes
165846,yonkers new york
10371,antisocial personality disorder
195395,zimbabwe
222309,agronomist
10222,astronomer
12347,infiltration
171704,stage diving
230478,dumped
221224,confused parentage
170130,tree climbing
208208,state prison
163514,retirement home
163048,decadence
238135,vomiting blood
208167,psychiatrist patient relationship
196769,foreign exchange student
156082,cat burglar
173675,harvey milk
3179,sanatorium
7600,foot
180509,ikea
188772,black slave
6940,sylt
7098,sexual murder
15048,teenage prostitute
203224,mmpr
227871,land mafia
173655,hospital room
192857,turkey farm
165517,togetherness
2105,garden
210619,tokyo tower
2520,tanzania
4529,diplomat
195444,motion comic
203063,banned
161745,handprint
5650,feral child
209386,personification
234960,blackly comic tale
156221,showgirl
6215,household
18026,drug lord
5198,cold
155240,mule
191176,o. henry
173959,machinist
157337,inn
6162,past
4558,tibet
232864,secret weapon
206311,pennsylvania coal miner
206964,bangalore
194845,sister boy
209818,asgard
235411,environmental illness
190025,secret police
41603,paramedic
208466,german colonialism
5786,siamese twins
218190,home education
157894,ancient egypt
167451,woman with glasses
187675,medical student
1360,minnesota
7100,neglect of one's spouse
172487,video recorder
4345,tap dancing
233950,skinheads
238232,underwater cavern
179062,purple heart
33476,widower
190253,hannah arendt
212112,university professor
18453,gossip
209474,holidays
209501,understudy
155717,footsteps
186589,political protest
4113,jaguar
217467,music tour
196997,hemorrhage
176104,heroin addiction
9008,moped
179878,sleepwalking
155762,swinging 60s
190992,drunken master
234666,police disguise
232309,jewels
167608,scooter
160818,brunette woman
233445,show girls
18147,strangler
220899,crab boat
211632,rap star
10563,attack
229984,commedia all'italiana
4375,transformation
6349,bulgaria
174984,homework
190853,society woman
11434,ambiguous ending
221015,snoopy
163795,recreational vehicle
4120,fair
193833,shock jock
33612,stolen bicycle
178857,dark horse comics
1629,morocco
154874,imagery
10166,minotaur
193021,cold blooded killer
6816,gold mining town
892,glasgow
69467,longshoreman
222720,government secrets
2394,ghetto
211353,jack black
6091,war
196150,michael viner
194801,authoritarianism
193716,kitchen sink realism
157286,golddigger
201490,flirtation
231231,kept woman
33922,pop music
226589,spetsnaz
206568,firm
11408,gargoyles
167466,mushroom cloud
226510,sports marketing firm
188635,snobbery
231708,ship's doctor
191009,housemaid
207899,snooping
160021,food issues
10565,model airplane
190453,female convict
161896,changeling
155248,nephew
4410,u.s. navy
188608,ice fishing
11341,methamphetamine
1225,print shop
180250,swindle
10652,astrophysicist
11326,shaman
160420,serenade
228712,turkish horror
14637,gulag
166300,location
188901,quaker
9907,community service
7385,village school
3796,auto
3104,killing fields
157530,maggot
185509,soundcloud
208979,hebrides
7934,call center
178011,universal studios
229234,alphabetic order
236369,voiceover
156206,omelet
34079,death
206632,motive
34161,doomsday
186062,jewish man
191331,body snatchers
217319,stylish
229266,dc extended universe
11922,commuter
10276,orson welles
166321,film union
192965,farm crisis
163392,triangle
233662,office job
11558,jump from train
225686,aspiring artist
34142,jobless
233450,proto-slasher
196171,health inspector
946,excommunication
193532,prankster
44496,hive
9141,belt
167328,diplomatic immunity
5251,primal fear
161314,king louis xiii
191194,shakespearean actor
6966,film history
187249,catskills
211065,internetsucht
41613,rapier
190890,attempted strangulation
4243,black panthers
201315,lungs
195588,horror fans
177589,aspirin
193765,brunswick
222513,mashup
234268,mutants
156219,prison riot
194369,post-colonial
181668,campaign manager
238601,carnival performer
180499,cosette
9779,vehicle combat
194024,river battle
159876,unwanted kiss
947,prohibition
6996,car garage
171818,list
165194,sock on the jaw
235103,candy darling
156645,jakarta indonesia
155644,toddler
206696,contests and competitions
178320,killed with hairpin
156178,hand
3593,wilderness
206312,typhoid
33498,transplant
226577,bicycle taxi
166889,pet turtle
2269,aquarium
221507,partial cure
233172,Żółty
2733,firemen
189494,stepford
182286,garden competition
6304,sewerage
167554,sexual favor
180790,polish american
2538,begnadigung
166734,smoke
170313,all male cast
206044,fracking
200760,premiere
8781,foreign aid
15481,fictional city
17975,transgender
522,borg
223143,paarden
193083,shipwrecked
3364,sushi restaurant
191150,interplanetary war
196414,tardis
192492,banksy
206626,perception
193649,early sound film
221227,heatwave
202210,dimension
221190,two generation
167020,husband wife estrangement
10454,swindler
215174,harold lloyd
9469,burschikos
226917,vaping
220670,aerialist
207693,return home
15191,seminar
174272,school uniform
191144,female mercenary
3063,adolf hitler
14745,bush whacker
5378,world champion
196042,spanish congress
215205,danube
6645,mayor elections
161216,blasphemy
187579,radioactivity
173066,postal worker
68649,vegetable juice
197159,founding fathers
5699,music video
155434,dead woman with eyes open
163211,modern dance
162970,institutionalization
10718,fugitive
186920,filmed performance
2381,wedding planer
41643,welding
175345,comic book art
160898,paternity revealed
185216,cryosphere
178226,lost and found
204183,crimea
11830,hot tub
8250,victorian england
170026,salt mine
13004,medical
192945,american west
2344,chimney sweeper
208742,nigerian
10586,korea
187490,surgical stitches
209271,live action
226838,federal reserve bank
4326,theatre play
2117,subconsciousness
10639,jury duty
188955,hand to hand combat
3490,pop star
14636,india
166847,army major
196363,clipper ship
224637,line drawing
14836,italian restaurant
190451,dragster
229665,false virginity
186696,jet crash
222793,online predator
15158,rebellious youth
162429,solar system
9851,knife in hand
33876,swinger
232796,georges melies
5462,barbie
169339,snow kingdom
11330,cider
10696,bootlegging
205845,competition in a family
177108,snooker
176351,lemon tree
10353,agoraphobia
2231,drug dealer
5287,tour
194154,sociology of childhood
4720,ritual
198967,tiny home
11736,family abandonment
161693,soho london
191117,disney
1906,egocentrism
230668,chola
232592,gender swap
2053,mural painting
203142,poor class
221361,citizens band
83,saving the world
181053,troubled past
210002,car parts
968,manchester city
3201,orgasm
5697,nirvana
192705,four-wheelers
168856,autocide
180789,machine shop
204904,exploding boat
810,budapest
162928,healing process
167768,dorm room
175656,crystal machine
186915,man in drag
162988,dystopic future
3345,bahamas
12605,eggs
165518,fiddle
306,jupiter
191010,finnish winter war
10661,antelope
193049,estrangement
169613,mist
214472,stealth aircraft
7568,psychoterror
163918,dental braces
6566,computer chip
207988,hustling
212913,healer
5664,burning cross
168013,lamborghini
167562,biblical interpretation
41523,brooklyn new york city
9645,local speciality
179416,jungle cat
1777,ford taunus
160328,individualism
8637,fall from height
202620,megalomaniacal
203579,report
156174,occult
174319,rice paddy
5409,wellness
5990,wine garden
207681,macguffin
170465,bloodhound
174258,juvenile detention
1584,yellow press
11477,talking animal
197963,renaissance
206715,love and romance
13090,briefs
210351,friendship drama
174520,high dive
3131,modern society
238857,disfigured
18069,laser gun
8570,president
193998,beneficiary
166126,forced
185013,two strip technicolor
6758,neuschwanstein
182810,combat fatigue
166519,wild goose chase
219900,chiropractor
171964,secret passageway
208645,telephone conversation
41180,security guard
173242,modeling
170776,disbelieving adult
14731,martial arts master
222311,islanders
206243,category iii
10649,drug rehab
4372,wall
172718,ancient astronaut
208630,counter terrorism
33480,environmental
33428,gash in the face
208388,plot to kill
220628,pizza shop
230290,sham marriage
156112,wake
33790, drainage project
8080,saint tropez
1399,senate
33577,environment
6394,rocket
219906,sheep farm
4200,aridity
161647,psychosomatic illness
220209,barista
195464,carcass
200907,messages
6719,montreal
237832,taxicab
227846,reference to calvin coolidge
12131,fallen angel
196401,cross country race
3372,title of nobility
221824,the lion king
3598,ax
14600,guitarist
179422,jason vorhees
187989,suspicious wife
195668,seinen
180521,bonus
197618,racketeer
188287,rich daughter
232719,sukeban deka
922,hotel room
40865,new york state
220376,vhs tapes
209280,deep space
221868,athelete
4222,editor-in-chief
190079,school boy crush
3047,plo
205848,communicating via phone
2953,media adviser
11451,pokémon
158487,chinese tradition
164098,cat call
207077,compulsive gambler
10412,sensation
2251,lie
221275,greek movies
181372,saleswoman
228842,saab
167556,bowling team
162120,commercial shoot
2450,auschwitz
208244,16th century
220798,bobsled
8044,flight
6021,employee
228634,battles
157769,stroke
4550,full moon
220313,news bias
11706,constable
502,ambush
3196,charade
5383,amateur
233558,stolen patent
15300,father daughter relationship
2912,buffalo
225832,boy scout
185954,national transportation safety board
213194,doppelgänger
223914,other dimension
217418,defcon
166672,dissident
177146,meaning of life
157154,psychotherapy
229440,midgets
155624,envy
232225,search for father
209500,intimate family portrait
187287,bat masterson
209051,adopted son
177972,bickering
194156,cirque du soleil
4794,bluff
11102,panzer
177761,crushed hand
4277,to shoot dead
180204,wounded soldier
14987,cliffs
18524,refrigerator
208221,quit
171258,music rehearsal
231898,kloster
176798,taxi dancer
7645,pathology
168347,southwestern u.s.
242,new york
220451,wedding arranger
15402,popularity
192595,wayne county
3010,intolerance
6711,crisis
211634,barabbas
9792,djinn
14795,jacket
13095,death of lover
186957,federal marshal
198438,elite club
202491,kunoichi
30,individual
180861,aunt nephew incest
190894,may day
232427,violent youth
154866,archival footage
155808,hometown
41594,electricity
167863,male bonding
226689,newsletter
15259,air battle
193264,english police
222797,repression
8680,ferrari
2479,chicken
2793,film director
15111,drinking
7358,school performance
179485,chinese american
3270,baccarat
161298,public urination
291,circus
171518,thong
10703,tragic love
4992,senility
40832,gilbert and sullivan's princess ida
165064,frenchman
11340,omnisexuality
181052,helping children
156279,possessiveness
161000,shrapnel
33348,mass extinction
156479,inheritance fight
177235,state police
162139,painful memories
160404,valentine's day
162467,cosmic zoom
1551,indigenous
228610,railgun
9144,kaiser nero
40897,dance lesson
2050,desert scientist
217184,old friends reunited
1912,habor
228389,quintet
5970,wrestling
15381,captive
1435,scissors
209322,lettrisme
15151,car dealership
165857,borzoi
816,walking
6195,discovery of america
199910,riveter
11130,art house
191960,freaky
163586,drug ring
211359,alien teenager
388,scotland
221692,rhumba
226768,station wagon
186727,nude fight
173020,medical kit
7851,tax inspector
11335,tape recorder
5540,heavy metal
155392,summit
399,fountain of youth
1812,fbi
230191,haunted
160799,posse
1158,grandfather grandson relationship
221188,accusation
227425,pillow
229046,failing eyesight
41538,turns into animal
41511,cross
9332,psychological abuse
10551,ballet
6399,rope
2709,snake skin jacket
171703,fund raiser
379,skinhead
155800,atmospheric
191990,rack torture
232454,droid
4959,death of a friend
220789,bad advice
160880,jet fighter pilot
191075,father and child
231170,section 230
178010,jurassic park
13118,love interest
1209,wales
9950,thriller
190019,dominican republic
178865,crime reporter
2956,vietnam
174089,unreliable narrator
6218,right wing radicalism
164061,hospital bed
185270,remake of korean film
3923,humor
181057,taking care of someone 
180537,hall
208666,dignity
158251,dead family
180484,mercy
6245,instinct
173983,mother's day
7658,kansas
9888,spanking
14949,stick fight
3310,penitentiary
179041,ventilation
165576,cross cultural relations
207254,caballos
196193,deutsche
192485,prize cow
1958,toscana
234023,shot in the chest
210414,unfinished film
167095,disposing of a dead body
331,tattoo
227900,blacklight
10230,tracker
210454,airlifting a piano
186268,skull mask
234936,effigy
196367,battle for survival
7105,honduras
966,beach
1746,souvenir
8695,bestie
190947,stephen hawking
185213,melting glacier
160483,investor
187969,waif
218099,elderly man
182621,salvage
486,himalaya
167663,car siren
11662,blood on snow
201674,sanitorium
4029,bourgeoisie
197452,disk
155467,nursery rhyme
1716,milieu
4545,air controller
202559,district
7460,hiroshima
3051,hostage drama
155851,book store
3454,orderly
192794,veterans hospital
209106,funerals
4614,heavy weight
222184,gospel of luke
226219,insurance risk manager
192808,breach of promise
3458,bartender
222079,self delusion
221659,brown mountain
159384,wire
3363,hypnosis
161046,dancing in the street
17926,softball
164532,flute
212564,taking a picture
494,father son relationship
641,single parent
194452,bosnian war
1820,trip
2690,heart disease
167958,o'hare airport chicago
1563,prisoner
11550,black activist
1865,biological weapon
2851,avarice
178269,bass guitarist
10943,tragic
238027,gingerbread man
221037,yogi
14989,religious
207294,peeing
192097,target
220363,chemotherapy
196586,reference to snow white
186234,surrogate daughter
10679,squadron
2815,graffiti
209992,japanese cyberpunk
10150,end of the world
196543,mondo
14943,shaolin monk
202217,temptress
182273,raver
206297,self consciousness
40922,saving lives
182268,club life
156702,capture
232669,jump scare
14624,cruelty
214985,tampa
2650,leather jacket
208186,unsuccessful
213295,missing son
9767,beautiful woman
4702,suitcase
5952,tunesia
182287,sheep rustling
2118,sultriness
155859,law man
220025,life changes
207686,october crisis
181094,nickname
174566,chalkboard
15011,criminal underground
193526,all star
181319,electrical engineer
155275,fingering
232875,ss officer
155058,karaoke bar
155714,al capone
220855,pixels
200353,amateur actor
170015,wreath
12659,free from execution
181872,yardie
156037,socialite
1463,culture clash
232186,amplifier
221652,bathrobe
195648,narcotics
7935,sachsenhausen
41316,pet dog
18133,computer games
187310,springfield illinois
3584,bridesmaid
213815,sedation
2221,meteorology
207979,molecular biologist
163696,tv debate
33672,financial transactions
5571,great depression
166287,school bus
175413,burnt body
203624,physical deformity
41663,bicycle courier
173919,punk band
4542,gold rush
211343,session musicians
193611,new york harbor
223127,paris commune
1661,sarajevo
169964,devastation
5370,arts expert
182541,bank cashier
8086,crop duster
188259,money problems
160912,fictional country
180578,impressionist
4849,exile
238600,glowing man
178321,going into labor
10125,mad scientist
180194,spellcasting
4015,aggression by plant
185863,carefree
13002,avatar
234555,psychedelic drug
6759,herrenchiemsee
33471,downsizing
202957,skills
234451,tied feet
9694,halloween party
154228,confirmed bachelor
9942,oyster farmer
221149,actual animal killed
227394,millionaires daughter
5947,military service
10138,satan
161752,family photo
206711,obsessive quest
199955,gun in safe
206811,life turned upside down
229087,vih
167313,police psychologist
6054,friendship
6622,tumor
180635,multiple perspectives
196944,vegetarianism
224121,big game hunter
228001,lycanthrope
219903,political drama
158672,hand clapping game
3616,college
155781,trailer
40936,lock
163059,youth culture
209100,overalls
217879,dance studio
226178,alien queen
179095,evil doctor
195365,synth-pop
883,capri
223816,censor
4188,revitalization
204404,colonial india
201950,anachronism
196684,revolutionary war
160234,family tragedy
9766,hiv
208385,sleeper agent
11827,swimmer
208592,floppy disk
8116,gallien
996,expensive restaurant
236568,bickering couple
188722,ore mine
818,based on novel
195737,ship hijacking
170801,suit of armor
208774,acrobats
228139,central
9937,suspense
2966,louvre
209069,sold into slavery
157430,swamp thing
157096,homoeroticism
164704,hofner bass guitar
208079,jewish boy
228318,acadians
11580,severed
207240,murder trial
233133,paranoiac
41412,sewer
7059,anti-communism
172972,old woman
208805,dmt
233072,uneasy alliance
210450,noah's ark
194610,variety
3197,riding a bicycle
10246,national lampoon serie
169443,face ripped off
4298,teamwork
167310,sitting on a toilet
11670,mary queen of scots
7112,rechte szene
154889,concealed weapon
207930,childhood love
217034,quantum physics
208806,life of crime
2781,roadhouse
3718,adult
158627,train explosion
214991,may 68
187261,general store
186450,moscow
227790,bliss
224563,beekeeper
186251,enforcer
222080,self created problems
4742,background singer
208534,darkman
193517,coyote
155030,superhero team
225944,indian guru
41380,crucifix
179367,impossible love
234121,polecat
6193,world religion
235801,миньоны
159595,sexual torture
186265,gardner
13063,car accident
6494,talkie
156053,bangladesh
215773,class discrimination
33787,tower
233287,masks
193271,young women
226618,picketing
237497,love nest
6978,radium
211778,baker
9672,based on true story
192168,dubbing
155761,phone sex
180185,vehicular homicide
190313,playstation
157227,board meeting
206334,badminton
229628,adult illiteracy
211715,country doctor
223901,animated
54169,stoner
233604,rocketry
229759,shark fishers
187084,wishes come true
184011,reference to jack ruby
156116,tommy gun
179102,superhuman strength
4144,donkey
14552,ira
189414,furnace
162339,media manipulation
41011,"based on song, poem or rhyme"
6458,cigar
186071,sexual pleasure
191623,sitar music
233037,assaulting an officer
197749,northerner
160868,taser
165551,carnation
3779,air force
4694,staged death
212912,air force base
211660,old age
15060,period drama
11321,animated sequence
188907,street shootout
199080,bank robbery attempt
158390,landlady
158477,wall of fire
191349,teen rebel
40869,daredevil
211707,roots rock
48711,ticket
1577,solidarity
165686,nude man murdered
188623,runyonesque characters
230017,tamil dynasty
197950,flight of fancy
237669,football ticket
172223,chased down street
234184,powhatan
162749,creator
166691,hung upside down
212646,bank account
210324,decay
235335,wrong address
15112,naive
238030,show-off
189145,executive
186782,discrimination
3002,fog
161188,austin texas
2426,group sex
223562,spanish holidays
10200,man man relationship
192767,mountain lion
177591,street walker
643,horse race
11314,f word
226474,german submarine
179029,rubbing suntan lotion on someone
13040,electrocution
6118,finances
189150,incurable disease
214813,niewidomy
155536,jockstrap
11724,vulgarity
198231,찌라시
182045,albanian
10216,outcast
3625,silver
220217,ringu
163599,death of parent
18420,surveillance
189933,economic crisis
191031,british officer
190353,byelorussia
190179,parkinson's disease
18110,gist fight
191794,weapons dealer
1516,megaphone
215541,cenobite
209997,iranian new wave
193617,dipinti
158324,runt
161643,sport competition
191889,father child relationship
9228,puzzle
166591,photosensitivity
232224,treaty of versailles
231173,dream within a dream
8616,guru
182794,halloween costume
224795,drinking blood
208766,poor woman
5360,degradation
165241,broadway musical
156884,rangoon burma
8008,pilgrim
171043,st. louis
2864,one-night stand
3702,memphis
210281,sisterhood
3266,jamaica
191217,polo
165495,nun in love
10843,superheroine
2588,brain
163303,scary
181905,god complex
167707,bulldogg
181112,secret past
207651,partner in crime
2544,ugliness
226034,welfare states
169593,resort hotel
4301,grenade
161174,christmas carol
161722,housing project
180568,clownfish
207515,dominance submissiveness
158371,frozen lake
8992,nordmeer
233820,life on the margin
236944,communal shower
233044,judy garland
197573,solitary
181635,government conspiracy
234333,montreal fetish weekend
3612,traffic jam
221039,modern fairy tale
3525,racehorse
208501,troop ship
6305,pollution
1974,breakdance
166256,pool cleaner
10306,king henry ii
220073,security company
213803,cinéma français
6948,kartell
2831,slavery
7944,manga
18149,cut arm
234542,accidental death
164731,grand ole opry
12394,chainsaw
158124,spider bite
202409,chanbara
205847,taking offence
191205,burlesque dancer
224580,przystojny
40882,tulips
155734,scary little people
209777,derek flint
985,candy
191739,gnomes
41336,government assassin
216921,animal protection
188641,reference to mahatma gandhi
156786,prison escape
207825,connection
232819,phantom jam
171039,lock child
15101,based on children's book
198358,vicious dog
164391,dust bowl
229609,musical acts
6157,prayer
236553,loyal wife
33507,multiple identities
161292,mass hysteria
40921,street crime
160330,astronomy
11138,military spoof
161038,insightful
223195,daly waters
223569,legal guardian
210686,leyenda
232587,philosophic conflict
161508,iconography
226522,security leak
192763,enslavement
170063,steak
186761,foreign occupation
191543,stalinism
155547,weight lifting
228351,pmmp
6845,saboteur
155658,blonde woman
6272,children's home
18093,wedding ceremony
160329,super-8
41616,cops and robbers 
205849,odd crowd
164120,rock singer
191298,factory girl
234213,sword and sorcery
68638,hiding under a bed
234312,talkative
238847,futurista
5215,northern england
179867,real estate
171692,political correctness
5981,intelligence test
15140,quicksand
208632,cannes film festival
229871,body switching
3371,family history
10791,teenage crush
216931,medieval india
229774,french gestapo
9841,observational comedy
1472,starships
44448,spaniel
10268,fillmore
222333,blender
163621,jason voorhees
211536,tv episode
179655,storybook
220314,wealth differences
185358,reference to charles darwin
164705,body painting
10564,japanese culture
7836,hut
7376,princess
2375,junkie
222455,larryboy
233401,monster film
2919,rose garden
234627,toilet attendant
10164,apparition
187046,implanted memory
191303,sir walter raleigh
1294,whip
13014,orphan
12412,recapitation
18155,vulture
209525,mysterious past
208108,arms smuggling
185815,u.s. embassy
155625,silence
9554,osama bin laden
209575,high wire
6110,weapon
200808,negotiation
223799,uzbekistan
414,hunter
208095,sweat
221611,failed children
236907,rocking horse
4078,ghost ship
9992,dojo
7476,older woman seduces younger guy
12192,counter-culture
190003,peanuts
8997,conscientious objector
221654,intergalactic travel
210486,colorized
5314,mill
5174,saudi arabia
194476,amelia earhart
15050,female cop
227206,potus
237873,dead people
176706,broken mirror
34152,evolution
10960,food poisoning
188755,hotel clerk
190433,medical examination
158266,wild horse
3570,three kings
15087,iraq war
168736,carjacker
198860,stolen treasure
15405,godfather
3012,court case
235637,whistle-blowing site
8625,patagonia
2517,leech
12403,girlfriend from china
155675,female masturbation
232688,rugby star
14864,rich poor
3544,machete
8736,laden
8659,western roman empire
236355,baby brother
227613,meteor shower
33421,crime family
208361,the love bug
5486,toledo
237604,chain store magnate
14951,bo staff
207887,late for work
6731,british
161356,law professor
187660,rubik's cube
192210,online gaming
10539,martian
14784,medication
208748,hookup
197170,memoirs
185728,secession
2981,homelessness
215163,hazmat suit
196085,all souls day
192050,partition
171445,tutoring
1005,karaoke
206570,banana plantation
8406,street artist
14999,devil
4924,insane asylum
226738,ultraviolence
211354,musical style
194127,anti-globalization
7926,mahatma gandhi
8556,innere stimme
207125,all-american
1886,cruising
182163,flash grenade
210415,z movie
10535,sino japanese war
238053,club foot
160178,waterfront
160246,childhood friends
15272,gestapo
1327,war crimes
233327,bleeding
172272,tortured to death
180574,father son reunion
225011,cinema of transgression
235351,1500s
11175,lamb
6158,cult
209070,abolitionist
192987,protestors
321,terror
187270,ransom demand
160075,levee
1770,spinosaurus
6407,speaker
193537,stage performance
225135,domineering husband
2111,soviet union
222982,colour
160815,best selling author
221475,bachelorette party
3228,bolivia
41404,sexual desire
983,brazilian
170219,auto theft
215644,h5n1 bird flu
174968,flare
234367,great soundtrack
6997,helplessness
191225,homophobic
190474,youth sports
163053,found footage
894,depression
4498,big family
159538,valuable painting
6581,surrey
2608,pole
197988,sportswriter
201990,miners
5572,fistfight
168202,low intelligence
7272,freedom of the press
5430,police protection
2347,idaho
10772,torture chamber
5859,paralysis
196744,movie clips
215267,free software
5729,maryland
8976,fußballwette
2437,munich
221686,german poetry
11471,flash forward
11715,arrow
181323,oil company
189379,deformity
188953,sign language
178665,mayhem
8862,uprising
209574,regaining sight
201168,baby monitor
202599,virtual
221762,snow globe
193177,mara salvatrucha
9849,beating
5896,galicia
1944,epilepsy
1578,loss of sister
789,muslim
7288,sleeplesness
209473,soviet propaganda
155215,leather
3344,letter
10022,rampage
4744,motown
237183,war orphans
5789,sand
6832,environmental protection agency
174110,boxer shorts
2710,fairy
234305,widowed mother
11930,drone
532,music record
176533,driving while stoned
155139,porn parody
3880,snuff
17970,tranksgiving
176338,plastic bag over one's head
189119,ancient
6895,philippines
6350,head injury
209489,ski shop
11332,farm life
207915,white supremacists
177790,frenchwoman
223169,jilted
235080,battlefield trauma
192032,saved from hanging
185240,old movie
221055,pommy
206512,public education
197104,all girls school
221209,hit lady
206212,ufo conspiracy
5318,seoul
156052,unemployment
2393,adoption
11159,wartime
238013,facial disfigurement
229607,female warrior
164334,gold tooth
3149,gangster boss
234683,glass slipper
172190,written
191027,fictitious country
189409,sex crime
7942,imaginary friend
74,germany
17978,electric vehicles
158778,behind enemy lines
220849,magnate
200636,suit
7558,life-saver
156905,grand central station
165871,showboat
234322,classic film
180186,limb shot off
5564,match
170587,mysterious stranger
2834,room
186411,slow motion action scene
220898,marine researchers
206225,education system
18011,pregnant woman
220770,free cinema
11799,reality spoof
2770,war ship
15189,violin player
191297,business tycoon
206665,greatest
238233,rocketman flying suit
169367,returning money
186798,shooting dog
236554,cornish coast
10414,trance
190424,cavalry officer
179010,missing persons case
4040,space mission
170166,coffee shop manager
4373,fraud
10506,prehistoric
181099,pirate captain
14532,crazy
230999,severed finger
15250,alien infection
159551,pink film
207011,secret laboratory
207379,electronic music
5780,johnson county war
161794,bad dream
186819,homeless girl
9878,fighter jet
207807,erotic fantasy
3722,human body
6819,rosenheim
208251,nervous
191604,professional thief
221910,revenant
11800,mockumentary
10360,prejudice
4461,postman
4597,pencil
2467,difficult childhood
210252,trail running
10978,bad cop
227095,longest film
209159,salon
11362,cockney accent
170775,opening in the ice
233147,russian literature
184157,multiple roles
232134,animated sequences
208606,traffic school
1445,ice
158108,killer shark
3347,volcano
187312,intercontintental railroad
18061,leading man
160311,trivia
234183,animal sidekick
5146,genghis khan
187202,inter religion relationship
185718,cultural conflict
164218,psychotronic
170579,reference to joan of arc
216791,advertisement
160607,coot
8707,running gag
167861,caribbean
8790,ant-hill
156872,ill mother
11061,debt
5888,agriculture
9834,pole dancer
3667,time
178517,middle aged man
187206,tuareg
232473,whitewashing
172841,music box
68648,mailbox
199792,asaltantes
41377,lily
7976,twelve
174472,child driving a car
4713,research station
230016,bodhidarma
3231,russian revolution 1905
207113,foursome
15028,subversive tale
202647,humanity
100,slum
916,marseille
226830,prision
195910,encylopedia
2698,celibacy
12367,female assassin
165858,millinery
236515,written and directed by cast member
6148,court
154999,bald
181532,protégé
189429,dumbwaiter
165735,sidewalk cafe
14551,hashish
4532,son-in-law
227808,biscuit
6716,galier
160132,male fantasy
237946,walking advertisement
166120,reprimand
207969,brisbane queensland
225822,actors
170336,asthmatic
18057,prosthetic arm
206669,kicked in the shin
3590,piano lessons
222551,environmental activist
164775,orpheus and eurydice
190476,cotton gin
172327,revolving door
232071,vomiting woman
181559,dominoes
3180,sailing
158781,jungle warfare
202838,programmers
7546,imam
236630,school for delinquent boys
172889,overhead camera shot
157351,living dead
228892,teenage marriage
225547,songs
166148,interracial couple
226705,mounted police
10724,naruto shippuuden
155508,jewel heist
3921,discontentedness and displeasedness
158401,chihuahua
11107,rescue mission
228851,meteor crash
224326,sister act
236414,chicago illinois
227198,stolen pet
34136,blunt
170553,polka dot
259,amputation
178080,sand dune
201952,pikachu
10945,staring contest
221023,college friends
208450,life competition
4986,enemy
185319,monkey warrior
168338,mafia accountant
192293,wobblies
207399,october
172727,anchorage alaska
220874,anthrax
12337,colonisation
40940,gay club
155327,robot dog
207437,hate mail
10589,warmongering
156181,lecture
188086,dodgeball
206720,teenage life
233140,ambushed
190186,talent agent
158513,iron monkey
194160,tasmanian
3096,book
15182,partisan
113,holy grail
233279,holy orders
9519,pippi longstocking
41410,madness
198331,vengeful spirit
220202,go-kart
165073,bali hai
159709,bumbler
170380,extra credit assignment
225594,time limit
155344,brumbies
182681,weevil
158369,dalmatian
11109,military officer
170184,playboy magazine
164104,national anthem
224585,pracownica korporacji
1859,arizona
3901,rabbi
11551,pocket monsters
181976,imprisoned
176056,time traveler
879,brain tumor
198158,illegal
182195,online dating
169057,merger
237216,difficult choice
161395,alchemy
11121,plot
181116,lawrence kansas
9027,mothra
33580,children's rights
6080,state
156835,hypnotism
174534,young wife
169175,storem
10852,dead child
2274,sikh
8677,revanche
14599,birthday cake
2936,artists' life
209117,mass child killing
157897,war bride
12102,resident evil
156803,extinction
191256,ray gun
155840,boxing promoter
9098,trunk
9678,mind control
15059,t shirt
1459,marriage proposal
198102,frankenstein's monster
186810,william tell overture
167656,rich parents
11716,clinic
11492,smoking marijuana
187214,arab jewish friendship
160175,alps
9806,shrek
7393,life's dream
175668,life raft
201068,analysis
2462,m.i.t.
181602,renovation
194001,royal wedding
207468,app
228427,possessive man
181657,moustache
193497,special
7188,hostage-taking
169114,brat pack
11594,mississippi river
195265,socialite party
220649,british monarchy
202623,mind
6313,flyer
34067,jousting
170362,fantasy world
197891,lightning stom
174063,slip
214949,fly-on-the-wall
8971,oktoberfest
234260,buskers
208942,southern sasquatch
183886,illegitimate son
180662,pyschic
9623,santa cruz
234253,outcasts
160152,film fan
159548,clouseau
189437,cigarette case
13088,summer
15021,mysterious letter
982,rain shower
185218,environmental change 
33576,menorah 
221396,mass hero
6133,industry
3534,big wheel
1829,beheading
584,perfect crime
10440,second life
210036,missing link
207583,actress
177280,primate
8159,iraq war veteran
6743,general agreement on tariffs and trade
196376,sci-fi thriller
235599,microcephalics
3151,scarecrow
209420,neptune
181218,silly
160861,naval combat
236312,origins of life
170389,junior high school
211560,flying ship
185307,mohsen makhmalbaf
2835,neurosis
156766,depression era
10877,dead body
170356,outsider
238599,universal horror
190979,southern family
2531,strategic air command
5895,viking
237970,model train set
173866,bird cage
215539,discworld
10114,evil spirit
192239,renaissance troup
12424,yakluza
5454,flame
188265,chieftain
220844,volcanic ash
158716,israeli defense force
162939,taking  picture
177995,dachshund
218182,overprotective father
4739,legerdemain
197576,mud wrestling
238032,cover-up attempt
185730,presidential cabinet
9798,law school
191795,grape
2167,ethologist
17997,housekeeper
1628,nationalism
171956,winner
9552,baron
191149,hit-and-run accident
169663,haifa israel
165171,crutch
175928,man wearing a wig
189884,alexandre nevski
235651,mysterious lands
187292,fixed fight
7694,pile of dead bodies
157283,speakeasy
10768,lesbian
167529,ceo
185229,public loan
196557,mission to mars
186722,gay brother
201635,power rangers
189477,bois de boulogne
171945,parker brothers
15124,framed
217076,voice imitation
186378,hidden fortune
1852,mutant
3152,planned murder
221164,revive dead
156111,inherited disease
206919,alphabet
195227,circus troupe
231729,humanism
625,sadistic
197381,braggart
1857,irish-american
172980,catatonia
161550,dying woman
163338,egyptian mythology
165185,chorine
165190,show must go on
204950,innuendo
184499,baby born
208787,newcomer
230593,inner journey
199758,pornography addiction
197811,shock talk
163335,man with glasses
15222,central america
4678,stick fighting
209095,con woman
155701,cock fighting
181479,pearls
33873,little people
211487,space centre
930,in love with enemy
164698,boyfriend girlfriend
208152,pets
177364,jury tampering
155453,gritty
18401,contemporary setting
2992,diva
10116,female
230442,rebound
190616,russian prince
188989,supernatural power
8691,marie curie
234177,prince regent
194581,geronimo
3755,transience
4168,greenhouse
187886,supernatural investigation
4661,pantomime
3399,disorientation
226710,epinephrine
203897,drogodependencia
208847,out of control
209223,multiple sclerosis
158748,subversion
201071,ritualized cultural performance
209157,childhood sweetheart
224583,serce bohatera
232245,macabre art
33699,policeman
176227,motherhood
10123,dark comedy
231388,lonely hearts
4325,game show
544,sailboat
207257,renaissance painting
182281,farming
155799,narcotics cop
9574,tageszeitung
159534,stolen painting
215645,drinking game
213118,sportscaster
11272,piloted robot
220986,sound production
222019,clinical trials
156205,concert film
5933,poet
155724,home ownership
178646,possesion
160926,sexually empowered woman
162758,singles bar
161977,bandanna
1942,strangeness
180002,lgbt rights
12664,delayed execution
5563,market
181531,brother sister incest
238512,prisoner of war
219966,avatars
167890,voodoo ritual
220652,mr. hyde
173841,body armor
191207,uptown
155756,tall ship
3521,earthquake
1471,places and planets
8468,crew
220178,remake of danish film
230512,mink coat
221298,pregnant man
162296,ex-boyfriend ex-girlfriend relationship
206910,soft core
237674,yoshikawa
6986,school excursion
238300,kidnapped
193266,croupier
40905,cheering crowd
164881,death of daughter
184437,multiple story line
189102,tunnel
197335,representation
4908,leave
4102,conference
12649,samba
159669,ex kgb
2606,jew
214774,ova
196727,fantasy life
157800,cutting
191005,albuquerque
187999,playing piano
345,monk
202816,bruce banner
160395,spats
4932,farm
627,killing
223174,the metropolitan museum of art
8087,horror
211661,psychotic break
3912,tv duel
223748,follies
197065,claymation
169125,fort polk louisiana
206741,driver's test
213897,age gap
10761,superhuman
6050,criticism and blame
208289,1980s
166109,child murder
18056,tricycle
237623,pretensiousness
172383,eating disorder
191045,revenge killing
237643,comic sans
18063,sports bar
209548,deutschland
208418,waking from coma
10770,mad doctor
222512,parson
196260,artificial heart
178131,birth mother
195593,physical disability
182427,tearing up a bank check 
190471,amateur sports
195418,glowing eyes
15378,backwoods
228753,loss of faith
2546,mask
1902,lisbon
54005,the beatles song
191102,tea party
234371,orca
232993,astral projection
213826,ecw
189461,radiator
208764,fiancée
1485,stadium
158141,toy car
15099,professional hit
224672,feeling trapped
220075,former fbi
168468,dead father
215409,introvert
9444,europe journey
2908,secret society
9832,cylon
11587,dummy
173276,dreamer
177362,tax evasion
177127,emergency room
7329,pogrom
191652,greenpeace
33454,convenience store robbery
238358,kidnapped child
160486,big shot
233021,ugly
219832,despicable
7412,sin
189113,fictional language
170737,bunk bed
367,shyness
163513,giving away money
178655,rag doll
207416,concord
175497,plaster
207108,uncover truth
184993,u.s. space program
190981,intelligence officer
209032,dental torture
203675,peers
10198,gay relationship
10001,head in jar
162272,life relationship
205766,political killing
12969,chess tournament
186718,corrupt official
11771,pentagon papers
156018,mining town
2568,language barrier
196799,chase scenes
210347,revenge drama
1824,self-destruction
10287,skydiving
229378,reunion island
168406,tough  girl
193203,lancer
237592,woman medical student
1199,netherlands
3018,saxophonist
228977,reference to rancid
233399,pepper spray
4414,adventure
3260,masochism
167316,buddy cop
164813,underage bride
234894,arcade game
178854,hardy family
211553,assisted suicide
160127,seeing eye dog
456,mother
191001,war effort
236631,mother son french kiss
162792,historically inaccurate
392,england
162153,grand piano
156063,expatriate
5568,flush
198072,fight on train roof
215127,adam and eve
7557,ns-zeit
190869,creepy person
10556,male female relationship
213913,manitoba
184541,reprieve
9928,bereavement
230009,asian american
169925,hidden
181230,condor
226192,new sheriff
207678,human prey
186827,marital discord
196990,mysterious candle
235642,charismatic
227042,overheating
186531,lost relationship
8608,violinist
192143,borrow
3125,razor
235389,bare butt
2084,schleswig-holstein
186413,ultra slow motion
220810,sink
7312,road trip
176262,bat attack
158278,remote control car
193692,city as place of sin
18230,drug trafficking
1293,asia
160130,invisible man
185375,top gear
211351,falling out
183602,public toilet
41352,drug overdose
233431,homecare nurse
5746,iceland
5498,lsd
171584,filipino american
208674,irish traveller
158041,team roping
158274,double barreled shotgun
161635,dog trainer
208593,interior decorator
213306,mad professor
237498,romantic rival
175069,reference to macgyver
1552,subway
181356,race against the clock
164077,performer
164917,breaking mirror
194976,fur trapper
9240,midway
221806,lou reed
234289,prosthesis
7644,revue
228232,tonto
197102,sports injury
191585,high seas
208908,gaza strip
160314,basket
170122,bee sting
175683,magnifying glass
181032,photo booth
224414,japanese girl
191026,port
205850,turn of the century
10498,malpractice
191192,madison avenue
186775,wb short
217927,omnibus film
229050,blurred sight
173455,tribal warfare
159161,vegetable garden
200425,stove
158071,binoculars
223438,based on young adult novel
15292,hanged man
824,drag queen
225523,h. g. wells
5406,head physician
202553,condition
184995,ss
234846,alien ship
170865,child kidnapping
4673,consumption
3431,materialism
5387,national guard
183637,barrio
9991,dress
211122,taking a shower
1969,map
15128,sex talk
184924,comic book artist
215413,walkabout
184546,jumping from a window
7430,sleeping beauty
14647,man child
3242,cannon
156921,dog allergy
1828,space suit
230413,mothman
10132,matchmaking
160916,islamophobia
6009,mathematics
157488,pet cemetery
11145,spelling
207676,roller blades
189586,pole dancing
7690,man looking for wife
180415,documentary filmmaker
439,paradise
4083,rottweiler
187250,dog tags
194634,best
174109,documentary filmmaking
185648,forks washington
9823,rivalry
188944,revolver
33463,particle accelerator
156826,operating room
224674,ghidorah
211431,mortality
190446,edo period
204836,selma
190178,sex worker
163014,injured animal
158265,eyebrow
203172,grumpy dad
220024,roman catholic church
642,robbery
168042,reference to prince valiant
238688,stressed father
2026,lawnmower
199553,outgoing
167362,art treasures
209306,cantina
206968,beaver utah
174116,jumping rope
190855,joan of arc
184996,armenian genocide
175593,mysterious killer
3539,czechoslovakia
219817,franklin the turtle
221300,holy land
219427,absent  mother
235074,wax figure
190899,american wilderness
41608,cosmology
6670,piercing
5891,backpacker
175042,bullet time
162388,retribution
4491,marriage contract
18030,rubble
4954,paternity
180148,cigarette smoke
154948,fixed gear bike
195788,spacewalk
3009,farm worker
176419,neighborhood watch
1589,sniper
155532,fatal attraction
171183,flirting
158787,army captain
156850,little big horn
174491,compromise
161960,reference to frankenstein
8888,bnd
201061,magical girl
8743,streetball
5771,seine
9821,city country contrast
190162,public relations firm
6521,theatre director
209352,st. patrick's day
232381,panties
4320,lover
160269,lost love
46950,dagger
220870,newsreel
4044,groupie
222281,nebbish
160247,grade school
235392,wrestling team
180436,hemophagia
167164,call girl
9276,truck
219779,fling
1972,hearing
184423,mock trial
9927,maine
187246,dance group
160140,exchange student
219802,feel bad comedy
33674,conscience
156390,face slap
189204,water purification
212915,women's rights
234082,accion
1657,eastern germany
211066,internet addict
7025,industrial revolution
2276,talent
1979,balcony
190012,deathbed
223155,rhedosaurus
236552,shipwrecking band
155169,american football star
215236,sons of liberity
7315,hatter
162359,cherry pie
7515,lausanne
33468,secret door
184997,ss commander
2702,golf
230250,unexpected death
5595,sleepover
193471,animated short
2699,fetish
237444,war buddies
224986,strategy game
176062,three headed creature
3387,vacuum
170309,dead children
192342,mughal empire
178369,baseball fan
10254,clubbing
12570,whodunit
194576,julius caesar
201456,paranoid
200600,ftm
167618,bulletproof vest
3276,peep show
10541,curse
238239,bagved
10991,annie oakley
3093,ghostbuster
193665,con trick
237503,wedding gown fashions
179413,cooperation
196779,virgin sacrifice
4023,lyon
187514,speed freak
190472,sports medicine
10503,scuba diving
230705,matsumoto
174240,juvenile crime
10419,enlightenment
232453,jedi training
180807,moral transformation
186497,human vs alien
232764,mexican laborer
164742,coal mining
165676,jazz age
212801,ex cia agent
171850,ice rink
159318,obnoxious
2683,tango
217482,compton california
227039,dangerous driving
4084,devil's son
167888,hot dog
198364,lost island
161506,heir
207059,white collar criminal
172664,hide and seek
161255,nazi hunter
177316,circus tent
161168,library of alexandria
2553,puppeteer
7394,spinner
165519,chapter headings
162610,weightlessness
6985,anne frank
226645,combat drone
11792,incest overtones
1933,nazi background
236590,2000 ad
226595,launchpad
4407,code red
190531,speculative
12362,voting
1992,professor
227562,film in film
159951,charlie chan
156783,blizzard
181220,tecno brego
6376,chat
7992,uruguay
6567,hibernation
211735,ugly woman
222264,flying tigers
169557,reference to pandora's box
172357,car jump
210190,turboman
196056,computer programming
6239,benzine
11020,classic
170577,roman catholic
171453,art history
637,pop
4081,unatoned crime
9895,kenya
180724,hidden truth
189359,rat
177128,excalibur
221044,palm beach
185425,giant vegetable
229863,ancient evil
209121,lung cancer
33424,cynical
207715,tall tales
8795,messe
163080,finland
231596,amateur sleuth
164754,bohemian
195732,ski
179083,art critic
2184,the simpsons
12339,slasher
237003,manipulator
156159,martial arts tournament
170390,burn injury
168568,multinational
8378,cenobyten
5306,boss
223064,come back
193206,tap dance
236151,borgias
192190,mailroom
210504,liberia
234126,case worker
185510,dropbox
211018,civil defense
703,detective
221700,uso
211722,shounen ai
185463,sartana
10375,possessed
238347,organ grinder's monkey
215975,serpent
179577,assassination plot
236125,natural wonder
191080,shipping magnate
770,scotland yard
187317,mohican indian
4645,palermo
3013,jfk international airport
11044,soul selling
187903,gangster rap
238132,one actor plays twins
208980,mediterranean sea
157813,naked
236055,gay couple
186376,polish stereotype
163069,child as an adult
2079,sloth
15126,historical
955,plutonium
191783,new york art world
234362,college intern
8662,courier
164500,infatuation
210655,snuff films
184369,shot
166309,documentary crew
234743,egyptian tomb
172539,lips
236547,smugglers den
162863,torquemada
229826,theological debate
236632,stepfather
9932,feud
6330,bermuda
187329,criminal profile
196600,pacific northwest
203985,green arrow
177482,mislaid trust
9335,royal navy
223969,recording session
171559,ridicule
234129,cool hair
11021,montparnasse
176780,tattoo shop
156789,freeway
238587,burlesque house
191182,shin bet
34030,typewriter
199322,recurring dream
6380,shrinking
41329,mental illness
235602,religious fanaticism
157481,ice cream man  
184318,out of body experience
4115,longing
10986,chipmunk
230670,直捣黄龙府
170124,camper
157223,bitterness
165872,miscegenation
3996,dynasty
41599,sailor
18073,covert agency
206440,video tape
1316,captain
853,crime fighter
207545,freak show
1337,carpet
166329,film industry
8681,supreme court
13129,execution
5051,sklavinnen
175007,scarred face
207110,mysterious character
9525,pacific war
5961,william blake
219860,violetta
3748,morning
7005,northern ireland
159818,zoophilia
8685,anti-christ
41383,triad
234307,parsi
218105,body snatching
33609,stolen truck
14956,wu shu
8055,professional school
213486,bluebells
2139,russia
180234,wild bill hickok
18142,catfight
13078,skinny dipping
15186,task force
172929,bedridden
228403,police inaction
229849,kitty genovese
192565,turkish
5840,encyclopedia
2800,psychology
193103,chuck a luck
236321,ray harryhausen
158904,headhunter
15150,bullfrog
227994,transistor radio
220945,rubber/latex
3875,barn
207374,saxons
180999,drought
161270,satanic ritual
33940,dance class
41584,sandman
157132,edgar allen poe
161244,iwo jima
205733,small town murder
164400,labor union
156097,evil twin
162801,subterranean
161698,doctor patient relationship
180466,gravity
174570, nightgown
161814,psycho killer
47020,storytelling
222098,blue bird of happiness
14886,thirty something
222891,dsytopia
1850,daily life
169064,canon
170217,held hostage
8209,ice storm
179645,forgotten
15203,dry humour
163674,gunfighter
168179,drug deal
176716,wheelchair bound
11426,moral ambiguity
209222,misfortune
174016,death of superhero
155199,dishonor
162628,giant dog
229298,boxing manager
198944,school newspaper
235261,abduction
190901,perry mason
188170,toy factory
10154,blob
33970,doom
223383,dissatisfied
2219,ice age
176746,basketball team
236121,colonial america
10483,eccentric
210313,action
40870,race
2860,heart
8763,meister
197057,fragrance
560,oxygen
186055,crying woman
161581,mental instability
183573,genre bending
10189,dr. mabuse
10488,burt ward
192555,family dog
5999,advice
11542,shock in the end
156815,corporal
1339,duck
188114,u.s. marine
211539,tiger shark
189371,voice recognition
15237,alcohol abuse
155871,duckling
15244,dead body floating in a river
190660,wcw
225587,polish people
217163,abandoned ship
180413,aspiring writer
193719,missing woman
180239,cupid
236680,shot in the eye
210090,lego
203688,electro
179294,counterfeiting ring
190893,suicide bombing
33514,clue
227860,turbo intercepter
33887,name calling
187784,getting married
188957,virus
167475,southeast asia
155821,sled dogs
10856,bag of money
171667,black militant
209063,motor neuron disease
159150,artificial insemination
207819,accident
193201,apprendista
2422,mockery
214716,epidemia
4725,baby-snatching
10660,mysterious man
185668,seeing the future
237151,falseness
208502,loyal
9880,alaska
230744,holodomor
206283,cape verde
7377,carthage
7477,police everyday life
5529,attention deficit hyperactivity disorder (adhd)
13047,loss of relative
6808,cookbook
229434,rodgers & hammerstei
10911,inheritance
227322,reference to star wars
235513,alien dna
18136,hyena
220572,deadly game
201385,confidence game
10689,wasteland
185952,baseball stadium
156455,unhappiness
207063,make believe
193119,sulmona
200160,bandy
200095,martian invasion
166129,interrupted vacation
173510,stonewall riot
2400,juvenile prison
4114,begging
1407,montmartre
4660,darkroom
233930,ukiyo-e
169143,fort leavenworth kansas
188730,english teacher
6987,idealism
3881,curatorship
18448,gaijin
227056,hypnotize
166788,illegal fistfight
11287,newspaper story
2881,jail guard
165843,merchant
190628,cabaret dancer
163481,cocoon
157941,reference to steve jobs
219950,good samaritan
197743,bank employee
236651,crossing guard
233243,video poker
167467,jackhammer
158764,german girl
228489,racial injustice
157904,luck
15061,docudrama
5756,man-woman relation
208081,stunt pilot
228357,zar
171783,hostile takeover
206214,pannonian plain
6258,intellectual
324,portugal
194508,the shining
12666,darkside
180547,marvel cinematic universe
470,spy
173719,haunted by the past
207538,rare stamps
171150,mouth to mouth resuscitation
208384,black youths
158235,film crew
183931,somnambulist
5053,energiestrahlenwaffe
169423,maturity
210692,comic drunk
6652,rhine
4659,municipal park
196943,family exchange
10827,open relationship
1596,anonymous letter
209412,dental care
14918,shaolin master
199228,devoted family man
179572,"nollywood, nigerian cinema"
199063,seduce
10211,east los angeles
10294,coin
161728,urban decay
12011,hijinks
233386,bad
189152,dr. kildare
194729,disco dancing
217672,crawling on hands and knees
191789,libel
168638,nurse uniform
197711,number stations
10786,colonel
4245,hijacking
5574,friedrich nietzsche
217880,cigarette girl
230052,chloroform
236377,emotional abuse
2195,scrabble
191365,honor killing
208271,underage prostitution ring
157160,antarctic
225287,dogma 95
210381,nudie
222760,crime spoof
2216,hail
163295,galactic war
33605,murdered sister
199232,jeweler
1612,spacecraft
197110,teenage mortality
4351,protestant church
168054,view askew
204173,racial issues
504,uss enterprise
172815, strange noise
10014,jabba the hutt
10160,engineering
230186,hamburgers
170148,pro bono
197430,missing daughter
200008,computer tape
12432,stage coach
3564,ejection seat
162345,sensory deprivation
187791,maid uniform
163824,san remo
190256,sound waves
15321,police station
33735,snake woman
230223,watchman
221207,public hazard
209411,toothache
161538,counter plot
212497,reference to benito mussolini
195193,guarani-kaiowá
171494,studying
222217,black doctor
173376,dairy
212404,verbal abuse
165875,paddlewheel boat
169350,enchantress
212939,polish soviet war
225186,ethnocentrism
332,insekten
7937,cuban revolution
234196,great ape
211473,napa valley
15480,modern art
183728,sex tape
189356,female bodyguard
178848,isolated farmhouse
163111,mothering
180519,fictional reality show
34154,north pole
169097,crooked politician
176783,save
238188,car phone
157064,circular saw
3910,restaurant critic
208112,land baron
227616,surfer dude
15173,hang glider
162846,ghost
174093,lowell massachusetts
18292,rustler
177673,wrecking yard
203502,gamera
13029,brief
176796,mayflower
169283,portuguese american
198588,lbgt
33533,smothers brothers
208033,sports hero
158620,russian revolution
198433,frostbite
212581,fools
238219,dancing while working
158540,south korea
6098,clothing
2805,rocky mountains
234506,thrill seeker
169356,gala
236181,avenger
182426,le carousel du louvre paris
223139,elliot
3543,transport of prisoners
1394,gladiator
2022,godmother
221758,sir arthur conan doyle
160583,western town
158203,straight razor
197092,social climbing
1704,ambassador
215779,real story
11176,haystack
181547,serial rapist
3188,heart-throb
180791,flower garden
183239,attacked by a dog
193173,papua new guinea
173361,real time
202572,necrophile
160556,sleeping car
180473,pompeii
173977,torment
193316,prostitution ring
5400,champion
193761,australian rules football
1010,bar
171184,exposé
4923,threat to death
226431,sadistic warden
9104,partner
210728,roman bath
196023,tractor accident
160977,virginia
180824,spiritualist
13112,murderer
188345,christmas card
188729,yen
238539,corrupt sheriff
238048,seal of confessional
10473,contagion spread
224180,blair witch
208394,logician
227807,young soldier
158726,wooden
238160,christ figure
237502,fashion showroom
159313,psychiatry
207157,avro arrow
229394,pension fraud
4798,despot
171691,beer keg
237645,bad acting
187928,prison fight
14696,bloody fight
11210,psychadelic image
222952,former coach
207242,dance act
41402,invalid
15403,blind tutor
4247,beehive
201927,brutal
18252,young girl
1954,ultimatum
15363,bank robbery
161143,girl in swimwear
186940,ethiopian
222517,legal drama
236104,australian folklore
4075,ear
234643,inspection
33364,visit
33513,desire
11448,two man army
164003,pele
168669,meteorologist
4674,sightseeing
237394,smoke alarm
162328,ski resort
166454,russian army
10507,hegemony
225685,college roomate
232469,urban gothic
192941,rift
199081,panama canal
6483,ice hockey
165368,inter cultural
204125,prison laundry room
225518,information technology
157166,beretta
207193,rothschild
8099,sioux
161160,steve jobs
234106,voguing
198246,알투비 : 리턴투베이스
1192,sweden
3496,snake charmer
208147,czech republic
175017,liberty half dollar
9229,grandparents
7209,plötzlicher reichtum
5898,turk
182419,new york times
202398,paint gun
5011,deal
178265,trowel
213834,re-edited
190165,contraband
14690,violent death
233280,yellow
156809,car trouble
8909,zaire
208513,anxiety
40932,dream interpretation
167598,defecation
156487,synthesizer
201388,confidence artist
9594,sudetendeutsch
224237,erotism
220639,stories
236495,low budget film
169068,ramp
7587,nigeria
207764,tribal law
162806,coven
236705,secret police unit
2350,seattle
208612,poliziotteschi
210616,children's experiences
33678,beard
6201,fall
207647,deserted house
187504,holy man
191028,concert pianist
225037,government witch hunt
195517,missile launch threat
225092,tiere
191826,chekhov
178444,peer pressure
162162,wink
228465,eaten by rats
3446,forgiveness
177824,sperm sample
180751,nursery
7605,el salvador
6540,franklin delano roosevelt
227583,white savior
180076,airline
15166,photo shoot
196583,birdhouse
208337,lost race
179101,norse mythology
11259,extortion
162121,commercial spot
6247,cleverness
209301,excess
7202,balkan war
181834,empathy
2411,new orleans
168485,sonogram
172792,reference to god
11139,steel helmet
209476,boxing
2692,arranged marriage
15142,broken ankle
232244,controversial artist
172603,reference to jean claude duvalier
229979,emoji
155643,foster child
210621,mosura
220003,country folk
11199,undercover cop
190334,theocracy
10996,monsters of the wild
200055,synthetic human
3230,male friendship
931,jealousy
210237,power glove
2382,flower
226543,sex work
210193,kinshasa
209618,baton rouge
971,rwanda
198929,adult as a child
207128,mafia family
5575,footlocker
5719,cricket
40929,witch burning
200715,feather
7169,man between two women
197264,love tested
226240,radio telescope
164294,black singer
2456,industrialist
2687,fiancé
4066,windmill
234694,superpowers
34264,madonna
192528,mimes
179092,food smuggling
187597,pursuit in traffic
606,orcs
188347,insurance inspector
156866,based on short story
9736,little boy
163395,infestation
205376,haunted apartment
156096,butterfly
229403,grudging respect
180831,newspaper publisher
5544,headbanging
227170,bikers
5726,insurrection
155262,threesome
158307,rabid dog
11025,halo
227533,new south wales
157094,male underwear
1941,ecstasy
41721,physician
232805,itä-helsinki
473,chain
33597,tooth fairy
12361,hacking
227596,tramatic childhood
12407,testing
189438,expulsion
155417,shade
6548,the rapture
160091,urban studies
184692,cowboys and indians
165804,peddler
4689,photographic evidence
228636,breach
165419,screening room
41327,snorkel
10326,morgue
206651,rapping in a car
5722,buddha
231586,sex change operation
158992,gentleman thief
6433,roulette
4555,only child
8757,real madrid
235476,u.s. ambassador
181041,garter
6603,baustelle
160442,talking to the audience
199373,life during wartime
176485,female artist
190210,african woman
180193,trick or treating
179088,radio host
181317,multilingual
228888,man on fire
158395,animal lover
158750,female agent
5606,gang leader
173579,racist cop
8072,quiz show
9818,fan culture
196289,fort worth
13147,snake oil
11240,live concert
4927,assertion
210191,navidad
3980,fear of water
238203,broken cellphone
184432,divorced father
192993,red riding hood
155501,marry rich
156949,end of world
15136,female homosexuality
156478,boyfriend
233276,religious vow
167809,wedding chapel
172992,ghost child
238617,reference to marvin gaye
162014,marksman
205614,picturesque
188475,enzyme
572,sex
166720,vampire slayer
1945,lethargy
170682,lying
229289,demographic movements
420,bowling
11032,defense
209341,mining camp
6358,sandinistas
12363,jim jones
933,michigan
229069,child hitman
2157,hacker
229400,eligible bachelor
185351,neon light
9076,trampolin
214891,shogunate
1003,photographer
161208,cenobites
12404,hard to kill
180180,shot multiple times
194230,malpratice
228067,healthcare
206071,bamboo
228081,christmas parade
155583,neurosurgeon
167198,fashion show
191725,aryanism
159945,customs
179578,lost at sea
229049,blurry vision
161318,enviromental
210610,world politics
206586,spaceship mechanic
3452,love letter
218002,reference to gregory hines
164136,joy
5656,sydney
195589,horror culture
6125,pension
212780,wino
3640,work
7189,pipe
4951,rejection
233082,trust fund baby
10009,robot as menace
238513,half brothers
5426,sms
177913,death camp
172339,occult research
164823,bible belt
214465,helicopter crash
156395,imax
2869,juggler
158142,real estate agent
6648,police headquarter
187305,peplum
6677,knee
201008,rock climbing
220486,class warfare
211318,google
2325,wrong accusal
161570,troubled childhood
234736,skeptical adults
176454,craigslist
41246,tailor
33384,napoleonic wars
154942,teammate
185441,civil war veteran
33434,perverse sex
236548,law officer
215299,environmental disaster
206977,hitchhike
156491,multiple monsters
206081,london blitz
40821,hawk
155755,mysterious woman
214484,redhead girl
3193,harpoon
155278,feet
170365,good deed
1682,workers' quarter
218122,cyber terrorism
188507,al qaeda
211749,character without conscience
155848,wrist watch
3622,stowaway
203117,papers
222834,ebola
2829,last judgment
156562,jonah hex
7322,caddy
14557,undressing
5886,schloss schönbrunn
6384,dresden
11427,movie reference
229043,baseball scout
196188,thought
179411,based on fairy tale
4264,stalingrad
156934,episodic
1651,donation
228428,disenchantment
5552,train ride
11083,paganism
160137,female hero
177502,subway tunnel
229740,body transformation
220935,nerve gas
2309,nobel prize
178159,turning into a vampire
215172,special police department
41338,climatologist
156147,diver instructor
169950,foreclosure
157174,chips
208514,conjoined
173645,conformity
4570,vorarlberg
195857,marine biology
206528,nine elms
189092,journey
231867,korean resistance
15132,gay bar
192687,oslo
191308,ex-boxer
793,drowning
2667,maori tradition
4299,normandy
162757,singing cowboy
154881,fingerprints
218051,folk tale
9517,bulle
208820,olympic athlete
292,berlin wall
178887,skate park
191201,inca
194869,boy band
238715,unconsummated marriage
220342,antibiotics
235855,sex with friend's father
164824,older man young girl relationship
230094,dark dramedy
1891,tent
170152,new baby
217996,working in the nude
436,south seas
231611,reference to jean cocteau
222321,hirwaun
4446,hitler youth
1280,lasergun
230774,superman
168654,heart specialist
798,sheriff
206091,adrenal gland
161290,sleeping
236993,the derby
201973,warhol
230895,atlas
566,sexual identity
156321,tv movie
14779,paradox
4013,chain saw
234779,coal shed
208725,irish catholic
167574,inflatable doll
192761,queer
2652,nazis
4518,postwar period
46960,reformatory
224451,the river
3859,alcatraz
11461,hangover
161891,doppelganger
11156,stew
235810,comedic relief
179321,asian woman
1343,mambo
170350,clubhouse
180222,valley
3551,private school
168839,mine field
15032,gothic horror
10112,ouija board
223595,jesus
184343,quadriplegic
178869,lassie
6799,comic-strip artist
8632,business consultant
236500,fearful wife
10583,performance artist
159802,yelling
185959,narcissist
11479,social commentary
221078,old footage
224818,old-age home
212654,lip reading
18067,exploding house
10466,knight
4077,watch
11402,androgyny
237603,millionaire's daughter
3330,pizza delivery
11336,young boy
207691,abuse
235196,rebellious
170622,hires root beer
6930,fondling
201028,depravity
206836,hippy
33714,danish soldier
10771,wax museum
6662,delirium
14574,rancher
1759,night life
215571,bad kids
234124,judgment call
197434,team of criminals
223326,death of aunt
4723,complicated birth
238542,classic sight gag
658,sea
34053,video store
10871,maverick
10331,lubricant
236897,cosmopolis
5890,community
183987,orthodox
177354,treasury agent
187864,human
10332,salesman
40884,blade
205781,beat generation
160223,vancouver
18014,wrath
187298,epileptic
6805,fashion photographer
178424,living under the bridge
12648,bromance
203220,gig
208737,rejuvenate
41188,bilbao spain
165921,wedding bouquet
206988,contemporary fantasy
173293,white horse
196296,loch ness
223286,peacekeeper
208433,pleasure
170496,christmas tree dealer
206834,mischievous children
12440,ranchers
183785,body torn apart
215754,professional athlete
226582,dodge charger
10328,reality show
165420,amphetamine
11428,convertible
14870,street urchin
237076,twin brothers
182422,landlord tenant relationship
181023,surveyor
206872,latex
11491,cult figure
181895,stasis
11242,junkyard
3376,satellite
3497,hot air balloon
171978,communist party usa
176127,open marriage
234234,ero guro
155312,shaved
212787,sadomasochist
10896,marillion
155507,aging actor
2718,indoor plant
199157,fake commercial
169140,military discharge
33688,hunting
226547,war journalist
5992,south carolina
194273,hofmann
232429,image comics
161786,bio organic weapon
218042,minority
155546,female police officer
8493,asterix
236626,adult child friendship
192096,bali
156512,decorum
5502,castration
2602,cellar
219681,tobacco industry
3292,chinese woman
5832,bed and breakfast place
6046,refusal
225961,bus crash
172210,lovebird
228469,paint
180975,charles dickens
164770,cancan dance
237152,grandiose  behavior
9855,slow motion scene
206191,stardom
157156,trek
178036,police harassment
3258,beauty
186908,draft
9681,clairvoyance
190694,stoner jokes
196548,mom on holiday
10090,board game
188652,cartoon pig
10553,bouncer
231344,berlin germany
163497,ice cream sundae
660,monte carlo
220744,modern times
176027,behemoth
160217,custer
15074,vortex
190518,special needs
165319,plant food
206782,house guest
156231,trombones
165388,dowry
3746,professor for literature
202203,modernisation
212592,battle axe
7597,dollar
224411,on the lam
270,ocean
202644,voices
171051,against the odds
181031,ski lift
171715,sponge bath
169638,animate car
10857,debt collector
699,love at first sight
160321,funeral director
233408,sinkholes
198471,off season
237927,missing money
10845,dogen
226268,governer
238034,irrational behavior
199978,stigmata
188246,corsican
159846,cleaners
221029,warp x
211711,spleen
160117,fantastic four
236286,riding the rails
220650,escape plan
14652,falling from height
222802,amnesiac
640,travestie
236969,cat lady
169618,bestiality
166816,bare knuckle fighting
33852,falklands war
5561,child prodigy
11714,dark killer
214997,giant ants
179472,heritage
2142,anonymity
194005,escape from a mental institution
12612,nemesis
207739,music school
14967,foot chase
235619,homer's iliad
11509,cheating on partner
213895,san andreas
54613,purity
1913,atlantic ocean
10396,copyright
162739,little league
221189,suburban
14793,wasp
10941,disappearance
174994,soft boiled egg
155798,sing sing
231277,alien technology
1436,inventor
5882,franco regime
197112,animaniacs
227106,banana boat
161136,french fries
182295,reading a book
161798,force feeding
207818,brick making
225188,abbess
10950,shootout
173201,dying man's last fling
214983,crime epic
10603,killer doll
171244,baby powder
780,kung fu
185452,union suit
181140,cartoon rabbit
6592,parish hall
181385,freighter
10333,stalking
4205,travelling person
232924,tim burton
9498,spekulant
3929,hope
191887,austrian officer
175107,nazi collaborator
164245,dying young
1233,composer
191625,honey bees
2081,department store
187290,mentally challenged
33899,rockumentary
18525,fbi agent
396,transporter
183185,red dress
208608,manure
167875,sombrero
165612,restaurant chain
1420,gas station
7270,backgammon
13158,gasoline
209164,property development
215681,marry
4172,nuremberg trials
177027,lady in waiting
204222,spongebob
12562,muhammad
190831,ineptitude
208399,first anniversary
163874,unwed pregnancy
190155,serial teen killer
208565,revolutrion
7401,graz
7938,heilsarmee
11624,mythological beast
3605,baseball bat
158372,military life
164346,praying
220234,island life
4677,patriarch
161240,sole survivor
161151,fiction
14627,film shoot
5950,christian
212015,stepbrother stepsister relationship
2772,diving suit
160406,dressing
7845,riesenmonster
4463,icon
11320,tenant
18103,code of honor
208498,youth center
205399,muscle car
235834,concert violinist
180479,telegraph
187265,management
974,bank
235133,religious institution
171067,intellectual property
200529,trying to escape
191071,cheat on wife
10397,royal air force
222318,coping mechanisms
4234,guild
157213,death of mother
207888,female bodybuilder
201911,agency
6463,cuddle rabbit
190915,belle
232176,вера
176802,rogue agent
185722,based on true events
193412,harlem renaissance
727,country music
186404,burning building
157141,vanity project
6126,banking
202959,constructs
225179,emotional
170154,social services
206087,crooks disguised as cops
6846,borderline personality disorder
199793,busker
54012,young man
7017,sexappeal
3030,nightmare
171459,rowing
227892,pikey
159141,sperm donor
214781,mr wong
164484,beadle
12187,extreme championship wrestling
202882,weird
157136,lynching
184656,wuxia
15094,mad
4995,aging
231576,comic meteor
179874,expressionism
33676,figaro
175048,kicked in the groin
219881,weeds
4747,war photographer
156507,rainstorm
8730,rausschmeißer
160938,private practice
167560,hair loss
15319,attraction
2136,television
33396,remake of french film
3289,villain
183413,blue footed booby
157791,self mutilation
233155,cryonics
231013,australian horror
190483,bowery boys
185653,wolf pack
2548,kleptomania
164044,alcoholic drink
200725,phenomenon
212739,struggle
161264,religious fanatic
163569,pistol whip
12572,experiment gone wrong
234469,south central los angeles
8643,jade
11105,swastika
15248,commando
5614,idol
155437,children on the run
175397,wrist slitting
168447,kerouac
178271,priestess
223304,u.s. naval academy
222855,dragonheart
178229,older brother younger sister
191088,overleven
195394,hidden civilization
235593,authorities
222767,thai military
177999,prussia
185638,egyptian
235344,long distance running
191414,troglodyte
165546,necktie
187477,ancient manuscript
9666,street race
178929,detroit michigan
213488,marital infidelity
14955,fighting
7996,blackjack
8158,rafting
2752,ranch
10867,biblical code
198058,소원
223044,prisoner abuse
231622,transoceanic
4174,little red riding hood
170592,woman crying
234902,p.a
6167,engagement
185343,based on myths or folklore
231816,tattoo on neck
208143,park bench
207914,murder of son
155037,democrat
200343,complications
156127,charles darwin
159362,black and white scene
18251,tire swing
184503,father-in-law daughter-in-law relationship
163491,human form
210726,ghost writer
185077,macao
208511,japanese school girls
238182,truck hijacking
189114,climbing a tree
238305,fear of contact
2623,headline
175629,alternative reality
193068,killer bees
228064,escapism
179515,shaky camera shot
187643,sabbath
4729,dublin
9535,bewusstlosigkeit
161817,monty python
374,smuggling of arms
12138,big mountain
237651,dreamland
192240,government employee
4196,resettlement
191328,bathysphere
156849,large knife
6664,make a match
157907,bald eagle
4663,lovers
11437,shot in the crotch
5546,hannover
5683,family business 
7952,rimini
6224,hobby
2907,scarab
1701,hero
208018,infanticide
209087,alternative rock
167696,healing
155352,kermit
158471,carrier pigeon
211276,camino de santiago
182147,underwater photography
3405,blow job
2007,saxophone
4252,black magic
10175,drug cartel
179450,black men
4089,hunger strike
154078,runway
1842,village life
219849,catfishing
223193,soccer player
186349,omaha nebraska
157210,framed for a crime
157933,atari
11243,black american
207443,dead end job
166686,climbing up a wall
159346,deceit
217089,mvm
175399,coughing blood
166675,sichuan earthquake
218567,memorization
4212,contact
208902,afghanistan veteran
211745,fishing pole
10183,independent film
187525,handcuffed to a bed
177201,evil child
180799,navigation
158773,female fighter
204204,identity theft
192914,clans
206681,docufiction
5418,supervisor
161992,kosher
14651,house warming
2132,literature
207417,richard rodgers
203136,information war
3255,door
171556,social outcast
167461,truth serum
208127,intruder
2960,cambodia
187056,woman director
210367,loneliness in space
233128,tentacles
5521,arkansas
193662,soldier on leave
189423,yugoslavian history
11068,oklahoma city bombing
1545,supermarket
156282,alternate reality
191179,scoundrel
208874,sea lion
10988,based on tv series
161652,french stereotype
238055,vitriol
578,rock and roll
2918,estate agent
8517,photo lab
170569,shoe salesman
191655,karma
220634,tapeworms
168386,child wish
9758,deception
207199,police department
172717,audio cassette
227632,poachers
221385,gnosticism
157314,psychological horror
156788,swat team
166808,reference to napoleon
215575,invincibles
189402,crime investigation
180469,beat cop
186523,lockdown
200957,degenerate
5824,video surveillance
190900,indian scout
185699,film studio
222343,sir lancelot
173974,manhole
1442,winter
197363,headwaiter
3186,everglades
8001,live-reportage
207840,poor people
167581,carriage
180754,film-essay
2229,neukölln
156156,rouge
159939,ghost hunter
231849,incheon
226739,brancaleone
172172,carver
156031,art theft
212473,man and woman in a bed
220335,cajoons
223448,fairies
158135,shriekers
192738,yale
235792,2nd century
3970,catapult
171238,pill bottle
177275,napalm
212898,vejez
6377,sheik
164899,disfigurement mask
4025,brittany
3752,night
157321,boundary violations
228320,acadia
165455,floating
195506,gags
8519,mohawk
5619,tape
238248,sammen
235586,pregnant boy
185311,truancy
254,france
186949,female gunfighter
211504,wildlife reserve
230500,disney movies
1776,stasi
11614,filmmaker
235793,successor
236267,visual impairment
213971,activism
582,san francisco
5503,civil engineer
210419,monster trucks
170487,essay
189408,flying ace
210187,puppies
210163,dire
199391,pimps
160134,the force
165508,americana
194288,transamerica pyramid
201073,subordination
2096,auction
11612,hospital
11062,impersonator
170630,repair shop
40958,russian immigrant 
206282,advocacy
10237,aerial combat
160901,parole officer
215128,maternity
4617,insurance fraud
156780,sunflower
171268,sorority party
3434,thailand
208273,sale
166930,narnia
193696,concentration camp survivor
10121,stop motion
158995,prison brawl
5689,slovakia
161167,persecution
207912,leon trotsky
530,prophecy
9824,reunion
44446,mail
2540,alp
197063,jurassic
180201,female rocker
191076,english pub
161837,foot race
179298,maya
157376,game of death
6074,spice
234834,missing man
213490,kumbh mela
1864,virtue
209180,victoria's secret
175998,havoc
5902,escort service
193067,beekeeping
10865,new world order
2346,worker
191626,colony collapse disorder
171582,sorority girl
3740,radio presenter
232495,race-conscious
11731,writing in blood
5532,boardwalk
204970,east end of london
187717,laundry room
2416,publicity
1388,cinema
10292,gore
168697,firework
190226,prefeitura
179305,airport lounge
224511,phineas and ferb
197349,children's story
1533,isolation
220076,young entrepreneur
236482,school student
6417,base
9826,murder
190068,released from prison
2628,site of pilgrimage
13025,milliionaire
9085,rolls royce
182711,dna testing
206751,pseudo documentary
236558,adulterous couple
231633,whale rider
15137,union
2217,rain
206183,ciircus
208339,mad family
5732,birthday party
1881,dutch
167604,kicked in the face
193015,ski lodge
10196,role playing
180492,caste system
188181,bushido
182402,poncho
13097,maid
208445,virginity
10403,green beret
235173,delusional
185281,news spoof
196149,incredible bongo band
12354,hong kong
232802,girl dog relationship
156294,rich kid
5438,keith richards
163545,healing power
199518,corrupt
176007,h bomb
156043,religious hypocrisy
4385,time hole
2816,street art
188204,pantyless
234375,prosthetic penis
158025,medical research
155645,auto mechanic
233685,animals in space
5304,nintendo
168220,opposites
169850,mischievous child
156828,fight to the death
195373,vastness
216735,ham
229219,sky diving
15134,election
186565,zombie apocalypse
191494,numbers
164225,television director
197472,roommate relationship
166451,warsaw uprising
2943,sex scandal
6135,pharmaceutical industry
172762,sin eater
5417,sierra leone
902,weather forecast
226180,swimming underwater
222951,running in water
160194,night vision
6464,uncle
6308,alimentation
14601,explosion
231791,madoff
168501,amphibious vehicle
167876,baseball field
225471,sand pit
238128,savagery
209902,evil dwarf
197880,believe
3664,research
208313,death personified
185254,bolivian army
208365,new guinea
10562,on the run
155354,kermit the frog
4431,jukebox
41415,reptile
177872,occult ritual
203999,bell maker
185408,supernatural horror
238145,chateau
186117,dj
155850,jazz artist
3873,sorcerer's apprentice
161187,pap smear
33965,christmas eve
190480,planet of women
234249,robots
219998,food additive
5955,boy's choir
175670,private airplane
224565,alternative healing center
6198,ladder
163933,next door neighbor
34004,second chance
162627,ticker tape parade
191310,virginia military institute
170444,wanted man
156935,omnibus
189748,soul transference
4704,eyeglasses
4191,defense mechanism
10322,native american
203399,shouwa period
2505,coronation
6332,new german wave
190624,killer child
192090,brain injury
169280,lobster
185795,lens flare
10050,fear of commitment
165287,firing squad
190970,calamity jane
224586,kashmir
14900,genocide
175314,character's point of view camera shot
187554,person running amok
33564,u.s. soldier
236176,steam
229813,the tall man
214466,islamabad
2226,exodus
33448,sandpaper
196917,armed robbery
5883,garotte
155482,rock opera
201019,fallout
220046,groundhog day
173825,animate tree
9089,import
169626,autonomous shadow
40956,recovering alcoholic
10811,mid air collision
10515,kick boxing
472,bathroom
217450,canadian movie
189475,indiana university
173131,strobe light
166491,crooked cop
18450,exploitation film
237784,homicidio
155876,reenactment
191199,criminal lawyer
205726,fear of unknown
157899,note
741,transplantation
170845,photo album
41525,high school teacher
208480,men in black
15359,dead woman
2353,pink bathrobe
174959,military dress uniform
14605,helicopter pilot
5490,girlfriend
174617,fishing boat
192828,parking
1534,attachment to nature
226515,head nodding
216776,dizziness
2174,maquiladora
202506,legal
47019,weaver
162079,garbage dumpster
163045,impregnation
210608,1990s
156271,cuban
5968,amazon
193278,deep south
3829,beginning
163212,water pollution
219892,donovan
15167,police detective
9140,namibia
171219,rape accusation
5524,cubicle
238273,loveless
225031,shootout on beach
190296,buffalo bill
224832,checkpoint charlie
234848,film gris
4902,surprise
33593,drawn
7330,glacier
185370,reference to angelina jolie
232084,hanged girl
196164,ghosts of the past
206962,tollywood
312,man vs machine
235475,foreign gang
236628,woman girl relationship
4803,comet
166927,symphony
155049,wedding dress
177054,large jewel
3692,scandal
215141,secret formula
182058,government corruption
14762,orangutan
6511,alone
196315,helping animals
1547,mexico city
1917,chocolaterie
6611,tahiti
228936,annabelle
9395,havanna
4497,universal exhibition
173911,tunnel construction
174378,greek history
201930,leisure
903,telecaster
209893,jungle girl
234955,criminal assault
987,overweight child
12355,sniper rifle
213475,wounded horse
226343,generation-x
183732,viral video
11734,police corruption
6351,chief executive officer
209681,beck
188938,telegraph office
170202,carrying someone
235116,honey3
158987,post war
155488,black cat
191141,uranus
159743,fourth of july
18008,divorced
220924,space invaders
200777,motion pictures
223259,psychological experiment
213882,robot girl
163138,notre dame cathedral
227693,stranded in the desert
165746,driving a car
156345,istanbul turkey
165142,ferris wheel
186947,pregnant girl
191345,poverty row
173251,forced prostitution
181557,anti war protest
11430,punched in the face
10169,snorricam
4561,lhasa
232865,active volcano
224876,past relationship
6535,puma
204132,messi
236363,butterfly collector
188274,b western
12545,mansion
2446,krakow
163099,police captain
228760,italian sex comedy
233353,birth control
208957,spors
7928,crack
219989,returned alive
9109,nest
156228,sequoia
170071,story telling
180505,buddhist temple
180405,stolen novel
171781,military academy
159550,pink panther
170548,kennedy assassination
887,film producer
238091,bookkeeper
191434,eccentric millionaire
5570,christmas tree
168700,dusty
232698,jeepney
169886,campfire story
201774,captured
2301,architect
222228,history of film
214388,american midwest
176422,reference to justin bieber
2245,massacre on french algerians 1961
3486,fashion journal
186064,true life character
8847,tempel
3513,safari
186080,jewish convert
209317,swiss family robinson
193554,power relations
228792,genetic scientist
185435,railroad station
230917,vikings
10519,freshman
840,usa president
33737,snake bite
195879,french foreign legion
11669,multiple time frames
208517,elitism
171288,lapsed catholic
1430,self sacrifice
231626,federale
6917,epic
40950,waiter
222667,re-release
217324,murder hunt
234162,search for child
232716,genital mutilation
1007,homesickness
12441,homesteaders
174476,eating brains
206650,french accent
13038,retro
234629,gymnastics instructor
208984,jesse stone
213484,landscape designer
170533,photocopier
187212,portrait painting
222248,genetic experiments
168416,gun fu
230674,gore movie
177512,dirty harry
206397,rainer werner fassbinder
14873,tenement
208998,shopping spree
172248,formalin
3016,security camera
33515,drugged
212436,anubis
168486,expectant grandmother
189443,new wave
11616,vhs
14733,texan
175316,unconsciousness
157171,nonlinear timeline
5369,guard
158940,newspaper office
184987,repressed memory
168472,bedtime story
5374,poster
10156,ichi
204102,gargoyle
234796,holomodor
177185,videotape
6024,scuplture
208930,radio dj
3058,underage soldier
2954,manipulation of the media
226616,falsification
237418,imminent execution
11168,private investigator
6921,jogging
159834,newspaper stand
9993,skating
11412,female prisoner
11211,jewish american
204182,polar flip
167564,comb over
10842,good vs evil
225136,bio terrorism
2232,move
198673,unemployed
187274,dishwasher
162085,loss of friend
33635,pelican
14648,parent
5785,model student
184274,knife murder
8798,conversion
212508,black gloves
213899,bay area
14785,underwater
18712,based on graphic novel
181123,stunt driver
35554,movie starshrine
197129,the odyssey
5308,aftermath
223521,dark romance
11038,trial
33346,promotion
157291,narcissism
180548,demigod
4599,king henry iv.
167081,body count
4562,rapper
177900,witch hunter
6331,blond
161156,libertine
7490,hicktown
234644,science teacher
6029,concert
206702,tough heroes
161893,cyclops
166478,python
179385,prostitute mother
206700,fighting crime
211104,bacterial warfare
4007,jack the ripper
196110,social drama
185331,faithfulness
203493,domineering
7612,große blutlache
197557,keith allen
4240,watergate scandal
227469,reference to lidl
157151,astrology
1376,assault rifle
219392,indian ocean
4459,vegetarian
236621,gullible woman
15184,woman
167843,ship captain
200286,wild
168186,havana cuba
8477,gewalt im film
177370,rule of law
221034,khumba
181632,pharmaceutical lab
236223,bare chested male
213493,sexual massage
217409,english professor
157218,female sniper
41005,foundling
155725,red sox
180467,light sensitivity
2283,ball
232990,revelry
183963,evil puppet
235530,fame-seeking
208992,1960s
193455,indigenous australians
160185,marauder
232871,splatter film
160292,religious conflict
34122,directed by star
208721,summer school
15079,record
160910,xenophobia
162425,saga
33530, hudson rive
5740,alliance
167580,kingpin
1721,fight
201676,swiss
6340,weatherman
155291,cowboy
165807,ranch hand
33694,family holiday
68820,videoconferencing
170434,letterman jacket
190945,urban area
162798,seaweed
229917,luftwaffe
157301,manchester united
9315,staubsauger
11141,debate
189151,medieval times
3080,gettysburg
6981,connecticut
184213,robocop
208411,bonnie parker
181488,diamond cutter
189964,high school rivalry
186939,pharaoh
2423,simulation
14657,bail
18193,swamp monster
236612,feathers
208277,family affairs
207031,stonehenge
186830,selkie
1749,taxi driver
159955,cavemen
10235,family relationships
189934,sexual disorder
5680,world peace
195539,pulitzer prize source
215015,hopelessness
4294,flea market
155071,pagan
6022,arts
206674,tights
4535,damascus
225946,white slave trade
906,job-hopping
6783,orphanage
41207,grave robber
174543,greenwich london
6706,performance
10666,road accident
222552,360 video
190355,eastern front
207746,moll
214518,iranian american
186685,queen of england
9730,crime boss
226380,haitian gang
199623,religious humour
219390,quatermass
214480,music critic
155219,son goku jr.
223343,joris ivens
160785,black eye
211170,motos
185008,elmer fudd
232700,business rivalry
7047,angler
214984,person in car trunk
231769,flashbacks
8728,couples therapy
175049,x rayed skeleton
156143,kitten
7246,barricade
222861,dune buggy
232988,mob justice
186783,government minister
33549,displacement
6490,shopping mall
8413,neurotische katze
211679,reel rock
1508,new mexico
214644,christmas holiday
5919,necrophilia
164920,opera singer
166486,wedding present
5265,spying
235639,born leader
171508,pancreas
10188,interracial marriage
165646,piano lesson
162536,man eating monster
10238,red baron
160929,treatment
229848,kew gardens
208371,corn plantation
233073,rag tag group
220086,jump the shark
202715,imperial
5091,kiss
202597,level
196172,food intoxication
156230,midwest
157258,british high society
176719,washing hands
222784,cole younger
1559,deputy sheriff
154786,old lady
235620,re-imagining
227656,school board
4474,ornithology
5822,executive case
184392,psychedelic
196717,shirtless men
208570,aristocracy
207298,whipped cream
10005,gremlin
6653,trumpet
158505,troubadour
222768,draft day
3136,plantation
238424,generosity
177770,american embassy
5599,epistaxis
33484,concert hall
229051,mongrel
163151,hepatitis
6635,hypochondriac
170161,learning
237644,unintentionally funny
188235,u.s. cavalry
173901,animated map
2562,press conference
222959,wiccan
166971,shrimp
206298,young adult
185009,human heart
1605,new love
160196,female judge
3097,picture puzzle
7617,drop-out
41241,bellhop  
154796,overbearing father
185633,vampire vs vampire
167238,gruuthuse museum bruges
212661,creepy doll
159280,bouldering
187327,pledge
7355,pharao
232235,brothers
108,transvestism
203800,persona
211254,sancho panza
234146,rediscovery
155817,estranged wife
176745,blind girl
164046,broken glass
228492,film within a film
6493,weimar republic
178901,dog pound
172266,backwards
54016,glue
215536,postpartum depression
208323,speech writer
198782,ellis island
14856,informer
184569,santa cruz california
207640,welsh
190007,mental hospital
4274,seer
10339,drive-in theatre
10538,palm springs
9392,orient
3571,crucifixion
1959,burn
202798,insecure
12532,african american
2669,motel
167772,game tester
180099,beatnicks
1252,suicide attempt
167284,cowboy costume
2822,woman martyr
203593,canine
171442,clothing store owner
158761,plaid
221309,multiverse
10349,survival
2024,wisconsin
238361,crime witness
154779,saw
5905,father
2451,gas chamber
228519,macau china
46961,strap
11953,loft
157145,atm
157490,dead cat
196793,slapping scene
15157,sketching
167982,unlikely friendship
3535,pipeline
161166,misogyny
195031,snow skiing
156075,evil
5812,bad boss
228666,male nanny
182325,office romance
207155,buster keaton
228038,the grudge
159558,skiing
6137,assurance
8635,high school sports
190149,trapped in building
156148,comedy duo
196377,sci-fi comedy
226167,hechos reales
211427,anus
33634,stork
156498,georgian
186463,holiday horror
165244,ballet school
235524,aerospace
208350,evil children
15091,flipping car
196321,doll factory
211052,farm hand
202735,help
172454,casual sex
170351,reality vs fantasy
7534,religious war
185684,iran hostage crisis
181217,dance crew
14737,economics
13069,african
211279,erotica
234630,cruise liner
9611,snogging
34141,devout
2779,flower shop
210224,henry ford family
8224,cannabis
234763,semi-prequel
163997,job seeking
185861,glitch
236189,future noir
168889,eating non food
15138,private club
188861,smell
9377,faust
225162,south american
233707,schnitzler
228035,kayako
220669,enduring friendship
236620,sideshow performers
715,chocolate
206384,desertion
206716,unfulfilled love
41249,secret service
10221,meteorite
194126,anti-capitalism
7080,petrol station robbery
173903,theatre audience
231021,saying goodbye
207065,research facility
210137,christian propaganda
172417,obituary
177658,rude waiter
3044,olympian sports team
197899,prison film
174599,swing dancing
7340,crooked lawyer
211302,feelbad
158279,hunt
223194,broken hill
9683,lieutenant
1963,expedition
232684,swim coach
3361,vagabund
4557,calumny
207813,brendan ocarrol
6955,parkour
188739,guyver
225827,world's fair
190999,minions
174468,rope bridge
164039,grandmother
206713,master and servant
215424,industrial spy
206364,anti authority
210947,lovelorn
214455,creole
226254,prison bus
238218,beehives
156198,iceman
180549,deforestation
168818,persian gulf
2976,heresy
41390,mustache
10825,lacrosse
2735,veterinarian
200685,jewish woman
173531,gender dysphoria
237850,asian lead
183817,stock exchange
162587,magnet
206690,mind and soul
10591,energy
33488,beast of burden
224854,epilogue
217474,intimidation by police
4210,panic
3643,stock price
158418,potted plant
229187,hair stylist
208635,traumatic experience
33785,drugs and addiction
171411,teen suicide
177224,speedy gonzales
161580,chess grandmaster
221818,holiday special
155446,police stakeout
192918,prehistoric man
212645,bangor-maine
200739,driveway
207767,erotic thriller
179583,pixie
2600,crisis line
2593,card trick
40934,tambourine
8975,ardennen
238825,concealed identity
186357,garrote
210529,pierrot
234897,battle wagon
4452,butcher
208070,highlands
231082,italian resistance
237236,heart of gold
187387,water balloon
14570,las vegas
8642,casanova
229375,seven little fortunes
220348,womb
182285,cow gives birth
171595,physically handicapped
187309,presidential debate
10814,wounded
10367,book of mormon
177056,queen of france
9963,kids and family
159369,male
9883,chevrolet
233618,bitch
226392,athletic girl
1318,blacksmith
228495,falsifying
191020,anecdotes
211521,heavy
190396,devil worship
220888,jesuit priest
204942,walnut ranching
208390,lgbt elderly
173416,tampon
3627,techno
157987,animal actor
1809,rio de janeiro
